file_path,file_name,market_code,stock_code,first_date,last_date,row_count,file_size_bytes,header,encoding,sha256
/Users/mic/Downloads/20250930/sh688136.csv,sh688136.csv,sh,688136,2020-12-14,2025-09-30,1166,116142,True,utf-8,1bbaca413fa601d0ad105c97994e50cf5341cae50c6359c5964e301aeb1a1aac
/Users/mic/Downloads/20250930/sh603105.csv,sh603105.csv,sh,603105,2018-07-09,2025-09-30,1758,163954,True,utf-8,b01771d74310e7e0d346f957f1fa2438e3d16c368f7aea310f3e6d0b12aad3eb
/Users/mic/Downloads/20250930/sz002353.csv,sz002353.csv,sz,002353,2010-02-05,2025-09-30,3683,367702,True,utf-8,78220699aca4b9f4782ce1b7713f21009959ceafa896416baea3bf813422fc86
/Users/mic/Downloads/20250930/sz000544.csv,sz000544.csv,sz,000544,1993-12-08,2025-09-30,7518,706645,True,utf-8,4172f1fb236a425d4300a8726fe93738070f27b911eb07c90d42783d11c10575
/Users/mic/Downloads/20250930/sh603663.csv,sh603663.csv,sh,603663,2016-08-01,2025-09-30,2229,216740,True,utf-8,1e3e43be8bf342fee8e450e922ad744f8d9cdd259825889eb774a88204a22f6e
/Users/mic/Downloads/20250930/sz000550.csv,sz000550.csv,sz,000550,1993-12-01,2025-09-30,7643,738796,True,utf-8,114c9c6bed73a89de10210c8fb3dfdfa246a4b7bd66a5a4a0136dd59d3c79156
/Users/mic/Downloads/20250930/sz001896.csv,sz001896.csv,sz,001896,1998-01-22,2025-09-30,6459,608930,True,utf-8,0efcd605209ace6e845e2b2995d7bd208ecb9490c9e259db2975c82048865e88
/Users/mic/Downloads/20250930/sh603677.csv,sh603677.csv,sh,603677,2017-02-06,2025-09-30,2102,204405,True,utf-8,18e0333e0584c8839b38ac4a16249f907e2a13849b5358eaacd46c18aa627739
/Users/mic/Downloads/20250930/sz002347.csv,sz002347.csv,sz,002347,2010-01-28,2025-09-30,3646,344559,True,utf-8,d7e4e2b4422fe92f64bfdc856888c1225cc92b191f0d9da36ba3ef508a1d1ceb
/Users/mic/Downloads/20250930/sz301190.csv,sz301190.csv,sz,301190,2021-12-24,2025-09-30,915,88748,True,utf-8,9e7651fd7206ec14f7b3f94fcd2f512657ac9348c697273fb52659abcd4d216c
/Users/mic/Downloads/20250930/sh600418.csv,sh600418.csv,sh,600418,2001-08-24,2025-09-30,5671,559056,True,utf-8,d2213b3ef90fe5f5c897fb73cd66e17bfbbe7eb3a9822d2463cfcacda52a00b9
/Users/mic/Downloads/20250930/sz002421.csv,sz002421.csv,sz,002421,2010-06-03,2025-09-30,3608,347427,True,utf-8,0915e18edbc29056aebeb25b3310b3215a4f61ab23deaa3fe5610239cea094b9
/Users/mic/Downloads/20250930/sh688122.csv,sh688122.csv,sh,688122,2019-07-22,2025-09-30,1506,149362,True,utf-8,c48c1b1ffa6230a38ec3ed1b283b24257e29a6fdfe609a5d202dd41bb7980ae7
/Users/mic/Downloads/20250930/sh603111.csv,sh603111.csv,sh,603111,2014-08-01,2025-09-30,2526,241676,True,utf-8,a592d6cacefb04bb298ab7227e487083d77c90c5a54cd7f906625699105b23b6
/Users/mic/Downloads/20250930/sz002409.csv,sz002409.csv,sz,002409,2010-05-25,2025-09-30,3428,333903,True,utf-8,f6ec0ebd36cc0f630571ed85251601bf5898d7c6682335ef3b45f9d368fa738b
/Users/mic/Downloads/20250930/sh603139.csv,sh603139.csv,sh,603139,2017-04-21,2025-09-30,2053,198394,True,utf-8,c1c4ce5b9cdab52b1305984a763140fc4496e644537ab82b200d91b3af710eab
/Users/mic/Downloads/20250930/sh603887.csv,sh603887.csv,sh,603887,2016-10-10,2025-09-30,2104,203533,True,utf-8,87fb43aa1a3ba1777377d478195f36e7b9583f49bc7c7099f556540965f1e715
/Users/mic/Downloads/20250930/sh600356.csv,sh600356.csv,sh,600356,2001-04-19,2025-09-30,5806,537014,True,utf-8,bf2ff51382ee44a1394000c852ca9056b9a6ac6556a59303627330d8427e73a3
/Users/mic/Downloads/20250930/sh688678.csv,sh688678.csv,sh,688678,2020-12-23,2025-09-30,1159,116630,True,utf-8,a24e6823f58cae35178c5e9b97977980c72224ffad2ccd65fcc3f7251d45a66c
/Users/mic/Downloads/20250930/sh603893.csv,sh603893.csv,sh,603893,2020-02-07,2025-09-30,1375,138488,True,utf-8,3ddd2cd6d41cdbfeb1c82c466bbccb901c823b1fcf5d034fb4594b603d2d1798
/Users/mic/Downloads/20250930/sh688693.csv,sh688693.csv,sh,688693,2023-08-18,2025-09-30,515,49965,True,utf-8,3b21124c82b3dcf3210eaaf08a15645261bf0cd766dda1428412808d0e6fa2fe
/Users/mic/Downloads/20250930/sh603878.csv,sh603878.csv,sh,603878,2016-12-19,2025-09-30,2136,201499,True,utf-8,9cd1849ecb7cb2ded593b7fe42668cffd864877a809c4af5b5ee3c4943ddfc68
/Users/mic/Downloads/20250930/sz002390.csv,sz002390.csv,sz,002390,2010-04-16,2025-09-30,3597,348444,True,utf-8,496e3ce01426929d9414de6ecb83518778f40d98d449505a924047c2a2bfb419
/Users/mic/Downloads/20250930/sz300259.csv,sz300259.csv,sz,300259,2011-08-31,2025-09-30,3398,324249,True,utf-8,b11e4acb983c37f53492fccb1f7d1b36d8f201f702509aa753ffa88bf27a5e9b
/Users/mic/Downloads/20250930/sz301153.csv,sz301153.csv,sz,301153,2022-05-18,2025-09-30,823,81032,True,utf-8,6279c601a46492dd3ac135ee5dabab9401a0bd1ee684264967805cd45466bd1c
/Users/mic/Downloads/20250930/sz002384.csv,sz002384.csv,sz,002384,2010-04-09,2025-09-30,3551,353388,True,utf-8,a948958874dbde434a4e41b6ba6be92ba8f27fdc6c5a2cf9e2b8ec243c522d4a
/Users/mic/Downloads/20250930/sh688687.csv,sh688687.csv,sh,688687,2021-02-08,2025-09-30,1127,110606,True,utf-8,6bb71bd35b029d89547fec8445d40bbcf63d0658f6680078a9267e8eda0e3a3f
/Users/mic/Downloads/20250930/sz000593.csv,sz000593.csv,sz,000593,1996-03-12,2025-09-30,6934,651541,True,utf-8,92d5aecbef6949be168ba5b82c9eb7ab790120728edbdec9206f82474cf0aab2
/Users/mic/Downloads/20250930/sz300503.csv,sz300503.csv,sz,300503,2016-03-09,2025-09-30,2323,228384,True,utf-8,ae63fd637550e93582d78caa050e20b2d3dfdad3e40de6d02b13ca3f81547044
/Users/mic/Downloads/20250930/sh600395.csv,sh600395.csv,sh,600395,2001-05-31,2025-09-30,5773,549713,True,utf-8,592446bed59178af975167b2dec4e0c40b1870a9932e90b564e4c2a35f339ee5
/Users/mic/Downloads/20250930/sz300265.csv,sz300265.csv,sz,300265,2011-09-16,2025-09-30,3280,313516,True,utf-8,689618ded25424fbf1b753dc790843c9584756dc155171f5da0ebfe6e971cd5a
/Users/mic/Downloads/20250930/sh603688.csv,sh603688.csv,sh,603688,2014-10-31,2025-09-30,2655,262783,True,utf-8,ce49afb74694ffffcbd5ca34efdacb32173d252241e0519650dc2de1e9804ff6
/Users/mic/Downloads/20250930/sh600381.csv,sh600381.csv,sh,600381,2001-05-08,2025-09-30,5378,517803,True,utf-8,22e95b9f7402dfcd50ccc960d3dc219d53765d53da494103d4035a79edaa2aa5
/Users/mic/Downloads/20250930/sz300271.csv,sz300271.csv,sz,300271,2011-10-26,2025-09-30,3188,311201,True,utf-8,85c0e400864cba59c1f4ea94e671e0c4c8eb6deddb22d17192a7b006394d0592
/Users/mic/Downloads/20250930/sz300517.csv,sz300517.csv,sz,300517,2016-07-19,2025-09-30,2238,214543,True,utf-8,599a7a305967d84d58f6366aedc0a726bb178fbfeb1574f2bd6d98a8b97821a3
/Users/mic/Downloads/20250930/sh601921.csv,sh601921.csv,sh,601921,2021-07-23,2025-09-30,1018,97034,True,utf-8,01d0d79a2ae12e8a55fdd20c0b045ca3b5d9cea340a8f807942c94fda14985ff
/Users/mic/Downloads/20250930/sz301609.csv,sz301609.csv,sz,301609,2025-07-23,2025-09-30,50,4911,True,utf-8,5b08000c1cbf9eda65dd714870fe16e3587a960dc754beef22ed4b9264cd19cf
/Users/mic/Downloads/20250930/sz301386.csv,sz301386.csv,sz,301386,2023-03-29,2025-09-30,611,59098,True,utf-8,24d3bd957897891a4a72edd1542d3ea67ad409435d2e5e4d60759b32c2b79e33
/Users/mic/Downloads/20250930/sh600168.csv,sh600168.csv,sh,600168,1998-04-27,2025-09-30,6382,614390,True,utf-8,9fabdce737cd5cb161ad5b1554edc85187de75b9c25318cacb981a1993277379
/Users/mic/Downloads/20250930/sz300098.csv,sz300098.csv,sz,300098,2010-07-28,2025-09-30,3471,337827,True,utf-8,1e13d64f33bc21e38a31d143aa4c4b213dbfbe354f6e77331aace5902c0862ad
/Users/mic/Downloads/20250930/sz002151.csv,sz002151.csv,sz,002151,2007-08-13,2025-09-30,4203,414610,True,utf-8,a8b7ded5e2e25c1beb6a8811d34cb8eee461fde654f29275dc334c06fde96b27
/Users/mic/Downloads/20250930/sz002637.csv,sz002637.csv,sz,002637,2011-11-25,2025-09-30,3287,321971,True,utf-8,62c51f6c15304860eb0d47ccdf678026bbc21fa266d1a4817ad5f1d88307485a
/Users/mic/Downloads/20250930/sz300926.csv,sz300926.csv,sz,300926,2021-01-07,2025-09-30,1149,111336,True,utf-8,83df6d260711ba3e894333d0ca2bcbeb7affb709c1767482836e6d94d228f66d
/Users/mic/Downloads/20250930/sz000020.csv,sz000020.csv,sz,000020,1992-04-28,2025-09-30,7603,740688,True,utf-8,aa9b3e3f209c025cc5c29330f6cabc8700df1fc55a17065f78ac2157d5a4525b
/Users/mic/Downloads/20250930/sh603307.csv,sh603307.csv,sh,603307,2023-02-16,2025-09-30,640,61271,True,utf-8,995e10e5db26e3af61117346069c69988a56276d6f9bf1e142cd03d2c1923e24
/Users/mic/Downloads/20250930/sh688334.csv,sh688334.csv,sh,688334,2023-06-19,2025-09-30,557,54374,True,utf-8,5cda4ac973b7f740023fce4147785610c17f1e947504ec3afce90c648549d0fe
/Users/mic/Downloads/20250930/sz000034.csv,sz000034.csv,sz,000034,1994-05-09,2025-09-30,6863,652283,True,utf-8,03962ff910a65daea300eb3aae6681999c6ce83a013f4bf18506b2db7a33907f
/Users/mic/Downloads/20250930/sh603313.csv,sh603313.csv,sh,603313,2016-10-13,2025-09-30,2183,211573,True,utf-8,5b6b9cb129d1dfd854553c33a09793b30b383587f3a2a9764fd6667b23888372
/Users/mic/Downloads/20250930/sh688320.csv,sh688320.csv,sh,688320,2022-04-28,2025-09-30,834,83244,True,utf-8,d608c4d6ca3aa8327f381de389ec8199eb07bfc32fd6283bb32f473373751180
/Users/mic/Downloads/20250930/sz002623.csv,sz002623.csv,sz,002623,2011-10-13,2025-09-30,3377,326911,True,utf-8,2082228b34ee1116f07f2d9d15b6dd0e411378c3471cae152f4c6ed292d3a549
/Users/mic/Downloads/20250930/sz300932.csv,sz300932.csv,sz,300932,2021-01-22,2025-09-30,1138,109208,True,utf-8,17477c9701c7a97494fa59ea155c5080e3610af7fd216c93d8e5a7e98db61f24
/Users/mic/Downloads/20250930/sz301392.csv,sz301392.csv,sz,301392,2024-06-05,2025-09-30,325,32038,True,utf-8,3f706e0fdd75c673fa92ad067b208c971d67ea1cdc11b68264f6bcf58f8b8424
/Users/mic/Downloads/20250930/sz002145.csv,sz002145.csv,sz,002145,2007-08-03,2025-09-30,4022,387400,True,utf-8,4a9a4bbbba5b6a5736c22ae8a93aaa93cca5c2d4344b7b065e213c32693866cc
/Users/mic/Downloads/20250930/sz000752.csv,sz000752.csv,sz,000752,1997-06-25,2025-09-30,6699,636222,True,utf-8,72325de2f41ac0b9126f6979ef0709ff6c2d94e1dee342a186f3e1820a686a2a
/Users/mic/Downloads/20250930/sh688308.csv,sh688308.csv,sh,688308,2020-12-10,2025-09-30,1168,114763,True,utf-8,2c0c6aabcf3f61705027e20e6158fee36d5cafbb64b0a900268ccfcc9792ad4f
/Users/mic/Downloads/20250930/sh600626.csv,sh600626.csv,sh,600626,1993-01-07,2025-09-30,7824,740099,True,utf-8,7a25d74e88a3ab2e6c87147bc3342336019d95b45b814e75f34922116096564f
/Users/mic/Downloads/20250930/sz000008.csv,sz000008.csv,sz,000008,1992-05-07,2025-09-30,7736,725572,True,utf-8,da15b6dd571456a6d6d3ea2294c158333d515a67f62688106801ed0c7c2775e6
/Users/mic/Downloads/20250930/sz001316.csv,sz001316.csv,sz,001316,2022-06-24,2025-09-30,797,74555,True,utf-8,75893e775cdeb543c8655a8fa1143d3312fa354e647534e18e1cc81a056714d2
/Users/mic/Downloads/20250930/bj873806.csv,bj873806.csv,bj,873806,2024-01-11,2025-09-30,418,40396,True,utf-8,dbb3c55a9fe7ad47ff1a850699c46c306b923a6d1f33be51267b0e2421956bd6
/Users/mic/Downloads/20250930/sz002179.csv,sz002179.csv,sz,002179,2007-11-01,2025-09-30,4339,425363,True,utf-8,456371888b9312a6c60d279f242f26de17194c64cdb291146061a2a3f8229d84
/Users/mic/Downloads/20250930/sz002192.csv,sz002192.csv,sz,002192,2007-12-05,2025-09-30,4196,415276,True,utf-8,e323a8b085193f8e10d29067a8c47380dd16b1fc5f98809c0001a50e5ebba1b5
/Users/mic/Downloads/20250930/sz301345.csv,sz301345.csv,sz,301345,2023-03-21,2025-09-30,617,60018,True,utf-8,62f0318d67e119ee6e52b4fbedd2fa0cbfdfadd28db2da00bb5dd3b2bd7c5e07
/Users/mic/Downloads/20250930/sz000785.csv,sz000785.csv,sz,000785,1997-07-11,2025-09-30,6596,622201,True,utf-8,fdcb7ff5669b4b5b37ec6a4d4f1afea812621b998a249077629b15b5cee7efc5
/Users/mic/Downloads/20250930/sh600815.csv,sh600815.csv,sh,600815,1994-01-28,2025-09-30,7615,725251,True,utf-8,62866fbcb5db6623c316e5ad72894f34a9065a7664faef4460ee88e7aaadd952
/Users/mic/Downloads/20250930/sz002838.csv,sz002838.csv,sz,002838,2017-01-06,2025-09-30,2098,207335,True,utf-8,0f1f77b24a4be174f2b9c7559009d1fe84ba58c3fdcb0a241d94aa101c2e2d47
/Users/mic/Downloads/20250930/sh600801.csv,sh600801.csv,sh,600801,1994-01-03,2025-09-30,7637,724154,True,utf-8,de85ccb7fbfe9fe9ac371bb38c551fe4ac599cc9b1f74de24461557d653bbaf7
/Users/mic/Downloads/20250930/sz300729.csv,sz300729.csv,sz,300729,2017-12-01,2025-09-30,1903,186241,True,utf-8,eeb7ac0e2a505ad4dfb9e24b9c93bc2b82e207adb129346286dcbb9b47acf8a7
/Users/mic/Downloads/20250930/sz000791.csv,sz000791.csv,sz,000791,1997-10-14,2025-09-30,6647,632487,True,utf-8,6a16621622255fac902d6e79dc7d66d3900dca10bbd21b06dc904acd1e3d4895
/Users/mic/Downloads/20250930/sh688485.csv,sh688485.csv,sh,688485,2023-01-18,2025-09-30,656,63318,True,utf-8,c13b84374602d8d9b37eca7431bce9eaba1c23fd9017cbc326cd4425cfa2aa4b
/Users/mic/Downloads/20250930/sz000949.csv,sz000949.csv,sz,000949,1999-10-21,2025-09-30,6191,586339,True,utf-8,7c6fccedf7b5b34fe8eb2c41c1220a085daf3a0721213a702e62222bdcfe8f46
/Users/mic/Downloads/20250930/sz002186.csv,sz002186.csv,sz,002186,2007-11-20,2025-09-30,4311,420170,True,utf-8,059b974ab1b0eaf5a92e8fa934e4ead39014ddd60d2ef90ee57ab49ac7033eaf
/Users/mic/Downloads/20250930/sz300067.csv,sz300067.csv,sz,300067,2010-04-21,2025-09-30,3657,348186,True,utf-8,9dec1bf3f763e059e3f357e0ce0d0b33429d4c2ee924a58e72a5272649f29ff9
/Users/mic/Downloads/20250930/sh600197.csv,sh600197.csv,sh,600197,1999-09-16,2025-09-30,6261,597784,True,utf-8,64f92bb47e70ddd629dd88b76f59c6ab7d1c710235b8329956fe557f3fe6262f
/Users/mic/Downloads/20250930/sz301379.csv,sz301379.csv,sz,301379,2022-11-01,2025-09-30,711,70113,True,utf-8,030bcce4308b1c8266ad7101895b0f15f4fd270a492b1d9b119d2a3b898398e1
/Users/mic/Downloads/20250930/sz002810.csv,sz002810.csv,sz,002810,2016-08-26,2025-09-30,2210,214678,True,utf-8,caf15e015fb36885c228de7228be112edb0c55685dc3c4b916850162e5cc990e
/Users/mic/Downloads/20250930/bj836433.csv,bj836433.csv,bj,836433,2018-03-27,2025-09-30,1331,127886,True,utf-8,397dc320233d0021318d271f10a0454619466f3633eaf94d1f0a9008393992ef
/Users/mic/Downloads/20250930/sh600829.csv,sh600829.csv,sh,600829,1994-02-24,2025-09-30,7418,697836,True,utf-8,e1b7e490b2e41837a9bf4b3f9c272fcae3b6f136301a2c9017246756acdee1d6
/Users/mic/Downloads/20250930/sz300701.csv,sz300701.csv,sz,300701,2017-09-15,2025-09-30,1953,184726,True,utf-8,cca413f23f1c680500bd436a7fc5198d9260d550602a9d9c6585a87ebd905315
/Users/mic/Downloads/20250930/sz300715.csv,sz300715.csv,sz,300715,2017-10-26,2025-09-30,1923,185567,True,utf-8,a39af54a950b074a63a4cdaa729fcdfb679e8051dd5378040f85617189d6aecc
/Users/mic/Downloads/20250930/sz300073.csv,sz300073.csv,sz,300073,2010-04-27,2025-09-30,3630,357729,True,utf-8,a304680aed0bb59f0506b57dc794e98e90e54f2e6b473353949c3c528b954ca0
/Users/mic/Downloads/20250930/sh600183.csv,sh600183.csv,sh,600183,1998-10-28,2025-09-30,6443,626107,True,utf-8,18dd521c5ebac49dd3b7b734fee5f6742cff4b4c174f1e6cf17eaaec2c5f7202
/Users/mic/Downloads/20250930/sz000975.csv,sz000975.csv,sz,000975,2000-06-08,2025-09-30,5625,535801,True,utf-8,ee835f20ae968378fdb3b4682f34397e3660b16df80421fe909f4b70a06293b7
/Users/mic/Downloads/20250930/sz000632.csv,sz000632.csv,sz,000632,1996-11-21,2025-09-30,6923,652994,True,utf-8,52a6beba7df23d9195eb88c9361ce48cf65aabed885e311449fbfcc09a8d771a
/Users/mic/Downloads/20250930/sh603515.csv,sh603515.csv,sh,603515,2016-08-19,2025-09-30,2215,220904,True,utf-8,4409d01a50fcc4f6bfc4f0e71a497e742389a8885e7d0973dec66f40df838033
/Users/mic/Downloads/20250930/sh688526.csv,sh688526.csv,sh,688526,2020-09-22,2025-09-30,1219,119866,True,utf-8,2a14c7fd6971733cfe128252da00cb4400ef0563cb8c2f4b6a6adaa84abd3a49
/Users/mic/Downloads/20250930/sz002025.csv,sz002025.csv,sz,002025,2004-07-26,2025-09-30,4910,475738,True,utf-8,578a605b18217148bf3308266d41b2ed3c3773ba40ee96430eb56fbe6dc5f6e5
/Users/mic/Downloads/20250930/sz300852.csv,sz300852.csv,sz,300852,2020-07-13,2025-09-30,1270,123464,True,utf-8,d4796e9aadde889bdae00285a8fc02e3fd1e927e8cc74054522f5fe134da92d3
/Users/mic/Downloads/20250930/sz002743.csv,sz002743.csv,sz,002743,2015-02-17,2025-09-30,2551,254606,True,utf-8,65ef32a03697d4cfcc59302827415343baba4bcc98dc4a5e5d4446314573e277
/Users/mic/Downloads/20250930/sh603273.csv,sh603273.csv,sh,603273,2023-10-23,2025-09-30,475,46193,True,utf-8,2a4e39dc7d44c828fb72c028fcb8fbe69cd442b88bccdfda57a90f074f0dc09f
/Users/mic/Downloads/20250930/sh603267.csv,sh603267.csv,sh,603267,2019-05-15,2025-09-30,1553,155838,True,utf-8,ab31b2bbe045524e31f78e2b3e6ec90be87e429f041c79e2bfdc7f96f80a9c97
/Users/mic/Downloads/20250930/sz300846.csv,sz300846.csv,sz,300846,2020-07-01,2025-09-30,1278,123685,True,utf-8,8cb4bbcfd35a42a35ba2659ffb4e24d717b96d5a83129a5f4b9371b8bafacab0
/Users/mic/Downloads/20250930/sz301580.csv,sz301580.csv,sz,301580,2024-06-26,2025-09-30,311,30116,True,utf-8,2e620586e338b836e6ab3a5489dbfd825a67e88e4cbc040e2b6ad5ffe1332441
/Users/mic/Downloads/20250930/sz002757.csv,sz002757.csv,sz,002757,2015-05-27,2025-09-30,2430,238475,True,utf-8,64b759621c3cad027fc83f49e6bee5dd13eaada2d91e7c36a33bdfb4649d9866
/Users/mic/Downloads/20250930/sz002031.csv,sz002031.csv,sz,002031,2004-08-16,2025-09-30,5037,490429,True,utf-8,033ebefc275a750dd00cf282b8975125334381ebe118f2f8d6632ee7a97c01e8
/Users/mic/Downloads/20250930/sh600008.csv,sh600008.csv,sh,600008,2000-04-27,2025-09-30,6073,578040,True,utf-8,5a6dd22a750bbeb0e40c2ad789e92eea9f7651fc9f80130d7b9ba3c92cd1e99d
/Users/mic/Downloads/20250930/sz000626.csv,sz000626.csv,sz,000626,1996-11-28,2025-09-30,6735,637607,True,utf-8,c6392f584f851828a9fdd316c763efb5686a31e586d060095b5cebe737643bbc
/Users/mic/Downloads/20250930/sh603501.csv,sh603501.csv,sh,603501,2017-05-04,2025-09-30,1876,192780,True,utf-8,96dab307657295d312bbaa5ed9354c75e99ee8dadf2c8b20fa3bff0d7a70d623
/Users/mic/Downloads/20250930/sz002019.csv,sz002019.csv,sz,002019,2004-07-13,2025-09-30,4999,488106,True,utf-8,b7a2c2f2b70a47bc6f5f5f2e037523b95b00ca9e2f4cf8d491c08953789682a7
/Users/mic/Downloads/20250930/sh600020.csv,sh600020.csv,sh,600020,2003-08-08,2025-09-30,5300,510495,True,utf-8,a815fcc1d4bb1b2a0dbe073b54d670888d2e9a162386e6378900b7dfe9ddc901
/Users/mic/Downloads/20250930/sh603529.csv,sh603529.csv,sh,603529,2021-06-15,2025-09-30,1046,103614,True,utf-8,26f3a22860149c8d76e7dc140535b7e9c1573f1ad503645dede2c3801e96d95c
/Users/mic/Downloads/20250930/sh605158.csv,sh605158.csv,sh,605158,2020-08-05,2025-09-30,1253,118200,True,utf-8,3e1f52104843f908638d316961dfecdb3cbb5dbf01e65e82c69f98062c998d27
/Users/mic/Downloads/20250930/sh600746.csv,sh600746.csv,sh,600746,1996-09-18,2025-09-30,6890,654246,True,utf-8,bbf35eb30ca9d52891792cd57f7f45192937aed91ae6bec49f257b6975345a7a
/Users/mic/Downloads/20250930/sh688268.csv,sh688268.csv,sh,688268,2019-12-26,2025-09-30,1399,139756,True,utf-8,d78c8178b215b3d7704e5306f6f17f71ef0e9e0db132490809dda9325e82b26e
/Users/mic/Downloads/20250930/sz301231.csv,sz301231.csv,sz,301231,2022-09-08,2025-09-30,743,71948,True,utf-8,19d9552d6d8f32d201d713ec482d6787d963f17ebb4536b2a7418714e07760bf
/Users/mic/Downloads/20250930/sz000829.csv,sz000829.csv,sz,000829,1997-12-02,2025-09-30,6297,610377,True,utf-8,00259b6ac5ec6c3b9989ecb9c7b21c56125a8b742649fe263960f12302f20f7b
/Users/mic/Downloads/20250930/sz001289.csv,sz001289.csv,sz,001289,2022-01-24,2025-09-30,895,88620,True,utf-8,0cfe2eef07b96d9aa289446ca7827b62a52a5ccd669285dd907a3e580d39039d
/Users/mic/Downloads/20250930/sh688283.csv,sh688283.csv,sh,688283,2022-02-15,2025-09-30,884,86031,True,utf-8,7966e067fc58695c0a9b47d6cbb4a8df7c24972bf45b10e6cd849164f87bad48
/Users/mic/Downloads/20250930/sz300649.csv,sz300649.csv,sz,300649,2017-05-05,2025-09-30,2041,192858,True,utf-8,84a3f02a30e79fa7f8cb56176b31da13eab55031788d0066e03eca2e25349352
/Users/mic/Downloads/20250930/sz002780.csv,sz002780.csv,sz,002780,2015-12-09,2025-09-30,2377,233542,True,utf-8,236f59cc74033c8b5c503999c208926752168899a89bc15bf947cf66f10c76c5
/Users/mic/Downloads/20250930/sh600961.csv,sh600961.csv,sh,600961,2004-08-30,2025-09-30,5038,483175,True,utf-8,82f86e6c00e809af97b21f0cc053f7cf036f82c517dda2fedaf4434fc139cf34
/Users/mic/Downloads/20250930/sz300891.csv,sz300891.csv,sz,300891,2020-09-17,2025-09-30,1222,117588,True,utf-8,a5d88ef882ca63db7c02a65853976a87b5753ee20e21731533d0a31d4673c8aa
/Users/mic/Downloads/20250930/sz301557.csv,sz301557.csv,sz,301557,2025-03-04,2025-09-30,146,14081,True,utf-8,fce6dfd92e440bf78c373fdccf4359138ca380ce7bffe5a6f0f64d28d363d13e
/Users/mic/Downloads/20250930/sz002958.csv,sz002958.csv,sz,002958,2019-03-26,2025-09-30,1585,153647,True,utf-8,95824805378e0ce71ad318271dbd7462ad24d19ae133c27e9e0e6906bf016322
/Users/mic/Downloads/20250930/sh600975.csv,sh600975.csv,sh,600975,2004-06-09,2025-09-30,5018,484383,True,utf-8,4196c856aa721edda4de1b1ae54ed28ccd1922b48d8dc746b4d4fd624bc47969
/Users/mic/Downloads/20250930/sz300885.csv,sz300885.csv,sz,300885,2020-09-10,2025-09-30,1227,115792,True,utf-8,ec1639d94caa510392cf1100c403b86f2639e3661e6278eee4f83e0ae97f8208
/Users/mic/Downloads/20250930/sh688297.csv,sh688297.csv,sh,688297,2022-06-29,2025-09-30,794,78599,True,utf-8,7587c6ef2091dd29878dee6e2d2695e602b85e28cb0106c30e9298c502f11eab
/Users/mic/Downloads/20250930/sz301225.csv,sz301225.csv,sz,301225,2023-06-16,2025-09-30,558,55010,True,utf-8,436dabe8cba0e76075ab28ed21c23b5dcb64c89f70017904e371e99b2a262708
/Users/mic/Downloads/20250930/sz000815.csv,sz000815.csv,sz,000815,1998-06-09,2025-09-30,6178,585854,True,utf-8,9d04ce69d40f53539548ce828c1fe9630c4dc957b829bc0e0725916e5d19b81b
/Users/mic/Downloads/20250930/bj836221.csv,bj836221.csv,bj,836221,2023-06-08,2025-09-30,564,53895,True,utf-8,aa846ddebed3b0bbf8b045a8d71e0f45354f4b791ce90e81bd38ea0418751d93
/Users/mic/Downloads/20250930/sz300113.csv,sz300113.csv,sz,300113,2010-08-27,2025-09-30,3522,349263,True,utf-8,c5aa52c9009b0092889b3d83fd6afc7f3dd7197089c7cfeeb093293b7fded30c
/Users/mic/Downloads/20250930/sz300675.csv,sz300675.csv,sz,300675,2017-07-19,2025-09-30,1995,195491,True,utf-8,2ae679686fa3295bfc0a3193e12f512ea921671a4a5c6b00d66d33e4de895315
/Users/mic/Downloads/20250930/sh600785.csv,sh600785.csv,sh,600785,1997-01-08,2025-09-30,6749,645651,True,utf-8,9616dec12dd9afd2c842ccd9fb87ff626c99c269b40cc184c0e8ecaac155f9f9
/Users/mic/Downloads/20250930/bj836547.csv,bj836547.csv,bj,836547,2023-12-12,2025-09-30,439,42245,True,utf-8,35335b5f7332e83368229efdd45c2bb87a1198360fc692b476d5be984d9b3be9
/Users/mic/Downloads/20250930/sh603298.csv,sh603298.csv,sh,603298,2016-12-27,2025-09-30,2130,209197,True,utf-8,12d5092b1f6ae9fd16a00d310e2f8f184a602d105a6c8ed44e85e03e68431f50
/Users/mic/Downloads/20250930/bj832735.csv,bj832735.csv,bj,832735,2015-07-14,2025-09-30,1868,175202,True,utf-8,e5735d4871d5ddddc51f2c320e59b6b577c617932747a75a01dcbf11b22208c0
/Users/mic/Downloads/20250930/sz300661.csv,sz300661.csv,sz,300661,2017-06-06,2025-09-30,2016,201144,True,utf-8,dbaf71e388de267efe0b645539261721b05463f7a2c133c0da18ab24be35b479
/Users/mic/Downloads/20250930/sh600791.csv,sh600791.csv,sh,600791,1997-01-30,2025-09-30,6855,642554,True,utf-8,a08803b48e05d29138bf23421c5db2d824bd4716579caae4981332e3732a027e
/Users/mic/Downloads/20250930/sz002970.csv,sz002970.csv,sz,002970,2019-12-17,2025-09-30,1406,138216,True,utf-8,54c770d30aaddc157438ae7a7b6b6150ca833ffc5e489a37e8785506a8c3c02a
/Users/mic/Downloads/20250930/sz301219.csv,sz301219.csv,sz,301219,2022-03-17,2025-09-30,862,84910,True,utf-8,ce711135295ce25d05387ec69ac53c83e15e2c550ec823b7a83059a1a065cf12
/Users/mic/Downloads/20250930/sz300107.csv,sz300107.csv,sz,300107,2010-08-20,2025-09-30,3666,347225,True,utf-8,aa77fcdc904f062d3e881b62aad5d55ef564abff025dbf4c3d0ab408cd55aa7b
/Users/mic/Downloads/20250930/sz000801.csv,sz000801.csv,sz,000801,1998-05-06,2025-09-30,6507,617615,True,utf-8,7b8b65fdc3c9928ca603f32297f00c51acfd6b69bc89a0d31432b9a9302b99a5
/Users/mic/Downloads/20250930/sh603071.csv,sh603071.csv,sh,603071,2021-12-16,2025-09-30,921,90833,True,utf-8,b7bef66ee10b6e3aa0c223afa98a7d695280f33a15c1227f119c56b7b61c7339
/Users/mic/Downloads/20250930/sz002541.csv,sz002541.csv,sz,002541,2011-01-18,2025-09-30,3560,343468,True,utf-8,34637d442aa9d7b9314051ef6f71c04929161e74f8437d19436b6486d1492908
/Users/mic/Downloads/20250930/sh601666.csv,sh601666.csv,sh,601666,2006-11-23,2025-09-30,4573,445088,True,utf-8,49e4f394a07d3db2303cb21e629b78bc938b61defea5733ba26c8b6cd6e76c7b
/Users/mic/Downloads/20250930/sz300488.csv,sz300488.csv,sz,300488,2015-07-01,2025-09-30,2355,229624,True,utf-8,0f6f0d27897d6a773d40178f04bda24d7c27e71308dcd41a80be3cef139b9bc6
/Users/mic/Downloads/20250930/sh600578.csv,sh600578.csv,sh,600578,2002-05-10,2025-09-30,5488,515998,True,utf-8,8e1a3d58ca9b2339744b7fc9fa4f347e10f1038cebca24c243ad6862fbd72a9b
/Users/mic/Downloads/20250930/sh601100.csv,sh601100.csv,sh,601100,2011-10-28,2025-09-30,3345,327495,True,utf-8,f5ca732f70d9af144679efbc0cee2fa43d2e5d21f21c7d80e32885b3a3eaf9ae
/Users/mic/Downloads/20250930/sz002227.csv,sz002227.csv,sz,002227,2008-05-06,2025-09-30,4198,410266,True,utf-8,9f73fd027cd5caafc8ccad241ea2680532fe5f7471aa69b0520111b8b31b7ea6
/Users/mic/Downloads/20250930/sh605366.csv,sh605366.csv,sh,605366,2020-08-12,2025-09-30,1248,118766,True,utf-8,6c3c71001a109fca567ae0c4ff7b2f9c87fddab8f5c8dce49b22eabd8310c0a1
/Users/mic/Downloads/20250930/sh603717.csv,sh603717.csv,sh,603717,2017-03-27,2025-09-30,2072,197840,True,utf-8,2aeccf29542d7df397fb441293d65d3526a98829bf26e7ba3c2511eada3c2a06
/Users/mic/Downloads/20250930/sz000430.csv,sz000430.csv,sz,000430,1996-08-29,2025-09-30,6761,639138,True,utf-8,b5b2f41498a394457b57e143b52ea6bcfecf26e5eaca8057a87515dadeff21fd
/Users/mic/Downloads/20250930/sh603703.csv,sh603703.csv,sh,603703,2015-04-23,2025-09-30,2452,237374,True,utf-8,28bf68225e550b16a5d51c75bac6fcdbcf4bbf016cf8243133eb586c02f264f7
/Users/mic/Downloads/20250930/sz002233.csv,sz002233.csv,sz,002233,2008-05-16,2025-09-30,4170,402318,True,utf-8,a9b8a650e01fe5d0492844e121a1f6ba0cbb6c6d8741a97fc15454ffbd412446
/Users/mic/Downloads/20250930/sz002555.csv,sz002555.csv,sz,002555,2011-03-02,2025-09-30,3262,321298,True,utf-8,381ab9db5720bd128e5bda27325236810463be5179281347628fbc24bba21cb9
/Users/mic/Downloads/20250930/sh603065.csv,sh603065.csv,sh,603065,2023-03-21,2025-09-30,617,58941,True,utf-8,8e405bfb07cc54063e0741e6a7fa75c9f71ca018e7d37e5975d4b72cb406ede1
/Users/mic/Downloads/20250930/sh688056.csv,sh688056.csv,sh,688056,2020-09-02,2025-09-30,1233,119709,True,utf-8,c3e8054be644e8e0098756eef7b1f8e328c509f831684af08a12056820877d61
/Users/mic/Downloads/20250930/sh601882.csv,sh601882.csv,sh,601882,2016-11-07,2025-09-30,2163,210686,True,utf-8,19b027da7643637946913c877eb6109a1b0940885e7c92b200115ceebcfd14e2
/Users/mic/Downloads/20250930/sh688718.csv,sh688718.csv,sh,688718,2021-07-28,2025-09-30,1015,97861,True,utf-8,edd3a4bd57d7ad229c726da2deafbe01bb9d6fcc1bc988e334eaab18e5fe83c7
/Users/mic/Downloads/20250930/sh600222.csv,sh600222.csv,sh,600222,1999-11-05,2025-09-30,6131,575540,True,utf-8,a1bef8f46277e78f1cc265a058ace2f7eb9bb2f8051a5b21c1547de48e72bc13
/Users/mic/Downloads/20250930/sh600236.csv,sh600236.csv,sh,600236,2000-03-23,2025-09-30,5997,573958,True,utf-8,04fb027ab07bc984703bc6f9fed04d800029bb25acfe2f6f84146fcf934c3530
/Users/mic/Downloads/20250930/sh601128.csv,sh601128.csv,sh,601128,2016-09-30,2025-09-30,2187,212840,True,utf-8,2a6c855d43ec1dbbaf4f78c09dd5d87e1c5881b364a8b201f91f557c0cbd0fe7
/Users/mic/Downloads/20250930/sh603059.csv,sh603059.csv,sh,603059,2018-03-02,2025-09-30,1844,169545,True,utf-8,549af103032b266e80b7f5b9a5b8dcadd4866b0c8a074b1ae0a9d6d161c9b870
/Users/mic/Downloads/20250930/bj920682.csv,bj920682.csv,bj,920682,2015-12-15,2025-09-30,1660,153026,True,utf-8,3e34ad9f473eadbb2edd95ff914d3c2891edb2b6ff29a7c4bf482a6a0925048b
/Users/mic/Downloads/20250930/sz002569.csv,sz002569.csv,sz,002569,2011-04-12,2025-09-30,2979,281711,True,utf-8,441dc4f19eb14059336bea84086f02a1a597c66be5ea43c7459d8ab09245a9ca
/Users/mic/Downloads/20250930/sh600550.csv,sh600550.csv,sh,600550,2001-02-28,2025-09-30,5798,556861,True,utf-8,a738d0c57292bc81da7c9be9fe0d3512d90dfd361a7f436c3b0cecb8323b0c39
/Users/mic/Downloads/20250930/sz002582.csv,sz002582.csv,sz,002582,2011-05-20,2025-09-30,3358,319567,True,utf-8,18a72ba89ff2eac4fdb18beed44009161d29e1075f3823465be3e1a28d72b35e
/Users/mic/Downloads/20250930/sh688081.csv,sh688081.csv,sh,688081,2020-01-06,2025-09-30,1393,135379,True,utf-8,029116b2e28757febec35894855d55d258aa34c9c6b8b0de1c40ad7d9ce5a195
/Users/mic/Downloads/20250930/sz301033.csv,sz301033.csv,sz,301033,2021-07-26,2025-09-30,1007,98431,True,utf-8,d73232e35ac565658e42942a2a4fa4045740f2395764094f09620efceb28383c
/Users/mic/Downloads/20250930/sz300339.csv,sz300339.csv,sz,300339,2012-07-18,2025-09-30,3060,302893,True,utf-8,579f44c67483a841237307b0d439ccd3ded6830ad60922aa5eb8bcb53dad1b96
/Users/mic/Downloads/20250930/sz301027.csv,sz301027.csv,sz,301027,2021-07-15,2025-09-30,1024,101945,True,utf-8,d69fecffb8c6fff0b2d7a09f7f75008e66a7b08689a06124390cbe10856fe473
/Users/mic/Downloads/20250930/sh603918.csv,sh603918.csv,sh,603918,2015-05-28,2025-09-30,2422,235524,True,utf-8,458195541ee4882d08cd58bddc6904d6c7e1bebc4e661b6481ecc372935f7888
/Users/mic/Downloads/20250930/sh688095.csv,sh688095.csv,sh,688095,2020-09-08,2025-09-30,1229,121554,True,utf-8,f0446dd130aaf3d4cddda402ed72ab31756a6a1a0fa3b47b7b3e598f6fcb312e
/Users/mic/Downloads/20250930/sh601869.csv,sh601869.csv,sh,601869,2018-07-20,2025-09-30,1749,172682,True,utf-8,3f0dc5ca8b3d41e34a08c0442e650c78093f177617763117227e757939c852f7
/Users/mic/Downloads/20250930/sz002596.csv,sz002596.csv,sz,002596,2011-07-07,2025-09-30,3205,307305,True,utf-8,632f6f07bbc4d0898904b5d7b560ce924011f5b253cdcc3c4a8b14973338ee7a
/Users/mic/Downloads/20250930/sh600587.csv,sh600587.csv,sh,600587,2002-09-27,2025-09-30,5396,520647,True,utf-8,3c2108d8c51a7e3bcd9592f2adc650983a60feba02600e5af6051bca0ee36d3c
/Users/mic/Downloads/20250930/sz300477.csv,sz300477.csv,sz,300477,2015-06-10,2025-09-30,2400,230607,True,utf-8,0d1158a7ac35353ea8947663a80df34d216660ae1303d7530184299746f40fc7
/Users/mic/Downloads/20250930/sh601699.csv,sh601699.csv,sh,601699,2006-09-22,2025-09-30,4591,450965,True,utf-8,72f533f092f484f5271563f694bd6d203d3e2992dbf3cf2014492dc8a9b51887
/Users/mic/Downloads/20250930/sz300311.csv,sz300311.csv,sz,300311,2012-04-25,2025-09-30,3106,298023,True,utf-8,9502f4d1e359249a941811dbc77b646ca2ae949720d52fe8d9e25c6d54e0414c
/Users/mic/Downloads/20250930/sh605399.csv,sh605399.csv,sh,605399,2020-08-04,2025-09-30,1254,123209,True,utf-8,7dc8ac284a19d8f63c3a2656cc2b2dc65c75ae27a108e242161bbc33f6f78b07
/Users/mic/Downloads/20250930/sz300305.csv,sz300305.csv,sz,300305,2012-03-29,2025-09-30,3282,316478,True,utf-8,536774493e9295a5cfbc7a06560f10db68467683e55dd2a78c6e31e2d1682a0d
/Users/mic/Downloads/20250930/sh600593.csv,sh600593.csv,sh,600593,2002-07-11,2025-09-30,5514,515790,True,utf-8,16c88806284a0a923edadb7da9b2e9fceb0e13c49e38042c4e019f2b0d0d4f16
/Users/mic/Downloads/20250930/sz300463.csv,sz300463.csv,sz,300463,2015-05-28,2025-09-30,2517,250908,True,utf-8,094a2db84eb01b6df71d0f2b96f38c744be4c69978d38f7b14f07a2f79ac9b4e
/Users/mic/Downloads/20250930/sz300304.csv,sz300304.csv,sz,300304,2012-03-21,2025-09-30,3264,305384,True,utf-8,744a7896554353a4a1a4f9adf90e60c9174b28db0ab8be8b819da2e894666d1c
/Users/mic/Downloads/20250930/sz300462.csv,sz300462.csv,sz,300462,2015-05-27,2025-09-30,2232,216557,True,utf-8,0f222358b30587d9cb2e923a46e5229d0d48f13ed4aa7a636640b1b7c54f6f1a
/Users/mic/Downloads/20250930/sh600592.csv,sh600592.csv,sh,600592,2002-08-05,2025-09-30,5508,511404,True,utf-8,2cda867aa0e6f3e7072eb187333d76515089fe4ebe368a7932665d0a86df7a99
/Users/mic/Downloads/20250930/sh601698.csv,sh601698.csv,sh,601698,2019-06-28,2025-09-30,1522,149485,True,utf-8,b828f03be0e824dd18ef2d5a46dcdd939938126d6f0b1ecd32d1ae74f0315dc6
/Users/mic/Downloads/20250930/sz300476.csv,sz300476.csv,sz,300476,2015-06-11,2025-09-30,2503,248652,True,utf-8,e718df1a505622d5c54a295db37a6097cb63b0fd7add6c6b014f55082c49fd0e
/Users/mic/Downloads/20250930/sh600586.csv,sh600586.csv,sh,600586,2002-08-15,2025-09-30,5546,528457,True,utf-8,177d6a6924d8608cb638c30b1cde4dddb19dcc53cdeaa666c655a7cd7a493b11
/Users/mic/Downloads/20250930/bj832522.csv,bj832522.csv,bj,832522,2023-11-16,2025-09-30,457,45659,True,utf-8,234e69d6815d8da054f1781c6a8a51e1bcc2fd3bffb41919692f1d5168dab5ed
/Users/mic/Downloads/20250930/sh605398.csv,sh605398.csv,sh,605398,2021-01-21,2025-09-30,1139,112751,True,utf-8,ecbf01924483ff039bac3b5371636a953bf17ad5b2c5922b08b03666decf2143
/Users/mic/Downloads/20250930/sh603931.csv,sh603931.csv,sh,603931,2020-08-19,2025-09-30,1243,121786,True,utf-8,a3f4af2fa5260e0b4a1b4aa4bf4dca31784cb024d6bc777f525ba5ede1604e34
/Users/mic/Downloads/20250930/sz300310.csv,sz300310.csv,sz,300310,2012-04-25,2025-09-30,3109,301695,True,utf-8,7ef58a894d25aac49ba5f1331cc682baf53cd89a23f48b20fcfbc995ef1249bf
/Users/mic/Downloads/20250930/sh603919.csv,sh603919.csv,sh,603919,2016-03-10,2025-09-30,2302,226361,True,utf-8,3a79c75587fd8ed83a1882c9171b19fe558d0b488975f9918be7089177d457f8
/Users/mic/Downloads/20250930/sz301026.csv,sz301026.csv,sz,301026,2021-07-16,2025-09-30,1023,101971,True,utf-8,60d1997b76cfe54b53a70cd4208dbaa2327e31dd29baf22c8f1e2070eb1465af
/Users/mic/Downloads/20250930/sz300338.csv,sz300338.csv,sz,300338,2012-07-26,2025-09-30,3097,295687,True,utf-8,2e3709d3ece0a6572abf543c63396a3fc3af7e73fdab6696d4f46ba21caa6e2a
/Users/mic/Downloads/20250930/sz002597.csv,sz002597.csv,sz,002597,2011-07-07,2025-09-30,3428,335689,True,utf-8,264c866337c6cb9d6aa42a27d044e743fa6bfdbb792bf880f1d08ca77bfa5754
/Users/mic/Downloads/20250930/sh601868.csv,sh601868.csv,sh,601868,2021-09-28,2025-09-30,973,96835,True,utf-8,4177c94ea847e522c1d629046e8ef95112b48e3ed79189f11477d93d18640cde
/Users/mic/Downloads/20250930/sh688080.csv,sh688080.csv,sh,688080,2020-02-12,2025-09-30,1372,133575,True,utf-8,63cebbebb8c2c00e8904febd8cace641721b0daf85c2f44f42d7376ddc605c9a
/Users/mic/Downloads/20250930/sz002583.csv,sz002583.csv,sz,002583,2011-05-27,2025-09-30,3435,334996,True,utf-8,aae141da57e2e28e487dd38bbf02e5b8a721483118acb75318153ccbb56b7f0f
/Users/mic/Downloads/20250930/sz301032.csv,sz301032.csv,sz,301032,2021-07-22,2025-09-30,1019,96689,True,utf-8,6287c42be4c9934ad26a7361797727f79e97d398f5556ffe18e58489306d6b3d
/Users/mic/Downloads/20250930/bj832278.csv,bj832278.csv,bj,832278,2015-12-21,2025-09-30,1653,151848,True,utf-8,0b0dff44f7502afa17a9b558faba2f405240bf90c2fb71527b43a7db0840361a
/Users/mic/Downloads/20250930/sz000419.csv,sz000419.csv,sz,000419,1996-08-16,2025-09-30,7018,665088,True,utf-8,e40f7db8011bd2648430e85370fde32079d20886959c2400b2bc25f7c7496ec8
/Users/mic/Downloads/20250930/sh600237.csv,sh600237.csv,sh,600237,2000-06-09,2025-09-30,6007,543419,True,utf-8,ec6165148046832c45cdaaf7d0c8ef4a95ab790fae869235f67b6eff5b43cf19
/Users/mic/Downloads/20250930/sh600551.csv,sh600551.csv,sh,600551,2002-09-05,2025-09-30,5383,497955,True,utf-8,cd113e53cf2e2ab1b789866ec6b46cc4545345247bafbd5dc7a3a39253736f2f
/Users/mic/Downloads/20250930/sz002568.csv,sz002568.csv,sz,002568,2011-03-25,2025-09-30,3457,333715,True,utf-8,a34f460f907afa3f4b4863b5a01242027bc367daa8968f6cdfdd414421475027
/Users/mic/Downloads/20250930/sh603058.csv,sh603058.csv,sh,603058,2016-12-23,2025-09-30,2120,203404,True,utf-8,ad775989b381bba9f113516f87005654c88045429d0ac9fe517c12f8b9c0eea2
/Users/mic/Downloads/20250930/sh600545.csv,sh600545.csv,sh,600545,2003-12-03,2025-09-30,5132,491614,True,utf-8,8b7a19205916b657e4b2d2e666a50d15195b7d7511120c8bfba10d9db592b6c0
/Users/mic/Downloads/20250930/sh600223.csv,sh600223.csv,sh,600223,2000-01-13,2025-09-30,6083,587231,True,utf-8,ddb5d25331729d85b85e0117b47a7c742b6c07ae1b278cfa806972d1b460d6ac
/Users/mic/Downloads/20250930/sh688719.csv,sh688719.csv,sh,688719,2023-09-28,2025-09-30,486,47054,True,utf-8,dc5f0a91dbb835ef76515e07f178ba33878a0654c0b89b214437ec0886e536eb
/Users/mic/Downloads/20250930/sz002232.csv,sz002232.csv,sz,002232,2008-05-09,2025-09-30,4207,422764,True,utf-8,8ffb867720ace00562773581f16b91ebead2a79b1f0ea06c93bd4fe7673fb10f
/Users/mic/Downloads/20250930/sz000425.csv,sz000425.csv,sz,000425,1996-08-28,2025-09-30,6902,664896,True,utf-8,6d84d1f7de683759e3df4b9adc3bd4149a91e6465c466af5bd1595c416014b28
/Users/mic/Downloads/20250930/sh688057.csv,sh688057.csv,sh,688057,2020-11-11,2025-09-30,1189,115755,True,utf-8,480bfaeed68825322b28d3193657d5354cd9fffcb4687924404cf66288de2c61
/Users/mic/Downloads/20250930/sz002554.csv,sz002554.csv,sz,002554,2011-02-25,2025-09-30,3502,334026,True,utf-8,5ebb65e968607a391b49ead7ad4b33776e2011c50a8a9da1d9ca074d7e5c8d3b
/Users/mic/Downloads/20250930/sh600579.csv,sh600579.csv,sh,600579,2002-08-09,2025-09-30,5187,491863,True,utf-8,d5f50af2c8e40d2fc3841377e96feac27c7671b36a9551a495f1a5617e35de51
/Users/mic/Downloads/20250930/sz300489.csv,sz300489.csv,sz,300489,2015-07-01,2025-09-30,2485,241247,True,utf-8,9990eb11e96017eacda46c97920ac945b8c4c9afb8fe7b36a07521fbd699903e
/Users/mic/Downloads/20250930/sz002540.csv,sz002540.csv,sz,002540,2011-01-18,2025-09-30,3558,341883,True,utf-8,947b9831d2224b1e7986e33a7f109c3b920882ac58866e9a3eb75c25999e84e0
/Users/mic/Downloads/20250930/sh603070.csv,sh603070.csv,sh,603070,2022-03-10,2025-09-30,867,84756,True,utf-8,55d798b56b58cbbfe19b319cc189b3ceddccad95186d24d4d97e4e82f6e962c0
/Users/mic/Downloads/20250930/sh603716.csv,sh603716.csv,sh,603716,2016-10-31,2025-09-30,2159,211320,True,utf-8,9102a6c28c7894c8fe92826cd442bfb8a5e6262f8a8044756ea5406e2798c1a1
/Users/mic/Downloads/20250930/sz002226.csv,sz002226.csv,sz,002226,2008-05-06,2025-09-30,3864,375418,True,utf-8,5c38af3a3dfa6fbe7f58414001307bf26e44d1d0457afadbe50eca2ebbb0c51f
/Users/mic/Downloads/20250930/bj871396.csv,bj871396.csv,bj,871396,2018-04-19,2025-09-30,1194,111276,True,utf-8,7ef830d37397ddc9906331d56f0819264cb1163c84acda608a4168fa1709c10b
/Users/mic/Downloads/20250930/sh601101.csv,sh601101.csv,sh,601101,2010-03-31,2025-09-30,3657,357167,True,utf-8,7e6e03c0b1f9f0c390d7b557c28312fe2a3785dfdec9bc75fa54f84373bdb0df
/Users/mic/Downloads/20250930/sz002971.csv,sz002971.csv,sz,002971,2020-01-13,2025-09-30,1388,137076,True,utf-8,086650749dc9ab66fed83b6b351fbd88451c862e097080fc878ba8309cb0d166
/Users/mic/Downloads/20250930/sh600790.csv,sh600790.csv,sh,600790,1997-02-28,2025-09-30,6701,654942,True,utf-8,cf816621e501cb992edbae79e4f5c9afde643969f9b83e2c9386ef6b4bbcbb6b
/Users/mic/Downloads/20250930/sz300660.csv,sz300660.csv,sz,300660,2017-06-02,2025-09-30,2018,196427,True,utf-8,66a26156b84c0c07ddd2b7d01974b17aebe79e8df78948b7dc636017374e367a
/Users/mic/Downloads/20250930/sh603299.csv,sh603299.csv,sh,603299,2015-12-31,2025-09-30,2250,215571,True,utf-8,ca651c5ce168ddfcbf60bf1fc378674ad2b4431fcc8ed94ee11192ef46071135
/Users/mic/Downloads/20250930/sz000800.csv,sz000800.csv,sz,000800,1997-06-18,2025-09-30,6781,667957,True,utf-8,d522650ae1271fcbdc3f31c3b0403db28b73d2e6b8f759cadee401e28dcd0a70
/Users/mic/Downloads/20250930/sz300106.csv,sz300106.csv,sz,300106,2010-08-20,2025-09-30,3610,347653,True,utf-8,bfaef638dd810deb74c7c03e8fd56c582d0d730b43ca9600b78774380375e35c
/Users/mic/Downloads/20250930/sz301218.csv,sz301218.csv,sz,301218,2022-03-07,2025-09-30,870,84508,True,utf-8,978b7b94f57be59986acab0fbc9be1d765420e490e6802db37f7ddbb7f43818e
/Users/mic/Downloads/20250930/sz300112.csv,sz300112.csv,sz,300112,2010-08-27,2025-09-30,3478,330294,True,utf-8,45daa5265cd031abe74b6295f4c666f5746f6382ca377fe595916fbede7fe860
/Users/mic/Downloads/20250930/sz002965.csv,sz002965.csv,sz,002965,2019-10-25,2025-09-30,1443,141622,True,utf-8,8679b54f9a306091d320266d9cf7d6659710e443a3c7293132c61dcbad1b7071
/Users/mic/Downloads/20250930/sh600784.csv,sh600784.csv,sh,600784,1996-12-25,2025-09-30,6559,626306,True,utf-8,453ce4c852e3043417903731b07ba26033f1bda002a0e3b46915e69951e4ce3a
/Users/mic/Downloads/20250930/sz300674.csv,sz300674.csv,sz,300674,2018-11-07,2025-09-30,1677,167484,True,utf-8,aa492c7866f2d6ee252ab81377a5d59807c14780edeb3e6dd4bfe25edeee69c4
/Users/mic/Downloads/20250930/sh688296.csv,sh688296.csv,sh,688296,2021-07-27,2025-09-30,1016,100677,True,utf-8,4b3bb91e24870bc4cf1e64c298cec90e93e4d11937c99e66c2568b2ef7a55e9a
/Users/mic/Downloads/20250930/sz300884.csv,sz300884.csv,sz,300884,2020-11-12,2025-09-30,1188,116342,True,utf-8,fd16d0c014e6077529ea40088e2322f10e96029ea5c38ddf1263fcac5828c1fb
/Users/mic/Downloads/20250930/sz002795.csv,sz002795.csv,sz,002795,2016-04-28,2025-09-30,2210,206437,True,utf-8,d236617075a3e7c88d9d81a89aa88318804494f4cb2a24bbc759b728918fdd0b
/Users/mic/Downloads/20250930/bj836208.csv,bj836208.csv,bj,836208,2023-06-29,2025-09-30,551,53455,True,utf-8,0f334c7223e499f454754961bf686c938e224ae188bda22ef8107741b5d8559a
/Users/mic/Downloads/20250930/sz000828.csv,sz000828.csv,sz,000828,1997-06-17,2025-09-30,6561,643892,True,utf-8,e8c38c8f1f439a18303246e99ab2f17ca542451145140096364ddd503e00ed76
/Users/mic/Downloads/20250930/sz301230.csv,sz301230.csv,sz,301230,2022-11-01,2025-09-30,711,71225,True,utf-8,ea8f901f5c36393f58f22aee12fd84b9c72747699904484cafd69ed6224f47af
/Users/mic/Downloads/20250930/sz301556.csv,sz301556.csv,sz,301556,2024-10-17,2025-09-30,237,23264,True,utf-8,04a4e49c5f5dd6616bd6d2b0f0b557396edc556c2b41c17ed43c4ac6603ce109
/Users/mic/Downloads/20250930/sz002959.csv,sz002959.csv,sz,002959,2019-08-23,2025-09-30,1482,145358,True,utf-8,f81d9afb38d6d6f8a912c13ae615472a51c58232ddfd8e527157790bec35642c
/Users/mic/Downloads/20250930/sz300890.csv,sz300890.csv,sz,300890,2020-09-17,2025-09-30,1222,118595,True,utf-8,7c196323d6e857cebfdfe87afb511a4ad82e81eaa47f83943ad07f1b7f115b7b
/Users/mic/Downloads/20250930/sh600960.csv,sh600960.csv,sh,600960,2004-04-07,2025-09-30,4998,466429,True,utf-8,241242957482fcb1af58f42609dbabadd26652e714965d0c7e3e3c15f1f12215
/Users/mic/Downloads/20250930/sz300648.csv,sz300648.csv,sz,300648,2017-04-25,2025-09-30,2053,204504,True,utf-8,e39b80b6131b10c02b6dc005c3dfcbb71b1ea7db79145dc1dae38196e9b6aa83
/Users/mic/Downloads/20250930/sh688282.csv,sh688282.csv,sh,688282,2022-03-18,2025-09-30,859,83079,True,utf-8,8826578c8344c0d63d02cc93551f9848bcc8babedcef1733da6a671b97aefd2e
/Users/mic/Downloads/20250930/sz001288.csv,sz001288.csv,sz,001288,2021-11-01,2025-09-30,954,92323,True,utf-8,fc7fa7bdbdc90abdc60d82482c1b0b0ecf10a3bb53fc74342cd76508bdaf1e13
/Users/mic/Downloads/20250930/sh688269.csv,sh688269.csv,sh,688269,2021-06-09,2025-09-30,1049,101942,True,utf-8,91d6de8ec5145572ada2a2029874be98bf803f4c9d202e875d178b013a330c38
/Users/mic/Downloads/20250930/sh600753.csv,sh600753.csv,sh,600753,1996-09-27,2025-09-30,6571,586849,True,utf-8,12c4763883882b6673adc005355bead79072c27f2ed73042a88307e3f12434db
/Users/mic/Downloads/20250930/sh600035.csv,sh600035.csv,sh,600035,2004-03-10,2025-09-30,5020,478759,True,utf-8,bf4fc2ab2e3c19fa994047e3a01e6ed70f0e43f6a6acba9eabf41653c265af1b
/Users/mic/Downloads/20250930/sh603528.csv,sh603528.csv,sh,603528,2016-05-03,2025-09-30,2289,219072,True,utf-8,198f45ca10b5100c82880a30ea2e949a7c664f5eacaa09d118d200f604ee90b1
/Users/mic/Downloads/20250930/sh600021.csv,sh600021.csv,sh,600021,2003-10-29,2025-09-30,5166,499661,True,utf-8,a9a5c9c044bd3577d8c4983ca5446824ca336198726fc783d32f917f9b97d289
/Users/mic/Downloads/20250930/sz001277.csv,sz001277.csv,sz,001277,2024-09-03,2025-09-30,262,25086,True,utf-8,78dc51e358f71059be190b1cef97f9af0bb30e289386b826c114919b9f22196c
/Users/mic/Downloads/20250930/sz002756.csv,sz002756.csv,sz,002756,2015-05-15,2025-09-30,2392,235288,True,utf-8,c296fcf84d575489eadc586510cfb1256923555dd4297a61815eb3f234a2ee27
/Users/mic/Downloads/20250930/sz301581.csv,sz301581.csv,sz,301581,2025-01-03,2025-09-30,182,15842,True,utf-8,e4c520a3dcc5dd2874e9b63090592ad0da6d75f343f084d14dbc75d8e0cb08a7
/Users/mic/Downloads/20250930/sz300847.csv,sz300847.csv,sz,300847,2020-07-09,2025-09-30,1272,125374,True,utf-8,0ead69eac361f7ae99ba773fe5bda51c9bb211fe593b58b264be8a5b76f282ad
/Users/mic/Downloads/20250930/sh603266.csv,sh603266.csv,sh,603266,2017-01-10,2025-09-30,2121,202616,True,utf-8,8b06b8614e9de6772538f9a90e2a403d8728f272eef32ea8652d7ae756fda6b2
/Users/mic/Downloads/20250930/sh688255.csv,sh688255.csv,sh,688255,2021-10-25,2025-09-30,959,92854,True,utf-8,6e3902414075cf3732e8cb086dcf681d727fd3e158ab03cbca019dc8a9f17b97
/Users/mic/Downloads/20250930/sh688533.csv,sh688533.csv,sh,688533,2021-04-19,2025-09-30,1083,104499,True,utf-8,37443afc96529107ef03e0a81ffa3d2d9b18c7fdf77b5be9706ce937bf9f7f25
/Users/mic/Downloads/20250930/sh603500.csv,sh603500.csv,sh,603500,2017-09-04,2025-09-30,1962,185389,True,utf-8,9c31b0bf8f1573ed5b3a89d01da97fd12dec56f99d9d2e0594de93ff03758ea2
/Users/mic/Downloads/20250930/sh600009.csv,sh600009.csv,sh,600009,1998-02-18,2025-09-30,6646,662874,True,utf-8,cb261d41f4457a543f9df265e1335a14877549dce124ed5d25ecec3bb4c9171f
/Users/mic/Downloads/20250930/sz002030.csv,sz002030.csv,sz,002030,2004-08-09,2025-09-30,5033,491883,True,utf-8,f0da2b0c633a5939c65130fcb73afd7d91a7d0833a0e6ed03b7e6b5f3da90d85
/Users/mic/Downloads/20250930/sz002024.csv,sz002024.csv,sz,002024,2004-07-21,2025-09-30,5070,498006,True,utf-8,fa3061fd3320cbee26ecb42097babad3ce0a3a843a17c1a2d047bc8c6b8f39e6
/Users/mic/Downloads/20250930/sz000633.csv,sz000633.csv,sz,000633,1996-11-12,2025-09-30,6053,578754,True,utf-8,b8670373f55272ac18d64bfccb966c55ab5f77c811e35fcf82a14e935a75597b
/Users/mic/Downloads/20250930/sz000155.csv,sz000155.csv,sz,000155,2000-09-26,2025-09-30,5401,518273,True,utf-8,d143a1c4eab13463248110b4edb9068f5e499620512dbee44248d931e12f5f70
/Users/mic/Downloads/20250930/sh603272.csv,sh603272.csv,sh,603272,2022-05-20,2025-09-30,821,78999,True,utf-8,3207a0ab1dffe62ab8e69e43667e8873f40ba9f266a649b770de5fe169c3e7fc
/Users/mic/Downloads/20250930/sz002742.csv,sz002742.csv,sz,002742,2015-02-17,2025-09-30,2497,238209,True,utf-8,1d2c0bc79e049cfea08d9a6d296eedbb20c667d3fd61119756ebbbc05bd93d15
/Users/mic/Downloads/20250930/sz301595.csv,sz301595.csv,sz,301595,2025-05-19,2025-09-30,96,9311,True,utf-8,85990af43b5aaaa05b7e13135728f7dcb3adb69d77f78d8d34c936789121b64b
/Users/mic/Downloads/20250930/sz300853.csv,sz300853.csv,sz,300853,2020-07-24,2025-09-30,1261,123525,True,utf-8,5eb86870b019fcf31d4f04d94edf67ac147f1309acf3e74b6af92bb126788804
/Users/mic/Downloads/20250930/sz002805.csv,sz002805.csv,sz,002805,2016-07-07,2025-09-30,2246,218391,True,utf-8,40f4913f68c5151016420dfac6a9d3e3e2703a039282e8832db8a9ec6f480977
/Users/mic/Downloads/20250930/sh600182.csv,sh600182.csv,sh,600182,1999-05-07,2025-09-30,6004,570639,True,utf-8,be9d25e8dfbb66598df781158c3e0b1f8cbbed5966c84f521fee8fbee72145f5
/Users/mic/Downloads/20250930/sz300072.csv,sz300072.csv,sz,300072,2010-04-27,2025-09-30,3682,358241,True,utf-8,aab5655893b9f6d586b566775ff4ff9be19eeadadb99a90360a6d58ba2425f9d
/Users/mic/Downloads/20250930/sz301378.csv,sz301378.csv,sz,301378,2023-03-20,2025-09-30,618,59699,True,utf-8,e1109bcd1aedc271d5de24d87e18cfca3c7d3849873b71903f516c61361e2abf
/Users/mic/Downloads/20250930/sh600196.csv,sh600196.csv,sh,600196,1998-08-07,2025-09-30,6500,638817,True,utf-8,22bdbb7762428e6baee08bf66ab6b16c43148e2bbaf890423586e2d3fe70c8ea
/Users/mic/Downloads/20250930/sz300066.csv,sz300066.csv,sz,300066,2010-03-26,2025-09-30,3720,356420,True,utf-8,9f788d89589285b9a1474217000935e42e0eeb461916da429740217b210fcb2c
/Users/mic/Downloads/20250930/sh601288.csv,sh601288.csv,sh,601288,2010-07-15,2025-09-30,3694,374356,True,utf-8,5765da48c2c1c07a4117c0b597eb089efcd119e1d628c81f57af73d2d80d3b4e
/Users/mic/Downloads/20250930/sz000960.csv,sz000960.csv,sz,000960,2000-02-21,2025-09-30,6055,602850,True,utf-8,70035e9f89cf59db39bb5454d3ba523558048c38adeb084eda200704353593d8
/Users/mic/Downloads/20250930/sz300700.csv,sz300700.csv,sz,300700,2017-09-12,2025-09-30,1946,188116,True,utf-8,93bb9ee8f5b1f387c907715f12b19f3e86a55e1ff45103e48926efc88681efd3
/Users/mic/Downloads/20250930/sh600828.csv,sh600828.csv,sh,600828,1994-02-24,2025-09-30,7390,701049,True,utf-8,aa90638206aa0ee53d419741c22fb05c6181a336939d6911a9d4c7e9ec4207a7
/Users/mic/Downloads/20250930/sz002811.csv,sz002811.csv,sz,002811,2016-09-08,2025-09-30,2201,209139,True,utf-8,80e8265abfd41339b5cf5bf22f7c12b8ab89e91931da588f104e02339c594f8e
/Users/mic/Downloads/20250930/sh600800.csv,sh600800.csv,sh,600800,1993-12-06,2025-09-30,7413,712053,True,utf-8,c9d00c374c175f5be14d1f3a28dab12362814e28225f55c25b5bf19fddc01dcb
/Users/mic/Downloads/20250930/bj839729.csv,bj839729.csv,bj,839729,2016-12-14,2025-09-30,1551,144422,True,utf-8,d3200dc3a18a4dc546deff5b4ecc334ec9fe4ede1e25d8d51ae488833d3801a1
/Users/mic/Downloads/20250930/sz002839.csv,sz002839.csv,sz,002839,2017-01-24,2025-09-30,2100,204162,True,utf-8,c4aae2fee1438bd1aa0846e7d2ad7bf2440d1bd60cb5cf23082a7b2d6308de8e
/Users/mic/Downloads/20250930/sz002187.csv,sz002187.csv,sz,002187,2007-11-22,2025-09-30,4311,407401,True,utf-8,a30c353386e91f93510f510b8e91ca21bbff84d33da45f55cadd191546f9f247
/Users/mic/Downloads/20250930/sz000948.csv,sz000948.csv,sz,000948,1999-10-14,2025-09-30,6130,570562,True,utf-8,8169bc3a72e07ba8f32a503409f8fce28dc86fd2f383a84b68c7dfb3af161137
/Users/mic/Downloads/20250930/sh688484.csv,sh688484.csv,sh,688484,2023-04-07,2025-09-30,605,60234,True,utf-8,7910fa380a2ee92b5429778be1814660738a0fce4ebd61dc901590c1727af491
/Users/mic/Downloads/20250930/sz000790.csv,sz000790.csv,sz,000790,1998-03-27,2025-09-30,6518,613320,True,utf-8,16465c43558b71776c6150c0af9d3461f1284948d4b70e693b7c9b5c1a0942d9
/Users/mic/Downloads/20250930/sz002193.csv,sz002193.csv,sz,002193,2007-12-07,2025-09-30,4088,391075,True,utf-8,0b42ee7042309b9ff25555d5eb2c5a4ba634b695d16aeb430717702a8350fa69
/Users/mic/Downloads/20250930/sh600814.csv,sh600814.csv,sh,600814,1994-01-14,2025-09-30,7524,707552,True,utf-8,aec81c0a7f829d93a076ad96af5a8471a48a445422491ea4fcf6314e01520e6a
/Users/mic/Downloads/20250930/bj873152.csv,bj873152.csv,bj,873152,2023-01-19,2025-09-30,655,61831,True,utf-8,4457228f2eba2c61e1ebbd6794d77c5916c7679c7c7bf528465dbde86e4aaeb7
/Users/mic/Downloads/20250930/sz001317.csv,sz001317.csv,sz,001317,2021-11-30,2025-09-30,928,90864,True,utf-8,9635ece85df074a2f0d495c09ab5d34c0ea4c0c3250f85b28c4073eed0b3aeac
/Users/mic/Downloads/20250930/sz000009.csv,sz000009.csv,sz,000009,1991-06-25,2025-09-30,8126,783607,True,utf-8,6db6a77b04fe66c5f7a6e4832d6fb0eb9418179117d80048ab6628d13da11574
/Users/mic/Downloads/20250930/sz002178.csv,sz002178.csv,sz,002178,2007-11-01,2025-09-30,4242,404362,True,utf-8,3efdfd8290a60702364be5bea0e8602d8b531692c5e757a20c7dd02552882ce6
/Users/mic/Downloads/20250930/sh600141.csv,sh600141.csv,sh,600141,1999-06-16,2025-09-30,6244,585103,True,utf-8,093de21f4100605477e350e42dce58a93e987d0203f203e9553398f121729d10
/Users/mic/Downloads/20250930/sh600155.csv,sh600155.csv,sh,600155,1998-09-18,2025-09-30,5930,561907,True,utf-8,83f8e6cc1b0a69d73c79aa39f68afceefe6f288bf6a7592d81741d67687e77e0
/Users/mic/Downloads/20250930/sh600633.csv,sh600633.csv,sh,600633,1993-03-04,2025-09-30,6787,637515,True,utf-8,53f74e05989b8ea5aeffbe2f57b60a56c70be7458a10ead588112563753d1bde
/Users/mic/Downloads/20250930/sh688309.csv,sh688309.csv,sh,688309,2020-07-14,2025-09-30,1267,121670,True,utf-8,3f48dda1e0da6f921a34aa413147298b43242d12dca15fd34b01c38ff5b9f671
/Users/mic/Downloads/20250930/sz300933.csv,sz300933.csv,sz,300933,2021-01-22,2025-09-30,1138,109668,True,utf-8,83c3891c367793a65e5dff15773dc83ca912dd69c8457ca52bdce64d3a2ba6cb
/Users/mic/Downloads/20250930/sz002622.csv,sz002622.csv,sz,002622,2011-10-18,2025-09-30,2996,286358,True,utf-8,3b4a887009f3d5d531d00a3dee65a41dd5f3cc78dfc505c9edef84ce4791c46b
/Users/mic/Downloads/20250930/sh688321.csv,sh688321.csv,sh,688321,2019-08-12,2025-09-30,1491,146383,True,utf-8,bd380bd6b05b6fbcc4a09076583809439af542f19c571c4a337eafb6edd744ce
/Users/mic/Downloads/20250930/sh603312.csv,sh603312.csv,sh,603312,2024-01-11,2025-09-30,418,40569,True,utf-8,28087850ce8368d95a9ee3e084ae06347db83741a7d3fc15cd20052a955b8c37
/Users/mic/Downloads/20250930/sz000035.csv,sz000035.csv,sz,000035,1994-04-08,2025-09-30,6520,610780,True,utf-8,598eeb96dba86fabe529b48b8b3a26b5bfddced38d342e14ddde390046bbb3c8
/Users/mic/Downloads/20250930/sz000753.csv,sz000753.csv,sz,000753,1997-06-26,2025-09-30,6767,650719,True,utf-8,5d00a93b63a4b67ae6fcdf96a178e5c4a9dde78477a5b4f720435e10e18f5705
/Users/mic/Downloads/20250930/sh605005.csv,sh605005.csv,sh,605005,2021-01-19,2025-09-30,1141,114609,True,utf-8,6e1b6341337fa8d906d1eab3e80dcb4ada9106b8a7c091ef645d139dc93a1c9e
/Users/mic/Downloads/20250930/sz002144.csv,sz002144.csv,sz,002144,2007-08-03,2025-09-30,4369,421275,True,utf-8,a8ebe4b6c28d34372ada2997817b5d095b49648bac5c73b85787f022fb29d654
/Users/mic/Downloads/20250930/sz301393.csv,sz301393.csv,sz,301393,2023-07-12,2025-09-30,542,52595,True,utf-8,70140078fddab2c1228d0014731c187bc3d5880a6abe05c6026f9339f99ae21b
/Users/mic/Downloads/20250930/sz002150.csv,sz002150.csv,sz,002150,2007-08-10,2025-09-30,4327,416202,True,utf-8,804a9153e0a82904e0f75459a20fc16fb4f344b00bfad4ac747c4db67264e307
/Users/mic/Downloads/20250930/sz300099.csv,sz300099.csv,sz,300099,2010-08-06,2025-09-30,3507,332129,True,utf-8,d446e126c0fbd687451b60f9aba5c4cd50f89beb1c288fa54ead168189574eb2
/Users/mic/Downloads/20250930/sh600169.csv,sh600169.csv,sh,600169,1998-09-04,2025-09-30,6490,619118,True,utf-8,af05dfdc9fc3882aa6b4faca4d8d242193e07cfce1d6e82331b7d5b8a7100f7e
/Users/mic/Downloads/20250930/sz301387.csv,sz301387.csv,sz,301387,2023-04-18,2025-09-30,598,57948,True,utf-8,939af498c9911f49dd8cf7428dcf437ad3ff4dadf349c33ec504ef8952609480
/Users/mic/Downloads/20250930/sh605011.csv,sh605011.csv,sh,605011,2021-06-30,2025-09-30,1035,101729,True,utf-8,33df3ae97b0f6a84a08420b7f7e904510fdcc27bba2831bb2633a53d5a47924c
/Users/mic/Downloads/20250930/sh688335.csv,sh688335.csv,sh,688335,2020-08-17,2025-09-30,1245,119556,True,utf-8,6285e939cf467085ea1dd7cd91e76316feee36cc8b1071a4639590ba45619e7f
/Users/mic/Downloads/20250930/sh603306.csv,sh603306.csv,sh,603306,2014-09-26,2025-09-30,2643,259773,True,utf-8,6ead8725c16016f9cb317bb656fc8511038877c1b0691edc71fb22831e598fcc
/Users/mic/Downloads/20250930/sz000021.csv,sz000021.csv,sz,000021,1994-02-02,2025-09-30,7578,734915,True,utf-8,684a293647ceba92c6230102be6d3e365a4d2308b1be621744772770907eab86
/Users/mic/Downloads/20250930/sz300927.csv,sz300927.csv,sz,300927,2021-01-07,2025-09-30,1149,112674,True,utf-8,d6e49a309d8f45e96d2388edffb2ea7ba4cbb58a97a39051db4da508fa99d993
/Users/mic/Downloads/20250930/sz002636.csv,sz002636.csv,sz,002636,2011-11-25,2025-09-30,3244,313274,True,utf-8,5481bfd2e2b3227f19f162a4f30e82bc04dadffbbe5bdc2c2ac7e47cc4e5ceb1
/Users/mic/Downloads/20250930/sz300270.csv,sz300270.csv,sz,300270,2011-10-12,2025-09-30,3382,321200,True,utf-8,2afbb883cf6980e407fabd5919e89d4d8f618497cb0391a2c7b89a09386fce62
/Users/mic/Downloads/20250930/sh600380.csv,sh600380.csv,sh,600380,2001-06-08,2025-09-30,5755,564944,True,utf-8,268d89afb58c8e3125dbbd486cad57d8d9fd2d3d4f5e717a9dde155a93c265ee
/Users/mic/Downloads/20250930/sh603689.csv,sh603689.csv,sh,603689,2017-01-10,2025-09-30,2121,200772,True,utf-8,6a6e3fd9e27eb070714bc87a9a6cab9a8b0b1132d152c890fd2b9d87dc31e926
/Users/mic/Downloads/20250930/bj834033.csv,bj834033.csv,bj,834033,2022-12-21,2025-09-30,675,66372,True,utf-8,b1ef95771e25faad3a81d7589cddfc28e6fe08a9ccf76d4ad466fb7671360fa3
/Users/mic/Downloads/20250930/sz301608.csv,sz301608.csv,sz,301608,2024-08-01,2025-09-30,285,27789,True,utf-8,1a68bf3982f69eea13e24e59c61ef5c86fb5676b1b6da460bfd66be990fb3bfb
/Users/mic/Downloads/20250930/sz300516.csv,sz300516.csv,sz,300516,2016-06-02,2025-09-30,2269,219714,True,utf-8,c6f6d3520fac1c582bde556d599f2d09aa6b7edc7f316117e885d392ece0b482
/Users/mic/Downloads/20250930/sz300502.csv,sz300502.csv,sz,300502,2016-03-03,2025-09-30,2330,232162,True,utf-8,f9ef1182f5e0c5a2ef16f3a9d9e36e313d8b4ee76fb8d10f4497bca10559d603
/Users/mic/Downloads/20250930/sz300264.csv,sz300264.csv,sz,300264,2011-09-16,2025-09-30,3395,322228,True,utf-8,41f11a607aa09e16ff830cd66cb1f046799d9a27a16ed1e56fef114160e9faf2
/Users/mic/Downloads/20250930/sz000592.csv,sz000592.csv,sz,000592,1996-03-27,2025-09-30,6437,620430,True,utf-8,d4687f77ea0302418ae76e7ab6c6e3e56a030e69ad417d947c87831311cae3ab
/Users/mic/Downloads/20250930/sh688686.csv,sh688686.csv,sh,688686,2020-12-31,2025-09-30,1153,116359,True,utf-8,26709daa044c40ff7f98f91b36badd607b39c509a7510f8331de596289dcf107
/Users/mic/Downloads/20250930/sz002385.csv,sz002385.csv,sz,002385,2010-04-09,2025-09-30,3718,361538,True,utf-8,035aacf96a9d4a574d2d6edad44b50b10dfffcd2ada14e9aa88f453b23dfea37
/Users/mic/Downloads/20250930/sz301152.csv,sz301152.csv,sz,301152,2022-08-29,2025-09-30,751,72823,True,utf-8,7462e9376179eed9d0db10745de1f3efe5a7d70f4f2889a1e8349ac64f607745
/Users/mic/Downloads/20250930/bj871553.csv,bj871553.csv,bj,871553,2018-11-20,2025-09-30,1109,105056,True,utf-8,ba55244fce53ab0829d0764767adfa5f35da0b42a9bf7c05a9d197bca9aaf32d
/Users/mic/Downloads/20250930/bj835305.csv,bj835305.csv,bj,835305,2017-05-19,2025-09-30,1155,110209,True,utf-8,26c4e685323aea00f289d09ae3dd7492773a47fb58fcb09a949191a927770cd0
/Users/mic/Downloads/20250930/sh601908.csv,sh601908.csv,sh,601908,2011-09-08,2025-09-30,3397,326398,True,utf-8,93f00e4f1e7735fbba8805ee320e1293638ca64e746e746cff269153ad88b150
/Users/mic/Downloads/20250930/sz300258.csv,sz300258.csv,sz,300258,2011-08-26,2025-09-30,3423,331518,True,utf-8,3cf1261dcfeaec130e352e2958f6c0343bd91f3434678d13adb647f30259dfaa
/Users/mic/Downloads/20250930/sz002391.csv,sz002391.csv,sz,002391,2010-04-16,2025-09-30,3749,358114,True,utf-8,9c802158aaf0c824d3777239e8ed8a50d9d5a732247327f6497ab54f38bbd4d5
/Users/mic/Downloads/20250930/sz000586.csv,sz000586.csv,sz,000586,1995-12-20,2025-09-30,6732,633525,True,utf-8,e0c76e0b1a95284b8817165e42f305122a385ac5bd4c505dd5d27fe7388a18bf
/Users/mic/Downloads/20250930/sh603879.csv,sh603879.csv,sh,603879,2017-06-14,2025-09-30,2018,196936,True,utf-8,7f58ca9815aa7af4b9e3038209274b804293f4c3b33b50d071ad1dae04226e59
/Users/mic/Downloads/20250930/sh688692.csv,sh688692.csv,sh,688692,2024-06-12,2025-09-30,321,32433,True,utf-8,b5db762699ee617b17a74b4bac2aae09b279ec80d591065157b7563fc6c1d38f
/Users/mic/Downloads/20250930/sh688679.csv,sh688679.csv,sh,688679,2020-12-25,2025-09-30,1157,113696,True,utf-8,3a72000b5d9a5d935ec9f8bc69c6db004729d76772cb485742ff9612da0ba3bc
/Users/mic/Downloads/20250930/sh600343.csv,sh600343.csv,sh,600343,2003-04-08,2025-09-30,5393,516525,True,utf-8,a21881eb6cd7570576b422a7601a992fbd13abc11a279136cdd9d7832a4d6be1
/Users/mic/Downloads/20250930/sh600425.csv,sh600425.csv,sh,600425,2003-07-24,2025-09-30,5317,505403,True,utf-8,9913163a4d78515c3f83b8c745d9c89291c8d10d08b768974c47b181ab61e8cd
/Users/mic/Downloads/20250930/sh603138.csv,sh603138.csv,sh,603138,2017-03-06,2025-09-30,2087,207212,True,utf-8,be56da15a5dab18fc6136f07dac654ecb08e1968e82ec303c64408c52045420c
/Users/mic/Downloads/20250930/sz002408.csv,sz002408.csv,sz,002408,2010-05-18,2025-09-30,3554,342919,True,utf-8,32e1589b8cdb425fc1ee439c5846bb2beb6e6db811cf6b3763bac8d5becb6eae
/Users/mic/Downloads/20250930/sh603886.csv,sh603886.csv,sh,603886,2016-12-28,2025-09-30,2129,205147,True,utf-8,c437c8629fe2179175443084cd532eab6be3fe339b1345928a595723839b2a62
/Users/mic/Downloads/20250930/sz301191.csv,sz301191.csv,sz,301191,2022-05-26,2025-09-30,817,80301,True,utf-8,d3c8945825bf0043ac807ced82cd8a3b45622ab83d3845b1bb1b339051d7ab94
/Users/mic/Downloads/20250930/sh601061.csv,sh601061.csv,sh,601061,2023-04-10,2025-09-30,604,57625,True,utf-8,a48b5103f03d60b1499854c3c4fed07d6857b6e539c127442300d71956a6fa13
/Users/mic/Downloads/20250930/sz002346.csv,sz002346.csv,sz,002346,2010-01-28,2025-09-30,3615,346786,True,utf-8,d9407160e856941dd1507629144643bf91a437286a95ad827ef48f10da6b69c2
/Users/mic/Downloads/20250930/sh603676.csv,sh603676.csv,sh,603676,2017-07-21,2025-09-30,1993,191401,True,utf-8,06dea9770452805ea41342198b37b4365fdceebcb1714a3afd4c8b34a2e95e7f
/Users/mic/Downloads/20250930/sz000551.csv,sz000551.csv,sz,000551,1994-01-06,2025-09-30,7602,718565,True,utf-8,42c69f18eb58163852d5fc79b5609e998840bd6e4ddefec6e418e281f58ebc5a
/Users/mic/Downloads/20250930/sh603110.csv,sh603110.csv,sh,603110,2017-10-13,2025-09-30,1936,188457,True,utf-8,d5427bd0857c12e5da0b806e6cdf0cb88a6590c307dffb0a593c731e85ae2b0a
/Users/mic/Downloads/20250930/sh688123.csv,sh688123.csv,sh,688123,2019-12-23,2025-09-30,1402,137643,True,utf-8,8c88e01dc74203a0ed8af5c847c4e3f0ac0c5edcbb5a992d5d01beaad25caddf
/Users/mic/Downloads/20250930/sz002420.csv,sz002420.csv,sz,002420,2010-06-01,2025-09-30,3714,356696,True,utf-8,98953f049faa19f8cbb2b4881e03388ec423e80bc323d46f34598ad7898dd863
/Users/mic/Downloads/20250930/sh600419.csv,sh600419.csv,sh,600419,2001-06-28,2025-09-30,5501,516648,True,utf-8,802a8ade889f5d4ce110e95eb3402b9d3af2a1359a0299af58fcd9f3230c0991
/Users/mic/Downloads/20250930/sz002434.csv,sz002434.csv,sz,002434,2010-06-18,2025-09-30,3570,344095,True,utf-8,ecdad0c7c91896c2dcbddcd77e480716e9d1f60873a98896986371ad93798680
/Users/mic/Downloads/20250930/sh688137.csv,sh688137.csv,sh,688137,2022-09-29,2025-09-30,729,71056,True,utf-8,7f210311ad19d497e42d48b1265c135036c4cddcdea7853fee4580dea5d2909a
/Users/mic/Downloads/20250930/sh688651.csv,sh688651.csv,sh,688651,2023-07-26,2025-09-30,532,53170,True,utf-8,5ff2003488298a8993b95ea11cd82c1665f616820577f656a2c883539249d26f
/Users/mic/Downloads/20250930/sh603662.csv,sh603662.csv,sh,603662,2019-08-06,2025-09-30,1495,147252,True,utf-8,1781bd04b1f117b96b4e01d507947c0c90accbb186b234e55c08591085452709
/Users/mic/Downloads/20250930/sz000545.csv,sz000545.csv,sz,000545,1993-12-15,2025-09-30,6907,657773,True,utf-8,72df1c9b45367a70e8e34c60ec1fa6c8c7e4c81b68aa8864d5b69d026912e669
/Users/mic/Downloads/20250930/sz301185.csv,sz301185.csv,sz,301185,2021-11-19,2025-09-30,940,91546,True,utf-8,f490deababff5ce76a17ea0f321faa961ed8c44579c3190b37c75aa824941408
/Users/mic/Downloads/20250930/sz002352.csv,sz002352.csv,sz,002352,2010-02-05,2025-09-30,3745,368304,True,utf-8,6c7df6cf15292111cb1ac030806e15545c90bb933b1f493482923adfc2fbc648
/Users/mic/Downloads/20250930/sz002422.csv,sz002422.csv,sz,002422,2010-06-03,2025-09-30,3698,370346,True,utf-8,fa5bd72cfd282880ef09fedd5e5da717362339efe4ced8e32d91afe051ad3693
/Users/mic/Downloads/20250930/sh688121.csv,sh688121.csv,sh,688121,2021-09-06,2025-09-30,987,96945,True,utf-8,194bd1a0c7a22ea42f45dd96a4202ff18608736ace9daf4a636aa2c7a9f7ec6c
/Users/mic/Downloads/20250930/sh603112.csv,sh603112.csv,sh,603112,2020-09-17,2025-09-30,1222,120901,True,utf-8,f55d43e7b08da7085be06b5440e585a5146df4d88e257450ea75857332b9aa2f
/Users/mic/Downloads/20250930/sz000553.csv,sz000553.csv,sz,000553,1993-12-03,2025-09-30,7281,701613,True,utf-8,b60c5755fafff2e5dd83885db1daa44f71b68cfe89a3d4529249b3da784916bc
/Users/mic/Downloads/20250930/bj872925.csv,bj872925.csv,bj,872925,2020-03-20,2025-09-30,1014,95183,True,utf-8,2df963507e8d5c5fc2b951f8e9e1b24cff2f5aaa9e601d4160d9d0a007569ca0
/Users/mic/Downloads/20250930/sz002344.csv,sz002344.csv,sz,002344,2010-01-26,2025-09-30,3704,359712,True,utf-8,3099e5430deba82f24973db28a09a41cde09d24ee747ad09acef7a46ed81a89f
/Users/mic/Downloads/20250930/sz301193.csv,sz301193.csv,sz,301193,2021-12-09,2025-09-30,926,89965,True,utf-8,baf1d6e116a1b65e8ae00376e607f0bda6bc58a9ae068804266441be8b516fd5
/Users/mic/Downloads/20250930/sz002350.csv,sz002350.csv,sz,002350,2010-02-03,2025-09-30,3756,357654,True,utf-8,5d636bf86c7c0c792709ddc0d059e82c3ed3119c7f4590a209fcb6c8e1b80448
/Users/mic/Downloads/20250930/sz300299.csv,sz300299.csv,sz,300299,2012-03-19,2025-09-30,2929,279325,True,utf-8,ebbfc223a5d60e9ed108cee3b7c376ef901ceccaa4fe96aaf5da45934cf6a3d6
/Users/mic/Downloads/20250930/sh601077.csv,sh601077.csv,sh,601077,2019-10-29,2025-09-30,1441,140446,True,utf-8,6fbe10cbca0d67e4176461c51ca1a683492671780e6eac7e1297caec3a32e9ac
/Users/mic/Downloads/20250930/sz301187.csv,sz301187.csv,sz,301187,2022-04-22,2025-09-30,838,81819,True,utf-8,aa4a6b1f7b1fc7fa276f82e25f4f596dfdd64efe319a00f1827ee2b84a2d1245
/Users/mic/Downloads/20250930/sh600369.csv,sh600369.csv,sh,600369,2001-01-09,2025-09-30,5515,526545,True,utf-8,3b9548a575ffdc2e254a6730eb9e4035ed7358f3a2b3f4856d1cefa80fd4952d
/Users/mic/Downloads/20250930/bj872931.csv,bj872931.csv,bj,872931,2024-04-08,2025-09-30,364,34608,True,utf-8,8a1b17ad6cb5525966a1bf45887438a2b957e7c4b6512687c147ce739885ce0a
/Users/mic/Downloads/20250930/sz000547.csv,sz000547.csv,sz,000547,1993-11-30,2025-09-30,7222,692509,True,utf-8,fb29490a9f9836d42a580a7adfd4859a7a5c40c4a83e64d77cb34147f1f177cc
/Users/mic/Downloads/20250930/sh603660.csv,sh603660.csv,sh,603660,2016-12-01,2025-09-30,2146,205744,True,utf-8,a023677e083fe60c9817583c97d077ed8359cdcc5e58d558b69cfd838e0d60aa
/Users/mic/Downloads/20250930/sh688653.csv,sh688653.csv,sh,688653,2023-11-17,2025-09-30,456,45190,True,utf-8,a2afddf7bfb5e6ed9014dde857071ec7d1b962cab3861008d121bfd0ccd41852
/Users/mic/Downloads/20250930/sh605577.csv,sh605577.csv,sh,605577,2021-08-24,2025-09-30,996,99278,True,utf-8,935816d25646d3aa5375e21d0c63d7c5142944f420d7f62f0dee94acf94c9b0d
/Users/mic/Downloads/20250930/sh688135.csv,sh688135.csv,sh,688135,2020-11-11,2025-09-30,1189,117780,True,utf-8,68b308652717fa77bf0a481d48f060a4ca8465600344e44a30dd6cd69b4528ec
/Users/mic/Downloads/20250930/sh603106.csv,sh603106.csv,sh,603106,2017-09-20,2025-09-30,1949,185582,True,utf-8,c05cb4c59bcafbcc080300125b2d15d1ce838ff8cd2965943e38297342e04f3b
/Users/mic/Downloads/20250930/sz002436.csv,sz002436.csv,sz,002436,2010-06-18,2025-09-30,3555,345214,True,utf-8,5168632de081cf7e5774c97d8544cb005a9964dc334e20d363f617e85fb86bf1
/Users/mic/Downloads/20250930/bj838810.csv,bj838810.csv,bj,838810,2022-12-16,2025-09-30,678,62811,True,utf-8,7828693557d62d19c1126e8363b14d65722172afbf799737194a9d4105ced004
/Users/mic/Downloads/20250930/sz002378.csv,sz002378.csv,sz,002378,2010-03-31,2025-09-30,3734,361919,True,utf-8,766f92ec1bc0aae44abdba7cf74acaa68fc5bd61ae4e7f817d4bb97831b384d3
/Users/mic/Downloads/20250930/bj831834.csv,bj831834.csv,bj,831834,2022-08-22,2025-09-30,756,69988,True,utf-8,ebba00aee49f0969774eb9bcdafba688bc215682ab83085358ee64b60e37adde
/Users/mic/Downloads/20250930/sh603648.csv,sh603648.csv,sh,603648,2017-09-13,2025-09-30,1955,186778,True,utf-8,56376915167886683f1a66a77723ac5ce6d8f85eddacd5e80a114933cb0a8d9f
/Users/mic/Downloads/20250930/sh603890.csv,sh603890.csv,sh,603890,2017-12-12,2025-09-30,1896,185956,True,utf-8,671f855fda045a4e31411956f2b77ff3363f12e7ce1a99a8c822d2455b5f79be
/Users/mic/Downloads/20250930/sh600355.csv,sh600355.csv,sh,600355,2002-06-13,2025-09-30,5532,521170,True,utf-8,b9087d91696cd0cef9fb85f62cccd7f04f0b2b2a78c7052aa0115074c2a9f30f
/Users/mic/Downloads/20250930/sh600433.csv,sh600433.csv,sh,600433,2003-06-19,2025-09-30,5093,481767,True,utf-8,604be74bf8be4ae86fac527b29f7927ca28b31cc2b08be36f792c114a35015aa
/Users/mic/Downloads/20250930/sh688109.csv,sh688109.csv,sh,688109,2021-03-30,2025-09-30,1091,105204,True,utf-8,409f3987d8e2a699b5055c123883852972278d79ed41bc4020eb1d4deb24c523
/Users/mic/Downloads/20250930/sz300528.csv,sz300528.csv,sz,300528,2016-08-08,2025-09-30,2224,212856,True,utf-8,b6bc7aeb3af85d855c352bfda5519b72b8d248198e4c2825395e5cb274a9b50f
/Users/mic/Downloads/20250930/bj831175.csv,bj831175.csv,bj,831175,2023-12-14,2025-09-30,437,41752,True,utf-8,ebc70d2d9ef0f0a6d9053b81d344d1b2bf6f35a43099bf3e3a0f0159ecff934c
/Users/mic/Downloads/20250930/sz301636.csv,sz301636.csv,sz,301636,2025-05-16,2025-09-30,97,9477,True,utf-8,068f9dd24366c94356bf338ffd296146f3777805c3d85ba0e36727f3ecc6b174
/Users/mic/Downloads/20250930/sz301150.csv,sz301150.csv,sz,301150,2022-04-21,2025-09-30,839,81506,True,utf-8,fc56a5e580ce951009095e10216809610638ec2db57ad6c32e221ddc94c4cb55
/Users/mic/Downloads/20250930/sz002387.csv,sz002387.csv,sz,002387,2010-04-13,2025-09-30,3594,355073,True,utf-8,fdc2ea9421d4c1cf0391ff71fee150a6df6775c3a0ee94c7a4d28d79b230c46a
/Users/mic/Downloads/20250930/sz000590.csv,sz000590.csv,sz,000590,1996-01-19,2025-09-30,6918,653994,True,utf-8,7653868a87c8b5d5e8286c5fe36258bed86c777213e64ebb5bd1e60fbc80e868
/Users/mic/Downloads/20250930/sh688690.csv,sh688690.csv,sh,688690,2021-06-23,2025-09-30,1040,102530,True,utf-8,302b1ffaa65b5cef3b86311dbf7f8d516747849e1d0e50b5d85050e219d1d192
/Users/mic/Downloads/20250930/sz002393.csv,sz002393.csv,sz,002393,2010-04-23,2025-09-30,3746,385143,True,utf-8,bb61ada82dd93a7a904a5ee856f885d6a1b2486b2fe4ece67372441146dc623d
/Users/mic/Downloads/20250930/sz301622.csv,sz301622.csv,sz,301622,2024-12-04,2025-09-30,203,19777,True,utf-8,3cdd9c429665b532791bba65e938de9a8847a32057af2b23d50cf517a3250ba5
/Users/mic/Downloads/20250930/sz300514.csv,sz300514.csv,sz,300514,2017-04-26,2025-09-30,2052,197600,True,utf-8,afeb7d9cb1da04b48ba2d1b20d09cf29fe154bfa0f3e3fc12b0e8fc488efb6e3
/Users/mic/Downloads/20250930/sh600382.csv,sh600382.csv,sh,600382,2001-01-18,2025-09-30,5890,562296,True,utf-8,6c53a2b3369358c6f347aaac0c1c42e6f9f59b784b77fbdb486e06ed058b6043
/Users/mic/Downloads/20250930/bj839273.csv,bj839273.csv,bj,839273,2023-02-21,2025-09-30,637,59573,True,utf-8,1ef53ee9f1c25ee3ea3b976b86915e5119e3960a527a9dc70eb95ca00683a52f
/Users/mic/Downloads/20250930/sz300272.csv,sz300272.csv,sz,300272,2011-11-02,2025-09-30,3222,305975,True,utf-8,24ae6a827e6c9d16b213edf63f31a0a8630e9d3c2efa2e1da5febdb4721827c5
/Users/mic/Downloads/20250930/sh600396.csv,sh600396.csv,sh,600396,2001-03-28,2025-09-30,5785,555784,True,utf-8,971b5925288536d933a13f6320b77b0a7ea31b155a7f658284e794c80b9e5bc0
/Users/mic/Downloads/20250930/sz301178.csv,sz301178.csv,sz,301178,2021-11-12,2025-09-30,935,95320,True,utf-8,b87396b4793e5184c5ae61dcdcaf2ebb7fe8d409f712073cd2266002e32805ea
/Users/mic/Downloads/20250930/sh601088.csv,sh601088.csv,sh,601088,2007-10-09,2025-09-30,4296,436711,True,utf-8,782db5ca4d998ad40f6bc7a87947fde52d616db341b7fc37f8b1484a78df568b
/Users/mic/Downloads/20250930/sz300266.csv,sz300266.csv,sz,300266,2011-09-27,2025-09-30,3011,291735,True,utf-8,2a0fe8f78efd1ef9d8deff8ed42bb98086cf6a5fd7acb6efb02124fc0b8709b0
/Users/mic/Downloads/20250930/sh605588.csv,sh605588.csv,sh,605588,2021-08-12,2025-09-30,1004,97029,True,utf-8,65b5acd33f4253bf8976f69063d3a4d30e51e8f96a20ce37af3cfdbe5e50ec3e
/Users/mic/Downloads/20250930/sz300500.csv,sz300500.csv,sz,300500,2016-02-04,2025-09-30,2282,222728,True,utf-8,7ffc73ef13a3f20db188fae9e68171b0f4e230ee8b923b04f24a94e179159323
/Users/mic/Downloads/20250930/sz301391.csv,sz301391.csv,sz,301391,2022-12-01,2025-09-30,689,66663,True,utf-8,6a7ddcfc614b5db15c915e1e08e11f763407ed942d318d7e4151f70514b49ec9
/Users/mic/Downloads/20250930/sz002146.csv,sz002146.csv,sz,002146,2007-08-08,2025-09-30,4351,423727,True,utf-8,8e54519c52c2996ee6da367a3c6361b94c2d5759d16893f23369e0583f76925b
/Users/mic/Downloads/20250930/sh605007.csv,sh605007.csv,sh,605007,2020-11-10,2025-09-30,1190,118457,True,utf-8,85951af5c44c1791a0df66d42befed7c81c3c8300a46f56c5e285e220de232e5
/Users/mic/Downloads/20250930/sz000989.csv,sz000989.csv,sz,000989,2000-06-28,2025-09-30,5970,564766,True,utf-8,43e62a7e9534486ad4ce32a3778b88c069d119bea5c9aff71398e9e4d7e13863
/Users/mic/Downloads/20250930/sz000751.csv,sz000751.csv,sz,000751,1997-06-26,2025-09-30,6351,608984,True,utf-8,2f2eef8f2808d4249bb1169063be53ff8be2280aab430d706db5177ded39629b
/Users/mic/Downloads/20250930/sz000037.csv,sz000037.csv,sz,000037,1994-07-01,2025-09-30,7204,691069,True,utf-8,aa2bbba9d605a8ef512c3a9ea36c34b5cfc23b92b4c6b3fb66dea7a830b3bc59
/Users/mic/Downloads/20250930/sh603310.csv,sh603310.csv,sh,603310,2024-08-14,2025-09-30,276,26915,True,utf-8,a0b141633960c5e3ff80edffb97881c43b913cafde81ed752e272e155e122634
/Users/mic/Downloads/20250930/sh688323.csv,sh688323.csv,sh,688323,2021-04-28,2025-09-30,1076,106974,True,utf-8,61c6ec41c9018dbd522f350717a3e917c9c545a9087b92f5d6fb5cb2a13d890b
/Users/mic/Downloads/20250930/sz002620.csv,sz002620.csv,sz,002620,2011-09-29,2025-09-30,3348,317908,True,utf-8,714e671eb125112df5d5d589e51c6a1d4ddb84ef8e2f625bbb458b80b0aed783
/Users/mic/Downloads/20250930/sh600619.csv,sh600619.csv,sh,600619,1992-11-16,2025-09-30,7863,730521,True,utf-8,f286b7d868409ab87a3e36edc0fa721693c72d53340d1a0be38054d02317c9af
/Users/mic/Downloads/20250930/sz300931.csv,sz300931.csv,sz,300931,2021-01-21,2025-09-30,1139,110065,True,utf-8,49c4aabd9e4807370803d0b5a551b84202fe205e322363b5aef629e108adb7ac
/Users/mic/Downloads/20250930/sz002634.csv,sz002634.csv,sz,002634,2011-12-05,2025-09-30,3338,317769,True,utf-8,31a8d2f23d84949ee7808bde61fd3647c905cfe3ba3947146bcb76566b3a0c14
/Users/mic/Downloads/20250930/sz300925.csv,sz300925.csv,sz,300925,2020-12-30,2025-09-30,1154,116282,True,utf-8,5245757dd07d4f2ee97ade37c262471bd6e1adc357e1f7bc42acd71ea5a7fb15
/Users/mic/Downloads/20250930/sh688337.csv,sh688337.csv,sh,688337,2022-04-08,2025-09-30,838,81304,True,utf-8,ab5c8974ac95e6cac5dd64598c539c82a9e5b20d495f2df9bcdfe705480548c4
/Users/mic/Downloads/20250930/sz002152.csv,sz002152.csv,sz,002152,2007-08-13,2025-09-30,4340,421923,True,utf-8,fb196df038042eece8c96334f74449d127513f327ae41ad1c4a75ed9c12c3447
/Users/mic/Downloads/20250930/sh688479.csv,sh688479.csv,sh,688479,2023-05-11,2025-09-30,584,57912,True,utf-8,5b4c7507705d29646ee3711833adcd9de98e3dfc7dc8b96ca101265bacde3b6f
/Users/mic/Downloads/20250930/sh600143.csv,sh600143.csv,sh,600143,2004-06-23,2025-09-30,5032,483553,True,utf-8,0ff8d739aa4a4db60903dbe9ae625cfaccdc6faeb571c79723822e13c0754034
/Users/mic/Downloads/20250930/sh603338.csv,sh603338.csv,sh,603338,2015-03-25,2025-09-30,2549,256861,True,utf-8,95ebd8df90272e54d45d94ab9e1181f6c52e85369ab864525239395de6365cf2
/Users/mic/Downloads/20250930/sz001301.csv,sz001301.csv,sz,001301,2022-12-28,2025-09-30,670,65936,True,utf-8,959705be74cf5cc26746bfceea9a1769f8be7a371d8cda5949d6d187476b65c2
/Users/mic/Downloads/20250930/sz002608.csv,sz002608.csv,sz,002608,2011-08-10,2025-09-30,3038,292057,True,utf-8,a09b8fcbb3850b95201baa17d044c5e7ae131613b694d333d96bbef2ac9b90cf
/Users/mic/Downloads/20250930/sz300919.csv,sz300919.csv,sz,300919,2020-12-23,2025-09-30,1159,115486,True,utf-8,016140642303743b8ac7dddc882c6ba3614bab6904ebb759e3ab350da39c3f41
/Users/mic/Downloads/20250930/bj836395.csv,bj836395.csv,bj,836395,2022-09-01,2025-09-30,748,69759,True,utf-8,ac085ccd03505da25217ffc43d2a3e66e294389805dfbb3b71552e5e531a92a8
/Users/mic/Downloads/20250930/sh600157.csv,sh600157.csv,sh,600157,1998-05-13,2025-09-30,6082,586419,True,utf-8,fcabb458e1ff24486a833fe6dd2ef89b6436e658533dfea4e6a278d05f11578e
/Users/mic/Downloads/20250930/sz000779.csv,sz000779.csv,sz,000779,1997-05-28,2025-09-30,6623,630451,True,utf-8,dddd625ea36b83b5640b0503f0d2c79e18c3d7c6d2ba8f04930e695bc1d88d81
/Users/mic/Downloads/20250930/sz000792.csv,sz000792.csv,sz,000792,1997-09-04,2025-09-30,6204,616536,True,utf-8,0319669aeffa5caa7236988e3e2c5e749489350c740d21243168962cebb2b705
/Users/mic/Downloads/20250930/sh688486.csv,sh688486.csv,sh,688486,2023-02-21,2025-09-30,637,63390,True,utf-8,ec16e9b8d47faddf0aa686a49c35f1c82127766ff784ff66b310554954a49ed4
/Users/mic/Downloads/20250930/sz002185.csv,sz002185.csv,sz,002185,2007-11-20,2025-09-24,4314,417730,True,utf-8,fbaf6ac818f27cafd4cf6d71641de06d0dd30a0df097ce98584f7c6498097162
/Users/mic/Downloads/20250930/sh600802.csv,sh600802.csv,sh,600802,1994-01-03,2025-09-30,7659,729025,True,utf-8,50238fd07e774af7ebd4a72bbe0c214c005845d11aa9b3d7b4b7c79bdeb1d308
/Users/mic/Downloads/20250930/bj871753.csv,bj871753.csv,bj,871753,2022-10-31,2025-09-30,705,66525,True,utf-8,2b135a3b590c52e543325ac2ea4bdacf3c84cca329ce0091a5415e585a5534b0
/Users/mic/Downloads/20250930/sh600816.csv,sh600816.csv,sh,600816,1994-01-28,2025-09-30,7105,675860,True,utf-8,36b808d7046658df300077f93edd2d82d0f94e050862bec430875e305cdf855d
/Users/mic/Downloads/20250930/sz300058.csv,sz300058.csv,sz,300058,2010-02-26,2025-09-30,3584,346593,True,utf-8,2b1eb7ac9f65a356da0758b6da9b04a83d8937dd05393d071865e9f277e49671
/Users/mic/Downloads/20250930/sz002191.csv,sz002191.csv,sz,002191,2007-12-05,2025-09-30,4190,404252,True,utf-8,7f01c085a2a516bbcc80749febf56e77940a894be7f3d95b602060efa3f8b35e
/Users/mic/Downloads/20250930/sz000786.csv,sz000786.csv,sz,000786,1997-06-06,2025-09-30,6662,643955,True,utf-8,66c341479c7c5cbb64a5353db8c96fd96896dcd0be2a7c5ce1866e1ee52ec974
/Users/mic/Downloads/20250930/sz300070.csv,sz300070.csv,sz,300070,2010-04-21,2025-09-30,3665,360811,True,utf-8,d33137f685903a56ba95e33ea0fe0178f541b2e2b097493bfad5c5659ebe2ab3
/Users/mic/Downloads/20250930/sh600180.csv,sh600180.csv,sh,600180,1998-07-03,2025-09-30,6173,589484,True,utf-8,4d6ea908525b8673d65bf781cff89a4131d99c8a5abe27b1bfcfea67c3117779
/Users/mic/Downloads/20250930/sh603489.csv,sh603489.csv,sh,603489,2019-11-11,2025-09-30,1432,142793,True,utf-8,3d84eee45d015e11605c8a2debcaea589d6b3f57fa2171f50a09c0e98d40237b
/Users/mic/Downloads/20250930/sz002807.csv,sz002807.csv,sz,002807,2016-09-02,2025-09-30,2197,211820,True,utf-8,a19406fd1cb173bba9ecbab0db9f1de3dc6cb0e49801c8f7b3354c4662c94d59
/Users/mic/Downloads/20250930/sz301408.csv,sz301408.csv,sz,301408,2023-03-01,2025-09-30,631,61706,True,utf-8,1a1a7416ccafe69184bf1ea6289dfb2de40fcbb4ce0412a8fa58ef7fba4c09a5
/Users/mic/Downloads/20250930/sz300716.csv,sz300716.csv,sz,300716,2017-11-09,2025-09-30,1913,183806,True,utf-8,019a0078bc5acbbc42995e4ac2babdd62c71c0f4b2a94fa2c48c820cf78e875a
/Users/mic/Downloads/20250930/sz002813.csv,sz002813.csv,sz,002813,2016-10-12,2025-09-30,2128,204564,True,utf-8,60c3085a09b72be43c0a5b9067117a8de173944d6554c165ffaa756105c31f52
/Users/mic/Downloads/20250930/sz300702.csv,sz300702.csv,sz,300702,2017-09-19,2025-09-30,1951,192274,True,utf-8,445bfb7d811116c2de1a3f94be23f9606adc9a98e407d90c6ae72ccaff556b5c
/Users/mic/Downloads/20250930/sz000962.csv,sz000962.csv,sz,000962,2000-01-20,2025-09-30,5923,575336,True,utf-8,70a19864b9138fcf85c1dcbdccef5246381b0d053fd4eef0ea327d0a79dc7d7a
/Users/mic/Downloads/20250930/sz002032.csv,sz002032.csv,sz,002032,2004-08-17,2025-09-30,5031,489700,True,utf-8,f9fdddc733e704d1e0a983c6c3b20317a3b968f35aecfe3fc949e210d1aba96c
/Users/mic/Downloads/20250930/sz000625.csv,sz000625.csv,sz,000625,1997-06-10,2025-09-30,6619,645659,True,utf-8,734ee5ab47780875f1137f655978fb75af8f20eb0ee0ffc3d43c874713f53b10
/Users/mic/Downloads/20250930/sh688531.csv,sh688531.csv,sh,688531,2023-03-31,2025-09-30,609,59111,True,utf-8,1db52e0350b8310fb2814eff527ee9a713d78a1d826683afcaf5c116db07e7d7
/Users/mic/Downloads/20250930/sh688257.csv,sh688257.csv,sh,688257,2021-10-27,2025-09-30,957,93542,True,utf-8,c64d5f1cbfe8ee0b5c0aeb3526eebfdb5fdc1afc35a120531e548b7dca536fd9
/Users/mic/Downloads/20250930/sz300845.csv,sz300845.csv,sz,300845,2020-07-03,2025-09-30,1276,122912,True,utf-8,195bce225f4eae28b0c5d28c15df0624afe9f3232f6c316c2c516e0c2aa8aaad
/Users/mic/Downloads/20250930/sz300851.csv,sz300851.csv,sz,300851,2020-07-17,2025-09-30,1266,122824,True,utf-8,ade011b3a09397d093a9d9ce4f76c6f8d7e3d437c18550ca4d14b1353160acc3
/Users/mic/Downloads/20250930/sh600779.csv,sh600779.csv,sh,600779,1996-12-06,2025-09-30,6908,676654,True,utf-8,aaae3728351a3231f449bb0d5332932418855f7473289082b5d096d648653b19
/Users/mic/Downloads/20250930/sz002998.csv,sz002998.csv,sz,002998,2020-09-25,2025-09-30,1216,115588,True,utf-8,11221818cbdaf50c8d32487778698557ff1d425e5d6d21a999d77c95d7b91cb7
/Users/mic/Downloads/20250930/sz300689.csv,sz300689.csv,sz,300689,2017-08-09,2025-09-30,1980,193162,True,utf-8,a3f2742e00f181dad418e489ddbe8f943308eb17b6fafa40b2c3f007007e4eb2
/Users/mic/Downloads/20250930/sh603270.csv,sh603270.csv,sh,603270,2023-09-01,2025-09-30,505,49161,True,utf-8,f01d56974c5d30f53495abb7d9584905e5752ab725b7b12a3cf5a7cc73c08ba4
/Users/mic/Downloads/20250930/sz000157.csv,sz000157.csv,sz,000157,2000-10-12,2025-09-30,5922,568129,True,utf-8,94c580dd34a3458b90f4d862d6e54ddddec1bea4784707fe2179a7ab0318d3e9
/Users/mic/Downloads/20250930/sz000631.csv,sz000631.csv,sz,000631,1996-11-22,2025-09-30,6211,590826,True,utf-8,5cdf469ed27f02f9bdcf1ceb8728e5df87135ae86e536c5af966c151948d24d0
/Users/mic/Downloads/20250930/sh603516.csv,sh603516.csv,sh,603516,2018-02-02,2025-09-30,1859,183227,True,utf-8,ea4759ea124a0fda954c149294b8575bf29265b658ad589307fb5de3941c3e81
/Users/mic/Downloads/20250930/sh688525.csv,sh688525.csv,sh,688525,2022-12-30,2025-09-30,668,65769,True,utf-8,6e136ffe7b248078b3255569929daea14f7af0ca701531c3d29f17f2f1c94c92
/Users/mic/Downloads/20250930/sh605167.csv,sh605167.csv,sh,605167,2021-07-26,2025-09-30,1017,96815,True,utf-8,b06839653a02073196b3bfbea943006007d57f57dfbf8675c30e9e07b4744ce3
/Users/mic/Downloads/20250930/sz002026.csv,sz002026.csv,sz,002026,2004-07-27,2025-09-30,4992,471928,True,utf-8,8cdff633bec3b534be3242e53a96d9d37184e31203a009a18343a2435733f520
/Users/mic/Downloads/20250930/sz000619.csv,sz000619.csv,sz,000619,1996-10-23,2025-09-30,6909,647909,True,utf-8,4d0dee7341d6c25f1d62fff300b5c7617ea16068a51345a2ffe0df114f2509fc
/Users/mic/Downloads/20250930/sh600037.csv,sh600037.csv,sh,600037,2001-02-08,2025-09-30,5908,570505,True,utf-8,2dec9fd34afbc2fa4837b91555e397ab620685f2c51abdb2be747a0451e810b1
/Users/mic/Downloads/20250930/sz300879.csv,sz300879.csv,sz,300879,2020-09-01,2025-09-30,1234,118258,True,utf-8,f58d3ce01c27da75aea5b082e77f4fab5fae043a3b26b0d3de2671723bde0ceb
/Users/mic/Downloads/20250930/sh600751.csv,sh600751.csv,sh,600751,1996-09-09,2025-09-30,6372,604955,True,utf-8,2550928bd78252c0bf75d9f95e611f3e77b3a61bdb2507a83db08e29c504eb9e
/Users/mic/Downloads/20250930/sz002768.csv,sz002768.csv,sz,002768,2015-06-30,2025-09-30,2492,245121,True,utf-8,77a4db4755bc84bd7e08f74ca66c3388a7fdb702125a07d6ac89372f2df90067
/Users/mic/Downloads/20250930/sh600989.csv,sh600989.csv,sh,600989,2019-05-16,2025-09-30,1552,155981,True,utf-8,d0eb3fde70cc2a75e525ce4eedb7f7df1e7e918ac91f303254fc6cf0d359264f
/Users/mic/Downloads/20250930/sh603258.csv,sh603258.csv,sh,603258,2016-10-26,2025-09-30,2174,212969,True,utf-8,1c9208dfd5f4c94fd51c12d4e903f939c9e0c648a72fa0b092e3b550bdf0f94f
/Users/mic/Downloads/20250930/sh600745.csv,sh600745.csv,sh,600745,1996-08-28,2025-09-30,6195,603624,True,utf-8,99a25f96b9bb86a1cb782677152727ead269c3154903cbebd31c6c066e3e86f3
/Users/mic/Downloads/20250930/sh600023.csv,sh600023.csv,sh,600023,2013-12-19,2025-09-30,2868,281530,True,utf-8,ecc0335e6ee03c2d60fb13a138be91fcf48ea382ca301f6c8f8fc6cb0efa7152
/Users/mic/Downloads/20250930/sh688519.csv,sh688519.csv,sh,688519,2020-08-18,2025-09-30,1244,122457,True,utf-8,f3d338b84f4f117a2ef59bcd127816c2c56eda26af34c447a018fc5dced76caa
/Users/mic/Downloads/20250930/sz301226.csv,sz301226.csv,sz,301226,2022-03-25,2025-09-30,856,82865,True,utf-8,999b6eff94c0502dba501a411f0012cd93ffcc6417f90fa0e2ef9d5d640018de
/Users/mic/Downloads/20250930/bj838227.csv,bj838227.csv,bj,838227,2022-12-28,2025-09-30,670,63857,True,utf-8,40a01651a7c2674a4febb5d71e7e307aa6cb0ebd32862311528a436bdbafa3d0
/Users/mic/Downloads/20250930/sz300138.csv,sz300138.csv,sz,300138,2010-11-05,2025-09-30,3593,348082,True,utf-8,9beaaed5ef24c9d3a2e5ff3f55b8392829d8a6162095d48626d6e8b178123d89
/Users/mic/Downloads/20250930/sh600976.csv,sh600976.csv,sh,600976,2004-04-19,2025-09-30,5139,497824,True,utf-8,50a42339d0e80bd71192c7b6bac6b1550c99eb492e2d5012b9571f342fe39ae3
/Users/mic/Downloads/20250930/sz002797.csv,sz002797.csv,sz,002797,2016-05-11,2025-09-30,2268,222557,True,utf-8,3790d7187fb8b536c733d982c92a36ea17170d83332e9c1448627c45536699a5
/Users/mic/Downloads/20250930/sz300886.csv,sz300886.csv,sz,300886,2020-09-16,2025-09-30,1213,117009,True,utf-8,d8fdb7bb37f321e1a9735c85d66ebcf48d9cfbb1e866708bb82895b52545d013
/Users/mic/Downloads/20250930/sh688280.csv,sh688280.csv,sh,688280,2021-10-27,2025-09-30,957,91048,True,utf-8,af66fbc683f2a2aeedb12b3baf6dd0c7f250239a16c6cbcbd19477013fc32f6b
/Users/mic/Downloads/20250930/sh600962.csv,sh600962.csv,sh,600962,2004-06-22,2025-09-30,4994,479952,True,utf-8,fc67babd61c0716d920f0a11d8fd81930634c52cb4d7ead3072044c671c295e1
/Users/mic/Downloads/20250930/sz002783.csv,sz002783.csv,sz,002783,2015-12-09,2025-09-30,2387,230497,True,utf-8,4e33c07c803679e8a0f894f66f613f8bfed7e4ad14c409feb05f73f26e632fb5
/Users/mic/Downloads/20250930/sz300892.csv,sz300892.csv,sz,300892,2020-09-24,2025-09-30,1217,117687,True,utf-8,c3b37524b63c79eacd854044c580b47dc835ba104edf3c0c92dea2881409445f
/Users/mic/Downloads/20250930/sz301232.csv,sz301232.csv,sz,301232,2023-06-15,2025-09-30,559,53936,True,utf-8,05cfe3cbf238039aec0a2ec2b52c9931141122b4ac34e558be9ef5fa507a5309
/Users/mic/Downloads/20250930/sz000802.csv,sz000802.csv,sz,000802,1998-01-08,2025-09-30,6469,611664,True,utf-8,23633ff3e07a5cdd059832924ee11b4ce4d63fcb99711b151c1a338b92b1d719
/Users/mic/Downloads/20250930/sz300662.csv,sz300662.csv,sz,300662,2017-06-08,2025-09-30,1976,197598,True,utf-8,1b5ef3836d1a0c51f01992453f9864808a865ba2bd2ffdff4407b4b0f009e77b
/Users/mic/Downloads/20250930/sz002973.csv,sz002973.csv,sz,002973,2020-01-06,2025-09-30,1393,136709,True,utf-8,e130e5c4c242f2b4e87bd94edb29cc1c96f3d9fe3e02d9f9a8836f8d3b324043
/Users/mic/Downloads/20250930/sh600792.csv,sh600792.csv,sh,600792,1997-01-23,2025-09-30,6659,617902,True,utf-8,b5e1f55690f0ffb711fc4cf5208836590d49eba4eec659d57cca5f5520c6d248
/Users/mic/Downloads/20250930/sz300676.csv,sz300676.csv,sz,300676,2017-07-14,2025-09-30,1988,201597,True,utf-8,297ec2d9c6b80234637f2fb476ff0f795771bf2f92940351d5fe2993afdacc22
/Users/mic/Downloads/20250930/sz002967.csv,sz002967.csv,sz,002967,2019-11-08,2025-09-30,1433,142297,True,utf-8,f84705c43c28b661de3968f16a0eb27a8c5188f3433460b63e6437b1289873ff
/Users/mic/Downloads/20250930/sz301568.csv,sz301568.csv,sz,301568,2023-11-28,2025-09-30,449,43649,True,utf-8,dffe8fa0d363ba21c531e910d7d61eb7424dd96fd5c2dce14d8d7cd592a703c5
/Users/mic/Downloads/20250930/sz000816.csv,sz000816.csv,sz,000816,1997-08-18,2025-09-30,6657,647657,True,utf-8,ef72a1865b6c3ae457fc5a22cc3a17f4e7a03cbf65e146ef2d720ebb50fdaf61
/Users/mic/Downloads/20250930/sh605198.csv,sh605198.csv,sh,605198,2020-09-18,2025-09-30,1221,116451,True,utf-8,6e36fe6a3fdc401afd5184456f2ef3212fded7c36df17cdc0859398483678d2c
/Users/mic/Downloads/20250930/sz300110.csv,sz300110.csv,sz,300110,2010-08-25,2025-09-30,3431,328698,True,utf-8,c076886057c37d2ca67b992ee9c5709fa9822ef997e8eeeab0918796836c7e2a
/Users/mic/Downloads/20250930/sz002556.csv,sz002556.csv,sz,002556,2011-03-02,2025-09-30,3524,340434,True,utf-8,52fbf53c3fc84c8971bf36efb79666db53c504438f50814c1316902010e5401e
/Users/mic/Downloads/20250930/sh603066.csv,sh603066.csv,sh,603066,2015-06-11,2025-09-30,2425,231171,True,utf-8,b350332ce4c0fb8422edda2c1209caa7e39d29f14d2d12ca35a50a6b21beeb13
/Users/mic/Downloads/20250930/sh688055.csv,sh688055.csv,sh,688055,2020-08-17,2025-09-30,1245,122903,True,utf-8,66725c810fbb0c26b41cdce66fc5df44fddb01a2e579fcdc411648bf6fac3421
/Users/mic/Downloads/20250930/sh688733.csv,sh688733.csv,sh,688733,2021-08-17,2025-09-30,1001,98340,True,utf-8,3f2400754b13b15af4dfd779643db662296f98e62237d5e51a3a5be0aca1d693
/Users/mic/Downloads/20250930/sh603700.csv,sh603700.csv,sh,603700,2019-01-22,2025-09-30,1625,158814,True,utf-8,18252dbba3f0d9b68e9bbc9706bb7975591d0275ae3286296544cdb0e927d8b4
/Users/mic/Downloads/20250930/sh601117.csv,sh601117.csv,sh,601117,2010-01-07,2025-09-30,3816,372315,True,utf-8,b9526d8678f713cfdac8cda85c93c32cc248fcd4b911f1b143921deff7ed50e3
/Users/mic/Downloads/20250930/sz002230.csv,sz002230.csv,sz,002230,2008-05-12,2025-09-30,4142,413920,True,utf-8,b739c7e7771523e979c9eb6e1fd0c9d303ad488146902d2be740d59288f9b4d1
/Users/mic/Downloads/20250930/sz002224.csv,sz002224.csv,sz,002224,2008-04-25,2025-09-30,4113,390510,True,utf-8,d11f99fc17e7e99b3365ea3c2bf2db462b99435775f767e3fba65a44e22bc97d
/Users/mic/Downloads/20250930/sh605365.csv,sh605365.csv,sh,605365,2021-07-20,2025-09-30,1021,98778,True,utf-8,50db166445fc690aff0776fa936536e87813654c74e2241db5ad2fc066965948
/Users/mic/Downloads/20250930/sh603072.csv,sh603072.csv,sh,603072,2025-01-03,2025-09-30,182,17816,True,utf-8,1b040e9726d23f5a82b0a89b20849383ffec75990aacd2740f58ab8ccf45932a
/Users/mic/Downloads/20250930/sh688041.csv,sh688041.csv,sh,688041,2022-08-12,2025-09-30,752,76953,True,utf-8,298538403737e8d434e95abeabac8cb189e361a0e98685c33a21f2a2a2b5432f
/Users/mic/Downloads/20250930/sz002542.csv,sz002542.csv,sz,002542,2011-01-28,2025-09-30,3376,322813,True,utf-8,d513b95fc4ae7bf2a450654cfa8ee6a577a0ed715c8021027c44b7568146cd2d
/Users/mic/Downloads/20250930/bj836961.csv,bj836961.csv,bj,836961,2023-12-21,2025-09-30,432,41704,True,utf-8,ce3ef482954a2a91455ef39eab49164ead6c84d0b71477582e1366c637b9f8b2
/Users/mic/Downloads/20250930/sh601665.csv,sh601665.csv,sh,601665,2021-06-18,2025-09-30,1043,103498,True,utf-8,179d81ce02f719b29363df66c695ea33e423cc0189c0424d427b73960149b407
/Users/mic/Downloads/20250930/sh688069.csv,sh688069.csv,sh,688069,2020-07-22,2025-09-30,1263,123067,True,utf-8,847f0bd395141a1864c4c4031eb5fefb70e4a314cc93304cecd4cb79a5dd0105
/Users/mic/Downloads/20250930/sh600235.csv,sh600235.csv,sh,600235,2000-06-15,2025-09-30,6067,570882,True,utf-8,40c05064d1613eb16104e637679c7b929050f45503e5e1dfea88830a4df8a54b
/Users/mic/Downloads/20250930/sh603728.csv,sh603728.csv,sh,603728,2017-05-09,2025-09-30,2044,199620,True,utf-8,7eac9a4b0cf829af604d789af4823d92caf46a509cdc9fe299703b868410e35a
/Users/mic/Downloads/20250930/sh600221.csv,sh600221.csv,sh,600221,1999-11-25,2025-09-30,5999,590021,True,utf-8,33947b9b3768d9ea3b4d2d8618c1998ea717d963edfe691227b6bad97a7f0d79
/Users/mic/Downloads/20250930/sz002218.csv,sz002218.csv,sz,002218,2008-02-28,2025-09-30,4253,405639,True,utf-8,8e9ed67911224db99ddd3a498257ec078bbe6f99b26d6e77ff638053d96a206c
/Users/mic/Downloads/20250930/sh600547.csv,sh600547.csv,sh,600547,2003-08-28,2025-09-30,5129,505290,True,utf-8,a8bf4c189f627d5a11381fa2c723969df40b176ead22bf5b594a13002ebe7dd4
/Users/mic/Downloads/20250930/sh601881.csv,sh601881.csv,sh,601881,2017-01-23,2025-09-30,2112,212055,True,utf-8,d5cf1832f39da977457a05cdaee60748b4d67ba3961f5fc314b52f62fd2295d7
/Users/mic/Downloads/20250930/sh688096.csv,sh688096.csv,sh,688096,2020-04-09,2025-09-30,1332,125833,True,utf-8,a8c1e66b9a324da8623402b53a3858318469634fc4bf77df218e570917ee3e60
/Users/mic/Downloads/20250930/sz002595.csv,sz002595.csv,sz,002595,2011-06-28,2025-09-30,3464,344872,True,utf-8,9e8110bf76697314606018a9b651a5b84f7c35b3ddb0b067fd9bb53fc92a2026
/Users/mic/Downloads/20250930/sz301024.csv,sz301024.csv,sz,301024,2021-07-28,2025-09-30,1015,97406,True,utf-8,2fbce70c86b13bb0a29c05e4ed9993a82621d6cf5030b2deea725f53b4f15881
/Users/mic/Downloads/20250930/bj920118.csv,bj920118.csv,bj,920118,2024-08-22,2025-09-30,270,26024,True,utf-8,f008268b59115ffdc26221cd1d0ced4c2262832d5173e03f35caef7fc4c57946
/Users/mic/Downloads/20250930/sz301030.csv,sz301030.csv,sz,301030,2021-07-22,2025-09-30,1019,102469,True,utf-8,267900108b6b8d355f54493a7710296614fe4ed914c404ff6a958373e608b17e
/Users/mic/Downloads/20250930/sz002581.csv,sz002581.csv,sz,002581,2011-05-20,2025-09-30,3382,327752,True,utf-8,bc90f3eb4d18e155738180e0e7c72fa48ec6f558b01ca33094babe90ed0949b3
/Users/mic/Downloads/20250930/sz300448.csv,sz300448.csv,sz,300448,2015-04-24,2025-09-30,2535,240368,True,utf-8,50b6cdcb264d23f2df179e5957c1c22ee407047d58129bf659dad47b92dda695
/Users/mic/Downloads/20250930/sh688082.csv,sh688082.csv,sh,688082,2021-11-18,2025-09-30,941,94361,True,utf-8,f39c432423946e193fc5914138a5dd07961e077f4046ea77765fdd83ae04504d
/Users/mic/Downloads/20250930/sh600590.csv,sh600590.csv,sh,600590,2002-07-03,2025-09-30,5359,501893,True,utf-8,a005a6a54a5b6ee7f60b2842acc0b52c55662e381dd7188a9aa4076e9a3a7320
/Users/mic/Downloads/20250930/sz300460.csv,sz300460.csv,sz,300460,2015-05-15,2025-09-30,2512,247074,True,utf-8,68baf768abd40913721cc8fee933086256c35078ff0719a8b16ee761b650c951
/Users/mic/Downloads/20250930/sh603099.csv,sh603099.csv,sh,603099,2014-08-22,2025-09-30,2702,261871,True,utf-8,086329deff056f95a42f86ae90e0ff99731e48bbeeac29953bdaf0494322fcdd
/Users/mic/Downloads/20250930/sh603927.csv,sh603927.csv,sh,603927,2019-09-09,2025-09-30,1471,145796,True,utf-8,220638a9ec7767898e3a5f5b317110a0c910b03bd8428d344a010ac9f9730a63
/Users/mic/Downloads/20250930/sz300306.csv,sz300306.csv,sz,300306,2012-03-29,2025-09-30,3186,305546,True,utf-8,c2c800790ab8aa461d7f00d5d052aef81ccb1144c46070798ebb12759743e66f
/Users/mic/Downloads/20250930/sz301018.csv,sz301018.csv,sz,301018,2021-07-07,2025-09-30,1030,101944,True,utf-8,60479a961e5f2c4bd15e109151cf13ad4f476e47b6592181389c507d52f71b52
/Users/mic/Downloads/20250930/sh603933.csv,sh603933.csv,sh,603933,2017-07-06,2025-09-30,2004,197062,True,utf-8,ab1d639329dcc9423b6b3cac54fc152a7a99820376d301be2ad668839da82397
/Users/mic/Downloads/20250930/sh600584.csv,sh600584.csv,sh,600584,2003-06-03,2025-09-30,5119,500493,True,utf-8,0a04abf3b35cceff52a1297417c223d5a574bda319386f3b9061831a32fcd22d
/Users/mic/Downloads/20250930/sz300474.csv,sz300474.csv,sz,300474,2016-03-31,2025-09-30,2305,228376,True,utf-8,aee58968adbb9c2c5dac0d7f4d87837981a7fe14b26660ce5ca92b35df0a0725
/Users/mic/Downloads/20250930/sz300313.csv,sz300313.csv,sz,300313,2012-04-25,2025-09-30,2983,287139,True,utf-8,2d7426446c9f94595c8f03932716b617d7d27d3ae69dda7045c2dee098e5acb3
/Users/mic/Downloads/20250930/sz300475.csv,sz300475.csv,sz,300475,2015-06-10,2025-09-30,2480,238377,True,utf-8,b2305a46e2a99ca8ed1d1e974da29a0984f4edca0a3bb16dd582d1aecaaeb918
/Users/mic/Downloads/20250930/sh600585.csv,sh600585.csv,sh,600585,2002-02-07,2025-09-30,5682,574048,True,utf-8,1b3702d6ffce456cac9714ee4d09a09793b2cf8a5b36f6325ec5ef2562af09da
/Users/mic/Downloads/20250930/sh603098.csv,sh603098.csv,sh,603098,2016-12-16,2025-09-30,2136,207351,True,utf-8,d8c764ba49d0902e73add8b05cecac38b654a517f30541cc39c8ceca1c152c6e
/Users/mic/Downloads/20250930/sz300461.csv,sz300461.csv,sz,300461,2015-05-19,2025-09-30,2312,225516,True,utf-8,9375dedc209d203da026b47af17782c0d9fefd8532344d7d39ef347daaf94420
/Users/mic/Downloads/20250930/sh601857.csv,sh601857.csv,sh,601857,2007-11-05,2025-09-30,4347,432058,True,utf-8,69fa6839cb834d80f2a851f496abb1be6c63dce84a56a4ed4af494fe71a7993b
/Users/mic/Downloads/20250930/sz301019.csv,sz301019.csv,sz,301019,2021-06-28,2025-09-30,1037,97984,True,utf-8,39cfbb5e46cc2e9c4b55a5622621d073f92e4bd0b168055ede5478211eac7aba
/Users/mic/Downloads/20250930/sz300307.csv,sz300307.csv,sz,300307,2012-03-29,2025-09-30,3247,311844,True,utf-8,a98109f55659d0d67033f449aeb02485c7b8633daca58d2ed319f5904ed4a2d2
/Users/mic/Downloads/20250930/sh603926.csv,sh603926.csv,sh,603926,2017-05-10,2025-09-30,2043,194935,True,utf-8,aa7c6d49b8928fb20dec8a34fa4c5a35b2aa233a13b388e6b2712b02ff401855
/Users/mic/Downloads/20250930/sz301031.csv,sz301031.csv,sz,301031,2021-07-15,2025-09-30,1024,100236,True,utf-8,b0186125b42aa098694d13914e758a9b11cf0d06c7de2337fa3c75e6db755b11
/Users/mic/Downloads/20250930/bj838030.csv,bj838030.csv,bj,838030,2016-12-23,2025-09-30,1251,119446,True,utf-8,90fee57a727c9d61965b804f5f6e723585f292cbc154bc6acf64aa95cdb47368
/Users/mic/Downloads/20250930/sh688083.csv,sh688083.csv,sh,688083,2021-03-11,2025-09-30,1109,110504,True,utf-8,38400ed2ca8e6ed3d7453b873ba596955fca6d083e5eb8048b5dbbc029989689
/Users/mic/Downloads/20250930/sz300449.csv,sz300449.csv,sz,300449,2015-04-22,2025-09-30,2444,235914,True,utf-8,fdebac190fe780a942f8650961f9bcf8e6c749ae172d835e4ce6338f335c353d
/Users/mic/Downloads/20250930/sz002580.csv,sz002580.csv,sz,002580,2011-05-06,2025-09-30,3341,318044,True,utf-8,2ab47d60a70e79f4736fa10c9a5b143e6a433338456496dd3c4b84e512e73eed
/Users/mic/Downloads/20250930/sz002594.csv,sz002594.csv,sz,002594,2011-06-30,2025-09-30,3454,349232,True,utf-8,e7c8778f2bbba4044558ab4aea2db560d0ebf3559e6803f18bbd32d48da69ec8
/Users/mic/Downloads/20250930/sh688097.csv,sh688097.csv,sh,688097,2021-05-12,2025-09-30,1069,105789,True,utf-8,02ad265a8c79fc75f7604c5bdb5896ede258688e2369e5c7e74cd3160bc87b10
/Users/mic/Downloads/20250930/bj833171.csv,bj833171.csv,bj,833171,2022-12-15,2025-09-30,679,64438,True,utf-8,722f4f2186efa3af952c09e7c108a1bd0abe76244c6a4b3114cddab6ffc628f3
/Users/mic/Downloads/20250930/sz301025.csv,sz301025.csv,sz,301025,2021-07-19,2025-09-30,1022,100387,True,utf-8,18260b0f9b3dd75520239e567d3723676e043369973450197ddcdda7ee5727e8
/Users/mic/Downloads/20250930/sz002219.csv,sz002219.csv,sz,002219,2008-03-06,2025-09-30,3788,362378,True,utf-8,e06ccab4157f7f479f1e1a3e717ef8add39d68f92d0a85373d7bb8a6d01b6d06
/Users/mic/Downloads/20250930/sh603729.csv,sh603729.csv,sh,603729,2015-03-24,2025-09-30,2483,240876,True,utf-8,b60fa70dec58978ae2a77347cc63b82fdba7faff8eb56eb4d5f09c8d8b35f406
/Users/mic/Downloads/20250930/sh605358.csv,sh605358.csv,sh,605358,2020-09-11,2025-09-30,1226,121774,True,utf-8,8c1813e1bdc6ba281fb6df8b07463142251eb5b9d17350afd4cb67244f4321b5
/Users/mic/Downloads/20250930/sh601880.csv,sh601880.csv,sh,601880,2010-12-06,2025-09-30,3582,348195,True,utf-8,7e1f4e043a28ec1e8c5414cae39a70420f9c34020da842bbb636fc399e7d5965
/Users/mic/Downloads/20250930/bj838971.csv,bj838971.csv,bj,838971,2022-09-27,2025-09-30,731,71185,True,utf-8,93981f7c63244f268047fd657c8bc36f201c0e9f730ae9436f347322701240f4
/Users/mic/Downloads/20250930/sh600546.csv,sh600546.csv,sh,600546,2003-07-31,2025-09-30,5248,498603,True,utf-8,cf980f19d99495dfcd565f620c7976b825ce8bbfc8ad3b685251adec84b680f0
/Users/mic/Downloads/20250930/sh601658.csv,sh601658.csv,sh,601658,2019-12-10,2025-09-30,1411,146178,True,utf-8,7e56d0a11a043443709e598478301b5fe325da5291e5f52e1b451fbc94c29e35
/Users/mic/Downloads/20250930/sh600552.csv,sh600552.csv,sh,600552,2002-11-08,2025-09-30,5235,499550,True,utf-8,51e2ffa4b674c730d057dc2b9af76dc28574c9b04f87afed3d1688efb6105d4b
/Users/mic/Downloads/20250930/sh688068.csv,sh688068.csv,sh,688068,2019-09-30,2025-09-30,1456,147854,True,utf-8,c786a288d948a6d5e9f04ba12d6a30fb2608940359326c3f9cabf35f77eb5550
/Users/mic/Downloads/20250930/sh600234.csv,sh600234.csv,sh,600234,2000-06-15,2025-09-30,5634,525868,True,utf-8,e4d52f0cad1080b5c4ed345cec6ce65f3aed21601e274b64d7e6753151078ba6
/Users/mic/Downloads/20250930/sh688726.csv,sh688726.csv,sh,688726,2024-10-29,2025-09-30,229,22264,True,utf-8,9d07c7423b514946801218c7ca9fde9a973d5408cde299d9aa34933d7d486109
/Users/mic/Downloads/20250930/sz002225.csv,sz002225.csv,sz,002225,2008-04-25,2025-09-30,4105,389271,True,utf-8,91c95ad25f7f8bc120d45035aa2bbbd743b8989f14d9a4e52f228acfe6e4d27b
/Users/mic/Downloads/20250930/sz002543.csv,sz002543.csv,sz,002543,2011-01-28,2025-09-30,3529,326895,True,utf-8,90defa4261da007dd9c2a3bfa86b246d3d992cd598ff08b1b4b7a60e34b9e1f2
/Users/mic/Downloads/20250930/sh603073.csv,sh603073.csv,sh,603073,2023-03-16,2025-09-30,620,59869,True,utf-8,ecb8ad016bb6cb3145784c5341d5fa5b482b0fb18fd2d8ddb8bcd75f2e1a8055
/Users/mic/Downloads/20250930/sh603067.csv,sh603067.csv,sh,603067,2016-09-13,2025-09-30,2185,208397,True,utf-8,e96019da176fba84509341d8663f3bdb1b1b4438866adcc3ef21daed52e200d5
/Users/mic/Downloads/20250930/sz002557.csv,sz002557.csv,sz,002557,2011-03-02,2025-09-30,3503,343176,True,utf-8,f467dac3bd0f170191bc57bcd9d358eaf9429fcba313695ab8b98f69c66619fc
/Users/mic/Downloads/20250930/sz002231.csv,sz002231.csv,sz,002231,2008-05-12,2025-09-30,4071,385902,True,utf-8,26884bece5d811d079245bf6fb0925d087549429c979fad35f0e1364bc55200f
/Users/mic/Downloads/20250930/sh601116.csv,sh601116.csv,sh,601116,2011-03-02,2025-09-30,3529,337973,True,utf-8,797d538084fc42a83fe3a8c8168812c742ce4e519e710bc187fe9c3ce2b3310f
/Users/mic/Downloads/20250930/sh600208.csv,sh600208.csv,sh,600208,1999-06-23,2025-09-30,6173,593049,True,utf-8,151dbfbcf5216bd6387db1f7a9e6bfb335c69d66f3d038bb739b14dc161f7cb1
/Users/mic/Downloads/20250930/sz000426.csv,sz000426.csv,sz,000426,1996-08-28,2025-09-30,6619,637940,True,utf-8,d037824f3a64c7f574c886a290ca750fe4458223b098c24f7b370a8648191cb8
/Users/mic/Downloads/20250930/sh603701.csv,sh603701.csv,sh,603701,2016-04-12,2025-09-30,2281,220302,True,utf-8,1ee0240f37f17c47ce469c1f2b12ef66da66a5f0d9086739cc99132579d6ae9c
/Users/mic/Downloads/20250930/sh600787.csv,sh600787.csv,sh,600787,1997-01-21,2025-09-30,6856,654282,True,utf-8,a937936f92a62edb815d9fd3ef1f2a36caf7450a1387f600885c793d78fd2078
/Users/mic/Downloads/20250930/sz002966.csv,sz002966.csv,sz,002966,2019-08-02,2025-09-30,1497,148081,True,utf-8,2a6365624fe3e0c93374313d847e8ee2eb1e1f681a8b113ca3e41b719e36775d
/Users/mic/Downloads/20250930/sz300677.csv,sz300677.csv,sz,300677,2017-07-21,2025-09-30,1993,197684,True,utf-8,441d3e35bfa3a3c458123337fe7ec2b7161e7e20dd1b6a162d807d1f22d8909f
/Users/mic/Downloads/20250930/sz300111.csv,sz300111.csv,sz,300111,2010-08-27,2025-09-30,3450,331112,True,utf-8,11be49925e3418d21d5327b94090b4afe7d6208311ad62d2de70e647ab5894e3
/Users/mic/Downloads/20250930/sh605199.csv,sh605199.csv,sh,605199,2020-07-10,2025-09-30,1270,123812,True,utf-8,aa025f3ad9e426003074527a8e106308341157ecbc22dcdeffd706ac186764cc
/Users/mic/Downloads/20250930/sz000803.csv,sz000803.csv,sz,000803,1998-03-03,2025-09-30,6294,585984,True,utf-8,eb0943d9ac64c5ebbec3009c703697eb88c2dbc1512071088b684a404d866b24
/Users/mic/Downloads/20250930/sz300105.csv,sz300105.csv,sz,300105,2010-08-20,2025-09-30,3669,351130,True,utf-8,8ddfcd4555b077ecc92f747b67c305eec83e1af748ba82886cfe40eb22c87a11
/Users/mic/Downloads/20250930/sh600793.csv,sh600793.csv,sh,600793,1997-02-20,2025-09-30,6667,628198,True,utf-8,a840510e48699fcc53923b463931a3fc452feb2e2af70e98c4fd494cd4461f01
/Users/mic/Downloads/20250930/sz002972.csv,sz002972.csv,sz,002972,2019-12-27,2025-09-30,1398,136141,True,utf-8,bdca8a8646162551b457f46cf9044550e62fb018ebea2ad79010c9c47bc834bf
/Users/mic/Downloads/20250930/sz300663.csv,sz300663.csv,sz,300663,2017-06-08,2025-09-30,2024,201625,True,utf-8,74a6ed12d0967e68f7b74c55528ec21c70ac8a783005d36b16228587b428c202
/Users/mic/Downloads/20250930/bj833429.csv,bj833429.csv,bj,833429,2022-12-15,2025-09-30,679,64546,True,utf-8,27393554d588139e3204273ebb8c6908f1ad3144e5823bfd1ad7c70d08875081
/Users/mic/Downloads/20250930/sz301555.csv,sz301555.csv,sz,301555,2023-10-31,2025-09-30,469,45332,True,utf-8,a29755d0bba990e59a18ac56fbbe8b5dc19f6a10da1f8e897b3b22a531ce7f18
/Users/mic/Downloads/20250930/sz300893.csv,sz300893.csv,sz,300893,2020-09-24,2025-09-30,1217,116892,True,utf-8,6c1e67979f5a641f4800a2f52f1190a77bbe6e5094f709d11c5732ae1eebb8e4
/Users/mic/Downloads/20250930/sz002782.csv,sz002782.csv,sz,002782,2015-12-22,2025-09-30,2378,235644,True,utf-8,277b1015679510d575ac48155bf3ad4e71711e6da04681a569237b8d9db32610
/Users/mic/Downloads/20250930/sh600963.csv,sh600963.csv,sh,600963,2004-05-25,2025-09-30,5035,479390,True,utf-8,fa95d6f34165c27a9e4f7cc0493c8cc2308711bd6ec3e99fb3781aebeed47b01
/Users/mic/Downloads/20250930/sh688281.csv,sh688281.csv,sh,688281,2022-03-07,2025-09-30,870,85722,True,utf-8,7171ecbd26c502fcb38487530aff807d3908c003c6bb3e61b8f2b25ca1ee18ce
/Users/mic/Downloads/20250930/sz301233.csv,sz301233.csv,sz,301233,2022-07-06,2025-09-30,789,76093,True,utf-8,e97a7d898e1a1dbc286bb9aa1f09173af29cb8249a68105802d1f0a8b8277854
/Users/mic/Downloads/20250930/sz300139.csv,sz300139.csv,sz,300139,2010-11-12,2025-09-30,3605,348961,True,utf-8,f098c603681e6cb5d10729927708c13d8e918bea010d250d3069e4466defef96
/Users/mic/Downloads/20250930/sz301227.csv,sz301227.csv,sz,301227,2022-09-26,2025-09-30,732,71095,True,utf-8,ea63a0906252dc2d591999cc7e01661dda5738188da4b017e51e8876a6d702d2
/Users/mic/Downloads/20250930/sh688295.csv,sh688295.csv,sh,688295,2022-04-06,2025-09-30,850,83792,True,utf-8,b58ef0df96dff5153899268f72d8988da5f514dec218599026a6830ea665a871
/Users/mic/Downloads/20250930/sz300887.csv,sz300887.csv,sz,300887,2020-09-16,2025-09-30,1223,119214,True,utf-8,2b9b192774863f9bdae1a149fd44cb49d5b92b91f25c0fca750694ac2a27c7f7
/Users/mic/Downloads/20250930/sz002796.csv,sz002796.csv,sz,002796,2016-05-10,2025-09-30,2224,215890,True,utf-8,71fa5080eb207654f3c7ddd8aeabd9b29794d4aca1fb2782044393dfd69f1cd4
/Users/mic/Downloads/20250930/sh600977.csv,sh600977.csv,sh,600977,2016-08-09,2025-09-30,2223,223148,True,utf-8,5abcf8a2550e2f77b23c11555be0d71d05e707007543e6e7fad48deb83e02ab8
/Users/mic/Downloads/20250930/sh600744.csv,sh600744.csv,sh,600744,1996-09-05,2025-09-30,6873,650537,True,utf-8,6034865a45c5ca827932e4eacb69c606aadd9e8995f7cb577259bfccf77481eb
/Users/mic/Downloads/20250930/sh688518.csv,sh688518.csv,sh,688518,2020-06-22,2025-09-30,1283,128997,True,utf-8,777ac5daa2ea2b2a2b200d5b133010c8f5910f488fc904ba8c62cab327ba65c3
/Users/mic/Downloads/20250930/sh600022.csv,sh600022.csv,sh,600022,2004-06-29,2025-09-30,4829,469944,True,utf-8,5314106d3b3001e701662df55038fb151011dca3843e092e9e2e1182744bced5
/Users/mic/Downloads/20250930/sh600036.csv,sh600036.csv,sh,600036,2002-04-09,2025-09-30,5631,569086,True,utf-8,f4deb9804a2000be238c8dfeacd11f3d2e8397a5f78c1881c085d41db9fb5186
/Users/mic/Downloads/20250930/sh601328.csv,sh601328.csv,sh,601328,2007-05-15,2025-09-30,4458,443985,True,utf-8,a28a21b9ef0b653ac6687f36b421dce3af26915ad596a882a860d97d44832691
/Users/mic/Downloads/20250930/sh603259.csv,sh603259.csv,sh,603259,2018-05-08,2025-09-30,1801,186367,True,utf-8,b3204f6f4fc7557962321fbd0eb01a7afd07656099166ca06d4272554befc93d
/Users/mic/Downloads/20250930/sz001260.csv,sz001260.csv,sz,001260,2023-02-16,2025-09-30,640,61849,True,utf-8,23196c6190478c80d4a510e741d21509bb0d247672dcc2f620d7d87aca175995
/Users/mic/Downloads/20250930/sh600988.csv,sh600988.csv,sh,600988,2004-04-14,2025-09-30,4764,450401,True,utf-8,ede353a4132e5442048a045aca240668629eb9d55b6908e53cc79f9c0de64cf7
/Users/mic/Downloads/20250930/sz002769.csv,sz002769.csv,sz,002769,2015-06-29,2025-09-30,2470,238006,True,utf-8,8d2848e9c32a4c85d96ef9e0cd6db0ba858d92bad7255d29c408f54a246ddf7d
/Users/mic/Downloads/20250930/sh600750.csv,sh600750.csv,sh,600750,1996-09-23,2025-09-30,6874,646540,True,utf-8,51acc6133b2591a3c6ec74711f074b5062732894e465269fde6543f23b8503b7
/Users/mic/Downloads/20250930/sz300878.csv,sz300878.csv,sz,300878,2020-08-24,2025-09-30,1240,120309,True,utf-8,ba740df3e81ebaae26c111075c76efb5bc0d8c90c658972b44a841f7e2e1db25
/Users/mic/Downloads/20250930/sz000156.csv,sz000156.csv,sz,000156,2000-09-06,2025-09-30,4294,412211,True,utf-8,c9769a4e40381e25ae127f84a11b5dbb366afd041f2938d19e3583ac1b6c83a1
/Users/mic/Downloads/20250930/sh603271.csv,sh603271.csv,sh,603271,2025-03-11,2025-09-30,141,13769,True,utf-8,26c1134e31a6422ffdb98dbb7fb3a3e999fc2f1527fae453aaec4a7ddd9a82ce
/Users/mic/Downloads/20250930/sz002741.csv,sz002741.csv,sz,002741,2015-02-16,2025-09-30,2539,251889,True,utf-8,8e6a7048521e4500f7b207cf49fe281c6583d659084a6e4ee8696484e4357fb2
/Users/mic/Downloads/20250930/sz300688.csv,sz300688.csv,sz,300688,2017-08-10,2025-09-30,1958,191258,True,utf-8,955530ff5f5e99fccb692d1f85311fb8db37378b3fd90ef16fd66d96fc36bd33
/Users/mic/Downloads/20250930/sz301596.csv,sz301596.csv,sz,301596,2024-05-13,2025-09-30,342,33899,True,utf-8,014e35e7c89c95bc3beff3ac76c4d3a7a67399e850be8c16ce0feaeeff94dc5e
/Users/mic/Downloads/20250930/sz002999.csv,sz002999.csv,sz,002999,2020-09-03,2025-09-30,1232,117485,True,utf-8,2f3c923f376b0c27ffc62aad8700263501e73d3eb6083b35fdc855adba8bf962
/Users/mic/Downloads/20250930/sh600778.csv,sh600778.csv,sh,600778,1996-12-03,2025-09-30,6809,643807,True,utf-8,13b4c8387d2bc25e11c3d8fb48696d93f2741ee7a45c2ecbcbb960c45d961b56
/Users/mic/Downloads/20250930/sz300850.csv,sz300850.csv,sz,300850,2020-07-13,2025-09-30,1264,126694,True,utf-8,13eacbb8b989e8f2542200d66b04f1d7975981d759313bc68c531a55600d5146
/Users/mic/Downloads/20250930/sz002027.csv,sz002027.csv,sz,002027,2004-08-04,2025-09-30,4997,483505,True,utf-8,64ba9ff385417c8a8bb33d68ae83d9f7c7870cc00ec9fc4ed5b917412fc145b3
/Users/mic/Downloads/20250930/sh605166.csv,sh605166.csv,sh,605166,2020-06-18,2025-09-30,1285,124764,True,utf-8,cf3b161806636846b1cb48670b920b5071c30959632bdfbeeb4d10c891868ed1
/Users/mic/Downloads/20250930/bj430556.csv,bj430556.csv,bj,430556,2023-03-17,2025-09-30,619,58148,True,utf-8,8a673eb85822d2af1ea1906c3a541239324e9198619a4e2323a6883d6bd7ab6e
/Users/mic/Downloads/20250930/sh603517.csv,sh603517.csv,sh,603517,2017-03-17,2025-09-30,2077,203810,True,utf-8,ac8b2f39f730535ad1f1143ab7f977c2ba39b28b453a6e3551de089a29192e00
/Users/mic/Downloads/20250930/sz000630.csv,sz000630.csv,sz,000630,1996-11-20,2025-09-30,6758,653351,True,utf-8,38c698a33a721d978454a00b63c53cb02f559fd1c1866ef7f529d27a0e497631
/Users/mic/Downloads/20250930/sh688530.csv,sh688530.csv,sh,688530,2024-05-09,2025-09-30,344,33316,True,utf-8,13a21489a456b18409e36261a3b67e927b5a35f9107e045acdcf8fc91496e61b
/Users/mic/Downloads/20250930/sz002033.csv,sz002033.csv,sz,002033,2004-08-25,2025-09-30,4975,466071,True,utf-8,b0227bad073ae923adee4f5b26d067fe36cd6932981bf959a7e0a04b9b3bdd54
/Users/mic/Downloads/20250930/sz002755.csv,sz002755.csv,sz,002755,2015-05-15,2025-09-30,2491,243397,True,utf-8,9179f26fb821a7287cef79622d808416acfcee155e694d68e0f5612dc6243cdc
/Users/mic/Downloads/20250930/sz300844.csv,sz300844.csv,sz,300844,2021-08-13,2025-09-30,1003,96740,True,utf-8,67efc88b6dfab79f4b223fbc8d8f7b3e38dbc2a1354d3fbfae327dd9ad501813
/Users/mic/Downloads/20250930/sh688256.csv,sh688256.csv,sh,688256,2020-07-20,2025-09-30,1265,128157,True,utf-8,9171decb6d8bc5e5c9acbfe73ae24c621a77f881e49a895b7781cf1a0ea0c937
/Users/mic/Downloads/20250930/sz300703.csv,sz300703.csv,sz,300703,2017-09-19,2025-09-30,1947,186598,True,utf-8,378dd85bc3e62fc3f75e8691af7f7cc0b25fe83c3eb453070739b8473ecbc6c6
/Users/mic/Downloads/20250930/sz002812.csv,sz002812.csv,sz,002812,2016-09-14,2025-09-30,2111,213474,True,utf-8,01f3e69a0fcea73e3d60760cde781ea91cc7055f71dab15d3c3f725e242b1d63
/Users/mic/Downloads/20250930/sh600195.csv,sh600195.csv,sh,600195,1999-01-07,2025-09-30,6346,600073,True,utf-8,919fdf60dbd8ccf031e3df203f33c452df03c9cb01923755e884204a6e3cab00
/Users/mic/Downloads/20250930/sz300065.csv,sz300065.csv,sz,300065,2010-03-26,2025-09-30,3536,344206,True,utf-8,bb4ae29960c93f24ee118117ed8fee307840f62009322fd743561ff9d64c5cb1
/Users/mic/Downloads/20250930/sz000963.csv,sz000963.csv,sz,000963,2000-01-27,2025-09-30,6061,583843,True,utf-8,6a88843c9789b94abc7783efc8b79d1364a20efd998d52fdef270cb8cae78088
/Users/mic/Downloads/20250930/sz000977.csv,sz000977.csv,sz,000977,2000-06-08,2025-09-30,6019,587061,True,utf-8,e9791b23568073f9fc1560aff34f63d8ecc83c92a34bc3525645d73508ca3243
/Users/mic/Downloads/20250930/bj835892.csv,bj835892.csv,bj,835892,2022-10-18,2025-09-30,721,68392,True,utf-8,0fdbc3ad2821910795c6b6c5fb8fc142222072c679226def654f8a83bc2362de
/Users/mic/Downloads/20250930/sh603488.csv,sh603488.csv,sh,603488,2017-05-16,2025-09-30,2023,192581,True,utf-8,c410ebab617e1dc39cb614df0bc55031716b26204fe063b2d4621848b1701d72
/Users/mic/Downloads/20250930/sz300071.csv,sz300071.csv,sz,300071,2010-04-21,2025-09-30,3187,305162,True,utf-8,b21334177e2b82b789e51a98ce019d6d86ad91e48fc9af8b5c0b0f9d103522a0
/Users/mic/Downloads/20250930/sz300717.csv,sz300717.csv,sz,300717,2017-11-06,2025-09-30,1914,184868,True,utf-8,4d321ec5fe8792830cbdd76b25f2095c22b956a35a1225d20ea2dab85f77e23c
/Users/mic/Downloads/20250930/sz002806.csv,sz002806.csv,sz,002806,2016-07-26,2025-09-30,2077,202295,True,utf-8,aa6a514c44e306a2c8762725fc6324f23b451f95d4f3b9a65cf0019bbc4a4b4b
/Users/mic/Downloads/20250930/sh600817.csv,sh600817.csv,sh,600817,1994-01-28,2025-09-30,6446,603529,True,utf-8,ce5f890de3877d9b1ad48035d49e34f848bced8fefc82158906272ec3751130f
/Users/mic/Downloads/20250930/sz301421.csv,sz301421.csv,sz,301421,2023-08-23,2025-09-30,512,50000,True,utf-8,9d55ba95c071e38a6b064a1217c151b5dfa6fb56bcf69d655233482454a1f7b2
/Users/mic/Downloads/20250930/bj833575.csv,bj833575.csv,bj,833575,2023-03-15,2025-09-30,621,60642,True,utf-8,7738e36b4c18ccaf9a6c959ccdb1120ecd9dd9d9e42b040f97b8bde371b8a48a
/Users/mic/Downloads/20250930/sz002190.csv,sz002190.csv,sz,002190,2007-12-03,2025-09-30,4069,398756,True,utf-8,a55c0981cfcf99941e93623a9feec485ce9fac3469603baee65a252992f44920
/Users/mic/Downloads/20250930/sz300059.csv,sz300059.csv,sz,300059,2010-03-19,2025-09-30,3712,369201,True,utf-8,a18210aeeca60a8661d00b0ee694cc478526dc7bb3998bcaa8ee5d308067f495
/Users/mic/Downloads/20250930/sz301353.csv,sz301353.csv,sz,301353,2023-05-30,2025-09-30,571,53010,True,utf-8,404cff30897b320028859013a065cd0a0d0aad37cc89e216df8c19a535447cbe
/Users/mic/Downloads/20250930/sz002184.csv,sz002184.csv,sz,002184,2007-11-16,2025-09-30,4283,411624,True,utf-8,2d6be175a4afc4910db1caf521916a6e6e2beffaebcbfaf1ad7efe97744f62a4
/Users/mic/Downloads/20250930/sz000793.csv,sz000793.csv,sz,000793,1997-07-29,2025-09-30,6334,602633,True,utf-8,6078a008c6d6e6a7458ae606882b13e27eb50b8be549f4a10a3777df91b027ae
/Users/mic/Downloads/20250930/sh600803.csv,sh600803.csv,sh,600803,1994-01-03,2025-09-30,7426,707758,True,utf-8,831fbcbe445e7f9dcea03fb56a390d79a9b1b6b7fdb99ee0e7383c35c882ff92
/Users/mic/Downloads/20250930/bj836419.csv,bj836419.csv,bj,836419,2023-09-15,2025-09-30,495,46580,True,utf-8,2a50347f5fdb14ff20be4441360b645e117c457c3b0d20bd66893d280e50273f
/Users/mic/Downloads/20250930/sz300918.csv,sz300918.csv,sz,300918,2020-12-22,2025-09-30,1160,112373,True,utf-8,882a6e1611475d099b0a4c5488aeafefcfd8b863d5473d1c3e9f530f17b1f433
/Users/mic/Downloads/20250930/sh600630.csv,sh600630.csv,sh,600630,1993-02-09,2025-09-30,7854,770765,True,utf-8,253557c71bb75a024d5276cd0350d099850e63ae7261109f5a4ce06a1dbb73c5
/Users/mic/Downloads/20250930/sz002609.csv,sz002609.csv,sz,002609,2011-08-15,2025-09-30,3408,327698,True,utf-8,91e632140e4d243280cb6ba45179fee8a45ffb4386c614eb5607cf4bee1b96dd
/Users/mic/Downloads/20250930/sz001300.csv,sz001300.csv,sz,001300,2022-10-19,2025-09-30,720,69864,True,utf-8,66fe58761518da078782a849f6201deadea3dca590b1fa68f98fc2f7604997e5
/Users/mic/Downloads/20250930/sh603339.csv,sh603339.csv,sh,603339,2016-05-19,2025-09-30,2278,220158,True,utf-8,52cf2ee8dcdd6e0ef80649dbb2b9526f862b54f0b3ee7d14d1995ffa2c67aef8
/Users/mic/Downloads/20250930/sz000778.csv,sz000778.csv,sz,000778,1997-06-06,2025-09-30,6747,650131,True,utf-8,bf310ff2eae53f34b009723a662486510f87eddd59e1908d3455cb4ebaddeaeb
/Users/mic/Downloads/20250930/sh600156.csv,sh600156.csv,sh,600156,1998-05-27,2025-09-30,6534,616896,True,utf-8,466ba6321ac130c7028281ce90b3b239dfd3e4928874f17c4d01f78b61a3e293
/Users/mic/Downloads/20250930/sh688478.csv,sh688478.csv,sh,688478,2023-04-24,2025-09-30,584,57685,True,utf-8,c13e7f077cd6446abcb4dd79d6436860856f1c73367c72278bc8a354372dc690
/Users/mic/Downloads/20250930/sz001314.csv,sz001314.csv,sz,001314,2023-02-14,2025-09-26,640,62357,True,utf-8,a90d45fa076521af6c340fc399ce4c5a54469f60c1e2a9f5df07816b9788ba59
/Users/mic/Downloads/20250930/sh600624.csv,sh600624.csv,sh,600624,1993-01-05,2025-09-30,7912,748771,True,utf-8,d35e3111f542ca31ae3182bb12443f741ec34c99bb4f5aae9534c48aa18ab62c
/Users/mic/Downloads/20250930/sh688336.csv,sh688336.csv,sh,688336,2020-07-22,2025-09-30,1263,122998,True,utf-8,71f619f7e9fe8fd84642d781c0070cb641f90223965eec8fd85d6b509e7cbb6a
/Users/mic/Downloads/20250930/sh603305.csv,sh603305.csv,sh,603305,2017-07-10,2025-09-30,1997,198524,True,utf-8,861217483bb44640bcea9717ad68be30c3f65222c44317c30c3a8931d073db08
/Users/mic/Downloads/20250930/sh601512.csv,sh601512.csv,sh,601512,2019-12-20,2025-09-30,1403,134427,True,utf-8,977fee882398705d68a944662dd7c1d06e01cc586cdfe4a38e851cfed9f77ed9
/Users/mic/Downloads/20250930/sz002635.csv,sz002635.csv,sz,002635,2011-11-25,2025-09-30,3264,321144,True,utf-8,d153fa64c0f7bb6a2f3ab9c2b8a4f1c7907e6bbe822f3b8259326ceaec102c76
/Users/mic/Downloads/20250930/sz002153.csv,sz002153.csv,sz,002153,2007-08-13,2025-09-30,4282,415135,True,utf-8,01ac38781f8169439ecedc4582f56172b41633ac6385685d6d801b0976721049
/Users/mic/Downloads/20250930/sh688450.csv,sh688450.csv,sh,688450,2023-07-24,2025-09-30,534,51811,True,utf-8,1785709bdd4954bba61687983087ba897f297c07c680339ef5f736f5074742b5
/Users/mic/Downloads/20250930/sz000750.csv,sz000750.csv,sz,000750,1997-07-09,2025-09-30,5633,542913,True,utf-8,6e6ca7c1a24f69b33ca3e61328a6326b2f9de29aa8b1cc4e8903bbaa60dded4b
/Users/mic/Downloads/20250930/sh603477.csv,sh603477.csv,sh,603477,2017-12-18,2025-09-30,1881,185149,True,utf-8,d39ca6c8c15752c928c919f1823a5ea3f6d17f5d88d9645e6955ea032f897f99
/Users/mic/Downloads/20250930/sz000988.csv,sz000988.csv,sz,000988,2000-06-08,2025-09-30,6065,594835,True,utf-8,15951ff230336b00ec43e7e442d3bee3f17f3f393a1f017fc09876201d693754
/Users/mic/Downloads/20250930/sh605006.csv,sh605006.csv,sh,605006,2020-09-03,2025-09-30,1232,115258,True,utf-8,4ead21fcff584788de4f40337b6b4c98eb6ecf14397d13547296e6a35a5cfda5
/Users/mic/Downloads/20250930/sz301390.csv,sz301390.csv,sz,301390,2023-05-08,2025-09-30,587,55851,True,utf-8,78381f5afb59d1a4a13d54997baf0dc813abf5ac881bd42781f633c4e80df7f1
/Users/mic/Downloads/20250930/sz300930.csv,sz300930.csv,sz,300930,2021-01-21,2025-09-30,1139,109775,True,utf-8,a73525f823fc415e0a8bd0f20cb4bbd651caec85394ddc5f7b75ee5dd522bca3
/Users/mic/Downloads/20250930/sh600618.csv,sh600618.csv,sh,600618,1992-11-13,2025-09-30,7941,762573,True,utf-8,64d0bb747b6adb6c800df545410319a35abfb4897a0d6c788bb9bb171249c4ba
/Users/mic/Downloads/20250930/sz001328.csv,sz001328.csv,sz,001328,2023-04-10,2025-09-30,604,58660,True,utf-8,764b36bec5c568ba347cb399ca16798e94647dfd352472b31b0a348b6abf1f03
/Users/mic/Downloads/20250930/sh688322.csv,sh688322.csv,sh,688322,2022-07-07,2025-09-30,788,78107,True,utf-8,991bf4f60f393a7bf99fdd4a7250c95f5caa2d1e81939af6922b6914301069ae
/Users/mic/Downloads/20250930/sh603311.csv,sh603311.csv,sh,603311,2015-05-18,2025-09-30,2521,247141,True,utf-8,21564e99e6159a72260de9b818ca7423b7ec862dac41f129b2fdb31f3495987f
/Users/mic/Downloads/20250930/sz000036.csv,sz000036.csv,sz,000036,1994-06-17,2025-09-30,7376,701120,True,utf-8,a63d9a2a1090a6f2004ec529e78ccb7d1a98c94af636679cf2ea0730832c2e6b
/Users/mic/Downloads/20250930/sz300267.csv,sz300267.csv,sz,300267,2011-09-27,2025-09-30,3239,318016,True,utf-8,3eb93b3714434292c4be169de707466db2640002e4987848a1e5f2a882963a2f
/Users/mic/Downloads/20250930/sh601089.csv,sh601089.csv,sh,601089,2022-06-30,2025-09-30,793,77213,True,utf-8,9c068db79a20437e2e3536708f7debef7aa96d05ef646df904592e70d1d90f7f
/Users/mic/Downloads/20250930/sz301179.csv,sz301179.csv,sz,301179,2021-12-08,2025-09-30,927,90181,True,utf-8,a70c874b9414d6005f6fa92feb268dd0039b8fa59fc8dce18e9ec139b1b73c11
/Users/mic/Downloads/20250930/sh600397.csv,sh600397.csv,sh,600397,2002-07-02,2025-09-30,5469,526926,True,utf-8,6dd40481d15d659229abb264ef5a11cd3b5fecfd867b3ad24d848f4cb4658a54
/Users/mic/Downloads/20250930/sz300501.csv,sz300501.csv,sz,300501,2016-02-04,2025-09-30,2347,230095,True,utf-8,f8de241019a232a6c74c6e2198ad4a136d93fc1ac09cb4905474182992e52a98
/Users/mic/Downloads/20250930/sh605589.csv,sh605589.csv,sh,605589,2021-08-10,2025-09-30,1006,99758,True,utf-8,dd780bffeb94b36ec4694723bca4740be981d4f8a16fa788475e9479000a9a61
/Users/mic/Downloads/20250930/sz300515.csv,sz300515.csv,sz,300515,2016-06-08,2025-09-30,2263,219540,True,utf-8,2e40d17a2486fdfc5a484b57d2809c6b6fe7789ca05f704baae871476df3b5ef
/Users/mic/Downloads/20250930/sh600383.csv,sh600383.csv,sh,600383,2001-04-12,2025-09-30,5801,563387,True,utf-8,c3f37203cf09f9c23c98499f773425c0ee9c07e83386d51f7cbe14f0669aa943
/Users/mic/Downloads/20250930/sz002392.csv,sz002392.csv,sz,002392,2010-04-23,2025-09-30,3609,345258,True,utf-8,a8c697e854670db7b276ae2a57d04f05305adfb9732c7e16e9380fe4f1796c1e
/Users/mic/Downloads/20250930/sh688691.csv,sh688691.csv,sh,688691,2024-04-11,2025-09-30,361,35150,True,utf-8,d8949f8d1641df39789b80bf3a6ba73f457b38f6ecef2e2f6313b3065dd709c7
/Users/mic/Downloads/20250930/bj832469.csv,bj832469.csv,bj,832469,2023-09-18,2025-09-30,494,48501,True,utf-8,07c5351147598277107075680c5b72b10a2f556b1d3946b61829bd1179023d0b
/Users/mic/Downloads/20250930/sz300529.csv,sz300529.csv,sz,300529,2016-08-02,2025-09-30,2228,223632,True,utf-8,8ec1bb1833e751cc832607c02d341895bb8efe59016dce3817da0f0d4eeea824
/Users/mic/Downloads/20250930/sz000591.csv,sz000591.csv,sz,000591,1996-02-08,2025-09-30,6984,652264,True,utf-8,96c76e3600f9a9230af8bd5717c8f26f29e858bca78a896bc193c6cec15d4882
/Users/mic/Downloads/20250930/sh688685.csv,sh688685.csv,sh,688685,2021-05-13,2025-09-30,1068,105764,True,utf-8,599eb47f37714afe23ef63611672f8050980063f6b0ee50e377b6caefc423863
/Users/mic/Downloads/20250930/sz002386.csv,sz002386.csv,sz,002386,2010-04-09,2025-09-30,3717,358318,True,utf-8,dfce365954218ea578055a8658f76448699d7aa069c9d11072f8a34f27c7d36e
/Users/mic/Downloads/20250930/sz301151.csv,sz301151.csv,sz,301151,2022-04-11,2025-09-30,847,81971,True,utf-8,e4983a7cccf7381529d574c26d3473f425ef878fa731b82398d14c1bb10f9bed
/Users/mic/Downloads/20250930/sh600354.csv,sh600354.csv,sh,600354,2004-01-15,2025-09-30,5135,485303,True,utf-8,d38b514387e86f7586c7060f08d79456f1b0d1dafbf752fb1bbb53957fbae418
/Users/mic/Downloads/20250930/sh603885.csv,sh603885.csv,sh,603885,2015-05-27,2025-09-30,2507,257599,True,utf-8,c654454a0c05f10ae1250ade7875ff44ff0b26f943baed09d107cbbf7e75eed6
/Users/mic/Downloads/20250930/sh688108.csv,sh688108.csv,sh,688108,2019-10-30,2025-09-30,1440,138757,True,utf-8,ae43ef3d406071a0a1165c72890afc6940993f495663438ec9fd84c3adde1bf8
/Users/mic/Downloads/20250930/sh600426.csv,sh600426.csv,sh,600426,2002-06-20,2025-09-30,5601,542607,True,utf-8,e2bebbe323bd0dba019abed63d9600efb101cf8625eda925c45bfbc8671364d3
/Users/mic/Downloads/20250930/sh600340.csv,sh600340.csv,sh,600340,2003-12-30,2025-09-30,5080,493967,True,utf-8,71fdeacc3569198806a56ab7093d1283e7df3d5e573825334c5a9fb32889e616
/Users/mic/Downloads/20250930/sz002379.csv,sz002379.csv,sz,002379,2010-03-31,2025-09-30,3407,323690,True,utf-8,56daa47fb2d17eebf71cfff4a14834023e9795283fab430326595ae962910c20
/Users/mic/Downloads/20250930/sh688652.csv,sh688652.csv,sh,688652,2023-11-29,2025-09-30,448,43861,True,utf-8,4631bafd3b9cf1db633ba8c454ef7eeb44d92ed6cf1854801e576486a3b84821
/Users/mic/Downloads/20250930/sh603661.csv,sh603661.csv,sh,603661,2017-11-21,2025-09-30,1903,179434,True,utf-8,a443a3949e6c4d7a2967760bebe74d4b5022a80fe22c178042300817bf9e0e90
/Users/mic/Downloads/20250930/sz000546.csv,sz000546.csv,sz,000546,1993-12-15,2025-09-30,7180,685811,True,utf-8,707bf37e2649dc4bed08c1910827dd78cbac0094d33c9ba4336131c89d977932
/Users/mic/Downloads/20250930/sh600368.csv,sh600368.csv,sh,600368,2000-12-21,2025-09-30,5934,555055,True,utf-8,9814a506c9f8b027ade3ed71f67e9e680b80b4a42506576944abb41e79836a28
/Users/mic/Downloads/20250930/sz301186.csv,sz301186.csv,sz,301186,2021-12-23,2025-09-30,914,90725,True,utf-8,7eb5ad5c2bd1a6f1da5f3c60598bcdb39d74a43a2d3b0e079505c52ff26c6c20
/Users/mic/Downloads/20250930/sz300298.csv,sz300298.csv,sz,300298,2012-03-19,2025-09-30,3078,303735,True,utf-8,a3cc4a3b08122643abc9b5692b473ae2e40945ffe4c00130a9b02f3ab5b99c0d
/Users/mic/Downloads/20250930/sz002351.csv,sz002351.csv,sz,002351,2010-02-05,2025-09-30,3771,366272,True,utf-8,b9c15f55b98b160b87b0786ed0eb3167c99fb50d12655a0804b8c48202a5afa5
/Users/mic/Downloads/20250930/sz002437.csv,sz002437.csv,sz,002437,2010-06-23,2025-09-30,3443,330578,True,utf-8,6c72bd15417f93e02d0fd9d97b0c75593509ebef7475758dec3dbbe0cf2215c0
/Users/mic/Downloads/20250930/sh603107.csv,sh603107.csv,sh,603107,2023-11-01,2025-09-30,468,45873,True,utf-8,8b4fdab24ee2d435edf51c8d2bf03c65eecf05b713cd70d9f7ae44e8cf9a9e62
/Users/mic/Downloads/20250930/sh603113.csv,sh603113.csv,sh,603113,2017-05-11,2025-09-30,2042,202505,True,utf-8,e25b6ac3be8e5d94c3b5c3b9773c9b9b75b98f99b4f1cf981d95c96879b68db3
/Users/mic/Downloads/20250930/sh688120.csv,sh688120.csv,sh,688120,2022-06-08,2025-09-30,809,82166,True,utf-8,04d83ef889bd071409045297403410e0bf7374a62c32d34f93bbf8b0016dccd5
/Users/mic/Downloads/20250930/sz002423.csv,sz002423.csv,sz,002423,2010-06-03,2025-09-30,3553,347823,True,utf-8,01c25b8ffe121604ca413fb2126c38a768db9f163ba62d553a8bbfa9c4a45510
/Users/mic/Downloads/20250930/sz301192.csv,sz301192.csv,sz,301192,2022-08-11,2025-09-30,763,73821,True,utf-8,79cc1c63bdebe107d58060a99913452d774a3333159710ac7fe195750fa1701d
/Users/mic/Downloads/20250930/sz002345.csv,sz002345.csv,sz,002345,2010-01-28,2025-09-30,3594,346281,True,utf-8,7457a0bd69a656308d405536d1b790103fd936757f877f939ee24adb17151682
/Users/mic/Downloads/20250930/sh688646.csv,sh688646.csv,sh,688646,2023-07-28,2025-09-30,529,51085,True,utf-8,b87bccd766889ed19d5c90fa78aabfb360f6a38b86405e54df1ede7f82ed0d06
/Users/mic/Downloads/20250930/sz000552.csv,sz000552.csv,sz,000552,1994-01-06,2025-09-30,7356,696333,True,utf-8,46e9b4ed5e8f0143e1bbf3ef4fca54471d704123d8bd4eeef3b811147bbb4e72
/Users/mic/Downloads/20250930/sh603895.csv,sh603895.csv,sh,603895,2018-01-22,2025-09-30,1868,181705,True,utf-8,fade76847d840bf98b3fde1100ee78cd8e52e17860784276d193ddf63aa94c0c
/Users/mic/Downloads/20250930/sh688118.csv,sh688118.csv,sh,688118,2019-12-04,2025-09-30,1415,137136,True,utf-8,caaff6f4a69e265bbefcec18281cc062a75dc01eded9a8fcbdf701dee3cc7507
/Users/mic/Downloads/20250930/sh600422.csv,sh600422.csv,sh,600422,2000-12-06,2025-09-30,5915,558153,True,utf-8,1ed65eeb832aacb815d2863aeebfc1fac63a1d9b8a347c04ed3dfd36760aa29b
/Users/mic/Downloads/20250930/sh600436.csv,sh600436.csv,sh,600436,2003-06-16,2025-09-30,5362,520392,True,utf-8,4b9e8108c1d2d1e7dd530711100f8edbe351370b0383db0688eb0809313afcf3
/Users/mic/Downloads/20250930/sh601728.csv,sh601728.csv,sh,601728,2021-08-20,2025-09-30,998,99131,True,utf-8,8310e1dd6bc315d7efd2b7bccb93dd5516bb2397efad62814977623bdb5ae557
/Users/mic/Downloads/20250930/sh603659.csv,sh603659.csv,sh,603659,2017-11-03,2025-09-30,1867,189458,True,utf-8,af7b21bb29b69643a597135e469070e1c7bfc88e73629ace08d4341f40e24207
/Users/mic/Downloads/20250930/sh605228.csv,sh605228.csv,sh,605228,2021-01-20,2025-09-30,1140,106507,True,utf-8,b4b09e18f11ca73c9c27659d8d545220929a59f8c8159d3a457d871c24f7a052
/Users/mic/Downloads/20250930/bj920082.csv,bj920082.csv,bj,920082,2024-12-26,2025-09-30,187,18203,True,utf-8,a1f385255b0814af7e6774d39db03b19f7e84ee55e9bb23d40abada233dd94b1
/Users/mic/Downloads/20250930/sh603881.csv,sh603881.csv,sh,603881,2017-02-08,2025-09-30,2103,208070,True,utf-8,acf81f000f669ed63b110374cd98330db6e7f853ae3fb8bffaefcb914b7bb18b
/Users/mic/Downloads/20250930/sz002369.csv,sz002369.csv,sz,002369,2010-03-16,2025-09-30,3529,335605,True,utf-8,d667ffc0ad938ae2a9c24185057fd1fbf1380e41b9a751d7b14c1c3702ebdd8f
/Users/mic/Downloads/20250930/sh600350.csv,sh600350.csv,sh,600350,2002-03-18,2025-09-30,5628,542094,True,utf-8,51a046c9cc99aaf9c4f0dc618a2851eecf05f41cc33c2a950c79499da3555130
/Users/mic/Downloads/20250930/sz300288.csv,sz300288.csv,sz,300288,2012-02-16,2025-09-30,3136,307497,True,utf-8,549e912ebbb76854eb2738b32c5e86b3fff855594d3f60b336ed6037e1a2a9a7
/Users/mic/Downloads/20250930/sh601066.csv,sh601066.csv,sh,601066,2018-06-20,2025-09-30,1771,176989,True,utf-8,ba44d4890eba7deecae1c4812abfd8794fe56504c061ea389014271b8a2a2c97
/Users/mic/Downloads/20250930/sz301196.csv,sz301196.csv,sz,301196,2022-01-11,2025-09-30,904,87386,True,utf-8,1d5257a023d4a763f4e6092dd6ee6cd5bdad43b007a3c238dd3d341ea6e72cfc
/Users/mic/Downloads/20250930/sh600378.csv,sh600378.csv,sh,600378,2001-01-11,2025-09-30,5747,553375,True,utf-8,b23d34db19389ef8a69e10d56c2fd25946286b42bab39da718a6ca3531011337
/Users/mic/Downloads/20250930/sz002427.csv,sz002427.csv,sz,002427,2010-06-08,2025-09-30,3515,336130,True,utf-8,75e3830be439ce2827a13280be2c9a127a3507dcbcdc47f4f72cd9b09fc64bef
/Users/mic/Downloads/20250930/sh601700.csv,sh601700.csv,sh,601700,2011-01-18,2025-09-30,3361,321059,True,utf-8,797e1e99d138fc2d2365c153fcd08d15729f3d197c973024ff974f152db6ebbe
/Users/mic/Downloads/20250930/sh605566.csv,sh605566.csv,sh,605566,2021-10-25,2025-09-30,959,92782,True,utf-8,ab210357c6cceb5f5807acd61360f65f945baa04cbc83bd2db784148e85b3c55
/Users/mic/Downloads/20250930/sh603117.csv,sh603117.csv,sh,603117,2015-06-29,2025-09-30,2481,237297,True,utf-8,a017c768e043d105700f7210ef81351808d5456648826b4085555aea241faa63
/Users/mic/Downloads/20250930/sh688130.csv,sh688130.csv,sh,688130,2022-07-29,2025-09-30,772,75164,True,utf-8,2b58db7025e360317c88c51203321861f9cadf4e6621a9670aca9c8b5b0d3eea
/Users/mic/Downloads/20250930/sh603103.csv,sh603103.csv,sh,603103,2017-10-12,2025-09-30,1939,190361,True,utf-8,13fcc617591275db93bd3eac62b50f4be8a35cad07f794c342e2d91216be1dec
/Users/mic/Downloads/20250930/sz002355.csv,sz002355.csv,sz,002355,2010-02-09,2025-09-30,3671,351389,True,utf-8,15ee174c9f11f24c300eb922cab1f7a5799722f34e97b157965b3c8ba1de3a34
/Users/mic/Downloads/20250930/sz301182.csv,sz301182.csv,sz,301182,2021-12-23,2025-09-30,916,88383,True,utf-8,03c878c05e674604fddc2e4e499760469e000de7d66d29d3741923e4a7ac135c
/Users/mic/Downloads/20250930/sh603665.csv,sh603665.csv,sh,603665,2017-03-13,2025-09-30,2082,199186,True,utf-8,2ba51e6a1603cff7de02cbeedfabe71d761bc17072b5cb9c40bc7beed169bdc4
/Users/mic/Downloads/20250930/sh688656.csv,sh688656.csv,sh,688656,2021-01-13,2025-09-30,1136,109622,True,utf-8,80af38b5f884a26df022e46bd716985e2f173b563a24791c60d7fe13b5702daf
/Users/mic/Downloads/20250930/sh603856.csv,sh603856.csv,sh,603856,2017-11-06,2025-09-30,1922,186918,True,utf-8,9e2a15110586fe08c45fe772e4e81ab02625b8cb99eaa371a29235c59c10f6ce
/Users/mic/Downloads/20250930/sz301169.csv,sz301169.csv,sz,301169,2021-11-03,2025-09-30,952,95765,True,utf-8,e61d304e0d2d35ec8fa4c80862ccdc1f4b3122e88c6877b131e6461bc482bd7e
/Users/mic/Downloads/20250930/sh601099.csv,sh601099.csv,sh,601099,2007-12-28,2025-09-30,4288,419574,True,utf-8,2ff423c3f7a499a905eac0eadede7a8050e71ff30c7adee7c6b16b2ec7317ea4
/Users/mic/Downloads/20250930/sz300277.csv,sz300277.csv,sz,300277,2011-11-23,2025-09-30,3299,318429,True,utf-8,6eadb157f6e10e79bb331ca9781d780441b95f5e4a59c4df499477c842435ec9
/Users/mic/Downloads/20250930/sz300511.csv,sz300511.csv,sz,300511,2016-05-04,2025-09-30,2285,219762,True,utf-8,49c3a3fb68c544587aafb49eb79d03c797fe368c9a412b2da55a8115d45055db
/Users/mic/Downloads/20250930/sh605599.csv,sh605599.csv,sh,605599,2021-09-09,2025-09-30,984,95809,True,utf-8,7f0ccd4c0b993bbafe7f110168e822ecdaf9a5927ad6259ea4c102bf478119de
/Users/mic/Downloads/20250930/sz300505.csv,sz300505.csv,sz,300505,2016-03-15,2025-09-30,2319,229275,True,utf-8,11e83acfd9d5ee822e51df3e477ee9d92ce3b1fc5616d1581111e49970b0964f
/Users/mic/Downloads/20250930/sh601933.csv,sh601933.csv,sh,601933,2010-12-15,2025-09-30,3573,347966,True,utf-8,7e9bbb886fdfb4422df2d766ae3777400c56307ca223ca642a8d1b1887e3621c
/Users/mic/Downloads/20250930/sz300263.csv,sz300263.csv,sz,300263,2011-09-16,2025-09-30,3278,312654,True,utf-8,c0be92a91283fa02a7bee218e1e02815b50140f53810cf160581daa12962ac4e
/Users/mic/Downloads/20250930/sz301155.csv,sz301155.csv,sz,301155,2021-11-24,2025-09-30,937,92340,True,utf-8,f6d94c15754a815a5fc2ff1275d25d7df67c01ec80db21459303a541e333ab44
/Users/mic/Downloads/20250930/sz002382.csv,sz002382.csv,sz,002382,2010-04-02,2025-09-30,3570,340982,True,utf-8,5356a84d8ede1f1fe70ffc55c516e9dde8b9a6651d0d67d88e4cb94d42ae2f1f
/Users/mic/Downloads/20250930/sh688681.csv,sh688681.csv,sh,688681,2021-06-16,2025-09-30,1045,100908,True,utf-8,b4ca40ab09e90cbaa304e0a4c2b650d13f78f3bac16d66d309a165fc29ee690c
/Users/mic/Downloads/20250930/sz000595.csv,sz000595.csv,sz,000595,1996-04-19,2025-09-30,6876,644516,True,utf-8,927960c6ff0c0b9095cbfaf201f211da1c3128eac773e5a65e97eb50b008fa4e
/Users/mic/Downloads/20250930/sz301633.csv,sz301633.csv,sz,301633,2024-11-07,2025-09-30,222,21447,True,utf-8,98a6fa60e2d629aeef400eb3c6b4311b479a26d3ded89469b371326eb4328ea5
/Users/mic/Downloads/20250930/sz300539.csv,sz300539.csv,sz,300539,2016-08-30,2025-09-30,2207,212044,True,utf-8,6f538812687984687feb9a77e8150eee5fbe2334d88d6e2d5461cf87dae4f9ca
/Users/mic/Downloads/20250930/sh688695.csv,sh688695.csv,sh,688695,2024-03-13,2025-09-30,380,36776,True,utf-8,fcff5aa5da92ebbb3f34e216fabc1fa17839cc754c174954513d5cd6f36f27f1
/Users/mic/Downloads/20250930/sz000581.csv,sz000581.csv,sz,000581,1998-09-24,2025-09-30,6488,644370,True,utf-8,49b051c0d5df033e6ebc394ce87cb22d6f68e4f003d73fedb089e411eb530109
/Users/mic/Downloads/20250930/sz301141.csv,sz301141.csv,sz,301141,2023-04-03,2025-09-30,608,60072,True,utf-8,47d5fda47fd58b0a6fc78cb08fdbf22b3e4438c466b1f54d9a0b0214c867a07a
/Users/mic/Downloads/20250930/sz002396.csv,sz002396.csv,sz,002396,2010-06-23,2025-09-30,3506,345882,True,utf-8,dc25c35910aeda0d4aae4bb47df3e07ed53cd7c8124ee72f9f6d266a4fa29c35
/Users/mic/Downloads/20250930/sz300908.csv,sz300908.csv,sz,300908,2020-11-23,2025-09-30,1181,113629,True,utf-8,3dc6ffe3bc6d625857021d163015675b84dd83a9f992b45d88dafa7ddf10ad43
/Users/mic/Downloads/20250930/sh600620.csv,sh600620.csv,sh,600620,1992-11-17,2025-09-30,7876,754803,True,utf-8,8a837087bda160c81754807f5d9cb945cf36756b4598ac9f88b2a4a14e9b3a3b
/Users/mic/Downloads/20250930/sh603329.csv,sh603329.csv,sh,603329,2017-12-29,2025-09-30,1877,181415,True,utf-8,f9c29fb7d739cef41c515e1055d1d34988fafd1a925af4b5c6b6f3154e022b87
/Users/mic/Downloads/20250930/sz000768.csv,sz000768.csv,sz,000768,1997-06-26,2025-09-30,6681,658373,True,utf-8,00419ac1ede4e65c01d467f6137a3aa8b66fae246b8d42552204ee4863da0648
/Users/mic/Downloads/20250930/sh600152.csv,sh600152.csv,sh,600152,1998-06-09,2025-09-30,6476,613004,True,utf-8,d2ee18e6d0b868366ceac24e4241b1039cc2c22628bd438bf0407c197d018166
/Users/mic/Downloads/20250930/sh688468.csv,sh688468.csv,sh,688468,2021-04-09,2025-09-30,1089,104965,True,utf-8,756bd267f6e0e396279d8fc970fad43bdaa1020c29d086b62d97b0129516715c
/Users/mic/Downloads/20250930/sh603315.csv,sh603315.csv,sh,603315,2015-04-24,2025-09-30,2449,236606,True,utf-8,e6191230229fb1898f7b337c98aafb07a47e8fd891d07ce2e66e7470ff79b4bc
/Users/mic/Downloads/20250930/sz000032.csv,sz000032.csv,sz,000032,1993-10-28,2025-09-30,7424,709312,True,utf-8,5480aa1684d0a3f900dd0d35708caec54d49394f1c342a5b6775f0310ebdeceb
/Users/mic/Downloads/20250930/sh688326.csv,sh688326.csv,sh,688326,2022-04-19,2025-09-30,841,83017,True,utf-8,30cf018880efc124204947214ab4552dd37074ca3ae9015b94b3594879b4ae8b
/Users/mic/Downloads/20250930/sz002625.csv,sz002625.csv,sz,002625,2011-11-03,2025-09-30,3070,301339,True,utf-8,e79feb8a1c277959dfd1bd60d2afed5955b373cce13fb2e53a4e6fb1982fa075
/Users/mic/Downloads/20250930/sz000998.csv,sz000998.csv,sz,000998,2000-12-11,2025-09-30,5790,564142,True,utf-8,b7f0e2f2755d897561246cf1122f67acaa591faf3eed0da4abe216c1ca7d51c1
/Users/mic/Downloads/20250930/sh605016.csv,sh605016.csv,sh,605016,2021-04-21,2025-09-30,1081,105150,True,utf-8,50b34284ee5e9500c05b4f5d72ef053ae2ef0b3fd46d0580f7a797a487122477
/Users/mic/Downloads/20250930/sz301380.csv,sz301380.csv,sz,301380,2022-10-25,2025-09-30,716,69189,True,utf-8,11eaa6ae5444fa9486719c40e2754e3f208d79261ffdd2a4dffa9cccd46639c2
/Users/mic/Downloads/20250930/sz002157.csv,sz002157.csv,sz,002157,2007-08-17,2025-09-30,4289,415301,True,utf-8,461bed0e2aa41bedb0f9e22eb84805a85aba63d8ead38540f4101f56562c8a17
/Users/mic/Downloads/20250930/sz002631.csv,sz002631.csv,sz,002631,2011-11-11,2025-09-30,3215,304620,True,utf-8,9839e78d43b2b805286d86dae89cdf41240afc3e435e612a0782e39ab411e254
/Users/mic/Downloads/20250930/sz300920.csv,sz300920.csv,sz,300920,2020-12-25,2025-09-30,1157,112512,True,utf-8,aa910e3748b527aaf868308b543c2c4d339631804586f18b46929366c41ff357
/Users/mic/Downloads/20250930/sh600608.csv,sh600608.csv,sh,600608,1992-04-10,2025-09-30,7864,733597,True,utf-8,dfbbecb512ba91d1994c2a270693e0d9cd96d336f94fc9743396cb9ee412dfb0
/Users/mic/Downloads/20250930/sh603301.csv,sh603301.csv,sh,603301,2018-04-12,2025-09-30,1817,176081,True,utf-8,57bd6a4151fe7a5bc5dbc78ce512f265f99f76d275d518c89ace40698df10935
/Users/mic/Downloads/20250930/sz000026.csv,sz000026.csv,sz,000026,1993-06-03,2025-09-30,7754,724605,True,utf-8,1dff88246d0b191c2c5f514a4f6ba9a92f715b1d683fbffc4a93bf29bf671640
/Users/mic/Downloads/20250930/sz001338.csv,sz001338.csv,sz,001338,2022-11-16,2025-09-30,700,68618,True,utf-8,35aade648bacf292817aa7d5da91a0aa949e4c2f83d299bed36c18baac6abb56
/Users/mic/Downloads/20250930/sh688332.csv,sh688332.csv,sh,688332,2022-07-15,2025-09-30,782,78349,True,utf-8,fe7719d0050667d423cb1e456a099542c820b88e26ea3b52c47b7d44f20f0ef6
/Users/mic/Downloads/20250930/sz002802.csv,sz002802.csv,sz,002802,2016-06-29,2025-09-30,2252,217504,True,utf-8,462c6cde6711a7ee3b319847253e3893761cc615d69fc58a319531e07524a4d7
/Users/mic/Downloads/20250930/sz300713.csv,sz300713.csv,sz,300713,2017-11-01,2025-09-30,1925,190285,True,utf-8,8dce33c1dceca9faba75874ab4897a59a7d6cc4ad8761868bc1076109b3c9cdb
/Users/mic/Downloads/20250930/sz300075.csv,sz300075.csv,sz,300075,2010-04-27,2025-09-30,3656,356872,True,utf-8,c899f93f99bf245c26d5118d28d31178f2b1f77fbd1367f847bf62403eae5a11
/Users/mic/Downloads/20250930/sh600185.csv,sh600185.csv,sh,600185,1999-06-11,2025-09-30,6236,593033,True,utf-8,e20f5639ef93eb2026662c3af5eefd14dc512765c5029dda7401004e6f054720
/Users/mic/Downloads/20250930/sz000973.csv,sz000973.csv,sz,000973,2000-05-25,2025-09-30,5953,579781,True,utf-8,df57f6675af3cdfdc3274f2902802dbf01fa56b12f5977c96ce3492135b7fa1a
/Users/mic/Downloads/20250930/sz000967.csv,sz000967.csv,sz,000967,2000-03-30,2025-09-30,5858,551125,True,utf-8,74359ab2bedc03f3b67905e5be1be656e9064398cfe860a80dde4e3c4a18a7ca
/Users/mic/Downloads/20250930/sz300061.csv,sz300061.csv,sz,300061,2010-03-19,2025-09-30,3613,344029,True,utf-8,d639d968fc1f66b35e611581e51214e600014d72b2d919a03764db14033afe0d
/Users/mic/Downloads/20250930/sh600191.csv,sh600191.csv,sh,600191,1998-12-10,2025-09-30,6235,590728,True,utf-8,727048b504739b950d0893971d09b06636cd0508eb2ce5267bd2e7d942b5dce4
/Users/mic/Downloads/20250930/sz002816.csv,sz002816.csv,sz,002816,2016-10-25,2025-09-30,2070,192498,True,utf-8,2c81e51be2052fc7066be58b8011bfad2a3f2a7caa075fabfc65aadd555f222c
/Users/mic/Downloads/20250930/sz301419.csv,sz301419.csv,sz,301419,2023-02-09,2025-09-30,645,61364,True,utf-8,edf5373afc286ebda6862c052b51e558b3a7829ef801e3344fd146d7ce15eb5f
/Users/mic/Downloads/20250930/sz300707.csv,sz300707.csv,sz,300707,2017-10-10,2025-09-30,1941,192130,True,utf-8,de79c04cea4a51a9e597e4ce237ec25a3be6902e5b75e152f831f09930b9f786
/Users/mic/Downloads/20250930/bj873169.csv,bj873169.csv,bj,873169,2022-04-15,2025-09-30,843,81217,True,utf-8,46cecd995e08eaad9626f8fbee2a904bf5a9a71bb0b7cc10ca30253a5661472a
/Users/mic/Downloads/20250930/sh600807.csv,sh600807.csv,sh,600807,1994-01-03,2025-09-30,7164,670074,True,utf-8,87085b50a93c84490c9e3f7e82c7441b9ee199ec43ebbed63b0a1e4a5d7246b0
/Users/mic/Downloads/20250930/sz000797.csv,sz000797.csv,sz,000797,1997-07-15,2025-09-30,6740,643774,True,utf-8,0736000398247a001ca955a53ad458621d08a2f71801aaae2baac1073bdab22a
/Users/mic/Downloads/20250930/sz002180.csv,sz002180.csv,sz,002180,2007-11-13,2025-09-30,4003,390385,True,utf-8,e619d44691e0cf15f6c3bb33d8f554f5367119deb8978c935345c4f47d4a6ed0
/Users/mic/Downloads/20250930/sz300049.csv,sz300049.csv,sz,300049,2010-01-20,2025-09-30,3576,347112,True,utf-8,f3373ff80f4842ae80a2e429153755cfb294ccc055c5e42eb44f0b8afa61f77e
/Users/mic/Downloads/20250930/sz301357.csv,sz301357.csv,sz,301357,2023-04-18,2025-09-30,588,56888,True,utf-8,536401b08000e9675aadbe17eb660e5d663175b925a12b554365a55fe5a1a95d
/Users/mic/Downloads/20250930/sz002194.csv,sz002194.csv,sz,002194,2007-12-07,2025-09-30,4274,420219,True,utf-8,54bc0ecbe6b8a3afa74ded764a2ccd3ea12a78f28481e9f628af1a468c70f70e
/Users/mic/Downloads/20250930/sz000783.csv,sz000783.csv,sz,000783,1997-07-31,2025-09-30,6527,630120,True,utf-8,5c5a2c7ebaf38820fdc928625c105dc388711ebe7370c5ce8eec41a572f95660
/Users/mic/Downloads/20250930/sh600754.csv,sh600754.csv,sh,600754,1996-10-11,2025-09-30,6808,654119,True,utf-8,68601e84bf1a337c9fa150ece8fa037492a27cc6f0e371b44491203e3cd5237b
/Users/mic/Downloads/20250930/sh688508.csv,sh688508.csv,sh,688508,2020-07-22,2025-09-30,1263,127406,True,utf-8,fbe81e0a7cc57055e04699d769023d609580d6d9a47d8920f78623a21a586f61
/Users/mic/Downloads/20250930/sh600032.csv,sh600032.csv,sh,600032,2021-05-25,2025-09-30,1060,103990,True,utf-8,03ee2459feffa958cb5424be5e9b789a08d3e248cfb94c712a60bfefb9fde2d9
/Users/mic/Downloads/20250930/sh600026.csv,sh600026.csv,sh,600026,2002-05-23,2025-09-30,5517,551907,True,utf-8,35cac33efa8a489e8d5f3711675dc8720916787a119996019c1b76de31d671de
/Users/mic/Downloads/20250930/sz000608.csv,sz000608.csv,sz,000608,1996-09-19,2025-09-30,6721,628532,True,utf-8,2ed920696363e77d394b7a62ad278dfedb2b88333b5f3a15fe32c724c12f7cc6
/Users/mic/Downloads/20250930/sz001270.csv,sz001270.csv,sz,001270,2022-06-06,2025-09-30,810,79387,True,utf-8,fc04447980efa75269280af03ab99e9db890852ae38659aec27423b18010a42b
/Users/mic/Downloads/20250930/sh600740.csv,sh600740.csv,sh,600740,1996-08-08,2025-09-30,6847,648430,True,utf-8,a3433ef483498871a9a700d83daeba775047f60f65f2604dfcce3321199ad395
/Users/mic/Downloads/20250930/sz300868.csv,sz300868.csv,sz,300868,2020-08-24,2025-09-30,1240,119729,True,utf-8,dec086902a51801bcbfc41968618663e7f852e79616fef0abeb93f5d52b23ad1
/Users/mic/Downloads/20250930/sz002779.csv,sz002779.csv,sz,002779,2015-12-09,2025-09-30,2343,227424,True,utf-8,8fcfe162d9cfbe2fd5995fe47292b85615aa65b99f6fbd881c6649b512c167ab
/Users/mic/Downloads/20250930/sh600998.csv,sh600998.csv,sh,600998,2010-11-02,2025-09-30,3605,348828,True,utf-8,bca5e232d195e64d55505171cbc8aae3e46c58fae679e719d6d5d00aad4968f8
/Users/mic/Downloads/20250930/sh688252.csv,sh688252.csv,sh,688252,2022-09-27,2025-09-30,731,71826,True,utf-8,9ebee2fb83c7d68314afb5acb281e799b9899cf195de808d173edbea48a9ddd3
/Users/mic/Downloads/20250930/sz001258.csv,sz001258.csv,sz,001258,2022-07-27,2025-09-30,774,74124,True,utf-8,3d4ea27c7dc584ade06532b2e354830f20171dd47918d68ce3c0a3ff99fcecf4
/Users/mic/Downloads/20250930/sh603261.csv,sh603261.csv,sh,603261,2022-03-15,2025-09-30,863,83193,True,utf-8,3f36120a6cbbd0f3335e1846a19c1eaa2771cc068bc8b008992a5c5220837a7c
/Users/mic/Downloads/20250930/sh600768.csv,sh600768.csv,sh,600768,1996-11-11,2025-09-30,6624,625788,True,utf-8,7ebcf02af27b26afacdcc3178cfbc95e87d209aa4a268179771a309c2c9d88ec
/Users/mic/Downloads/20250930/sz301586.csv,sz301586.csv,sz,301586,2024-08-28,2025-09-30,266,25806,True,utf-8,2ec193cdc0bc2be08a36e08ed04378600d3866ea85b532750380afef6f1a9ad6
/Users/mic/Downloads/20250930/sz002989.csv,sz002989.csv,sz,002989,2020-06-10,2025-09-30,1289,126959,True,utf-8,08421449e522cbababdd6c88e14376f8dd88c394da40cd1683cc8424e59fda19
/Users/mic/Downloads/20250930/sz300840.csv,sz300840.csv,sz,300840,2020-07-08,2025-09-30,1273,123664,True,utf-8,f77b68985afca2452e42ed768a2a1b5ce00d5745c75bb422de6721b020450e80
/Users/mic/Downloads/20250930/sz300698.csv,sz300698.csv,sz,300698,2017-08-31,2025-09-30,1964,192682,True,utf-8,c01fa5c0841017fa3e4d13035eb1dacc92912db432a6a05b5c4d236277606f3f
/Users/mic/Downloads/20250930/sz002037.csv,sz002037.csv,sz,002037,2004-09-08,2025-09-30,4867,464343,True,utf-8,4adde1c05b5bd08ad12e698cf381ac461913206ea089c58b92bce621d206d292
/Users/mic/Downloads/20250930/bj870299.csv,bj870299.csv,bj,870299,2022-06-10,2025-09-30,807,78207,True,utf-8,c2a9db17a8c7e55151f68882c79a723d85128352e617f62899525e3ea38fd371
/Users/mic/Downloads/20250930/sh603507.csv,sh603507.csv,sh,603507,2017-11-06,2025-09-30,1917,189421,True,utf-8,4b1831d39782bec5796e7150b793dad86ea8fd797cb9d2b2094415abccb17e25
/Users/mic/Downloads/20250930/sz000620.csv,sz000620.csv,sz,000620,1996-10-29,2025-09-30,5630,538756,True,utf-8,fdbd9cb099204729d446c30017141e1e3d81c6a335189a8849b3a7100e874f0d
/Users/mic/Downloads/20250930/sh605162.csv,sh605162.csv,sh,605162,2021-07-07,2025-09-30,1030,100297,True,utf-8,45f2ded578a0da419eb2822ad567342be7210fc579084a13966945d43e71bbd6
/Users/mic/Downloads/20250930/sh688520.csv,sh688520.csv,sh,688520,2020-06-22,2025-09-30,1283,124667,True,utf-8,e81d9b77d75fd720d7ce6a0dafef26705fa56283cee5c52031ca6f949298627c
/Users/mic/Downloads/20250930/sz002023.csv,sz002023.csv,sz,002023,2004-07-21,2025-09-30,5095,492314,True,utf-8,08c2bf1a34270d13b1f3ee51b0c895c716f24dc3f1ed8b12d7eace2967f13617
/Users/mic/Downloads/20250930/sz301592.csv,sz301592.csv,sz,301592,2024-10-24,2025-09-30,232,23025,True,utf-8,9a1a91c7692fed3fed13f4963a286408a1ebac4486a3a62144b5c20145cf4edf
/Users/mic/Downloads/20250930/sz300854.csv,sz300854.csv,sz,300854,2021-09-16,2025-09-30,979,94716,True,utf-8,edd88d7ff47696122fda3c6c506b1ac33662eee643c5d34d4c1df095ccdc7f9a
/Users/mic/Downloads/20250930/sz002745.csv,sz002745.csv,sz,002745,2015-02-17,2025-09-30,2372,234386,True,utf-8,c8c3e21dd783d08fd316766271670557b8cd322c4d64fd45a76a08e57da82425
/Users/mic/Downloads/20250930/sh688246.csv,sh688246.csv,sh,688246,2021-12-14,2025-09-30,923,90637,True,utf-8,fcd7b641300c92f97e58efa25084bd9ea4c540ccdc4c305fe9215b3028a17c25
/Users/mic/Downloads/20250930/sh603275.csv,sh603275.csv,sh,603275,2023-08-23,2025-09-30,512,49629,True,utf-8,7afecb3225f2368bc493094a59759cee57c618dcff069427eeb0ed2ea2cab16b
/Users/mic/Downloads/20250930/bj920445.csv,bj920445.csv,bj,920445,2015-10-15,2025-09-30,2110,194937,True,utf-8,ba618a90e4e9e2d34c21afa2d51332ea1589e5ecbafd80122ae424f2ecdaf320
/Users/mic/Downloads/20250930/sz300667.csv,sz300667.csv,sz,300667,2017-06-19,2025-09-30,2001,197406,True,utf-8,70ca88f09fe9ced08031b5ff8c8ade1a91e38bde51a052faff55c127bed1cce8
/Users/mic/Downloads/20250930/sz002976.csv,sz002976.csv,sz,002976,2020-03-06,2025-09-30,1355,128776,True,utf-8,4f05337f1b64c4a65239196f407e7d1321713043b00018d300a15349ff747417
/Users/mic/Downloads/20250930/sh600797.csv,sh600797.csv,sh,600797,1997-04-18,2025-09-30,6697,649085,True,utf-8,86a6e7ac1fd89daff7a4e5f936bc7aa34d39f84e402364b05529fc8fd1f3dbbf
/Users/mic/Downloads/20250930/sz300101.csv,sz300101.csv,sz,300101,2010-08-06,2025-09-30,3598,353766,True,utf-8,017376f06ed0d9eb5ff5c83b95a9148060dfa72c8d18dc25a22bdecfebff4380
/Users/mic/Downloads/20250930/sh605189.csv,sh605189.csv,sh,605189,2021-05-28,2025-09-30,1057,101673,True,utf-8,740ad6b6a8490941ea5535cbc67f145ae589bd6f5035755cbad6a2d7401cd72f
/Users/mic/Downloads/20250930/sz000807.csv,sz000807.csv,sz,000807,1998-04-08,2025-09-30,6482,634083,True,utf-8,947a29e95437948ebfb2983b90a1eb56a6407a971e361efee9a8fd9892db3bfe
/Users/mic/Downloads/20250930/sz000813.csv,sz000813.csv,sz,000813,1998-05-19,2025-09-30,6138,581401,True,utf-8,eb204a241299f4760fedcc5205498d64d92272ef74f97f22946d2f2fdfa5456f
/Users/mic/Downloads/20250930/sz300115.csv,sz300115.csv,sz,300115,2010-09-02,2025-09-30,3628,359728,True,utf-8,c2a2e541612c7de784cef7ea9d00656eb5ede5d2097b66f74240c4cde8e18186
/Users/mic/Downloads/20250930/sz300673.csv,sz300673.csv,sz,300673,2017-07-11,2025-09-30,2001,194532,True,utf-8,7c56b5e632f231a0035fcff6f9f40e1d63441841e6720795a53084e7a1583682
/Users/mic/Downloads/20250930/sz002962.csv,sz002962.csv,sz,002962,2019-09-17,2025-09-30,1466,144135,True,utf-8,6339e8d9268d104d84094780dee9dd4e1ddde7c3be564240b3c6c4139a657ff9
/Users/mic/Downloads/20250930/sh600783.csv,sh600783.csv,sh,600783,1996-12-25,2025-09-30,6727,664320,True,utf-8,67e3ca7cda50f8a94c8faf7d5cf18bacf11f4682907c210872b71434567cdec2
/Users/mic/Downloads/20250930/sh600973.csv,sh600973.csv,sh,600973,2004-08-02,2025-09-30,4977,474373,True,utf-8,be54461428d896c4575b583b39650c2fc7a2b93466a189c31ef86bf696761f1d
/Users/mic/Downloads/20250930/sz002792.csv,sz002792.csv,sz,002792,2016-03-28,2025-09-30,2315,230554,True,utf-8,7c1f561ca9b40b14d037e18598edf49bdc993f2868e725f73a84eccbcec63291
/Users/mic/Downloads/20250930/sz300883.csv,sz300883.csv,sz,300883,2020-09-10,2025-09-30,1227,119705,True,utf-8,cfb38e4c57757e4a0435b1f0c1e57d34877ef66284f712389d910b14b4dc1ff9
/Users/mic/Downloads/20250930/sh688291.csv,sh688291.csv,sh,688291,2022-10-26,2025-09-30,706,68734,True,utf-8,833392f4f2461c5488c3b8e72bb493fd4beebad6350e0f288df49374bbb21844
/Users/mic/Downloads/20250930/sz301223.csv,sz301223.csv,sz,301223,2022-10-26,2025-09-30,715,69617,True,utf-8,8fff60cda39f86663b3dc9b9fb944f5d0ec60eba9a9573fe25609426862eecb1
/Users/mic/Downloads/20250930/sz301237.csv,sz301237.csv,sz,301237,2022-03-23,2025-09-30,858,81391,True,utf-8,0a3a8ec2865b8dd8211b280b6392821e5517f9b54db5c00336de067cf7d09e01
/Users/mic/Downloads/20250930/sz300129.csv,sz300129.csv,sz,300129,2010-10-19,2025-09-30,3591,341633,True,utf-8,620ff889e6d8bf4957c252218f334168c2e435590bd8c2387f2a17f7401796eb
/Users/mic/Downloads/20250930/sh688285.csv,sh688285.csv,sh,688285,2021-10-20,2025-09-30,962,89850,True,utf-8,89e37f06557dcc882f8262292ead2ea56da1734361e439f5ead99b4a68921ee8
/Users/mic/Downloads/20250930/sh600967.csv,sh600967.csv,sh,600967,2004-05-18,2025-09-30,4995,484015,True,utf-8,05d4f7280a70a6dfa25c9ac53885e2e4854488a7c617fcc456075d0c40e5e646
/Users/mic/Downloads/20250930/sz002786.csv,sz002786.csv,sz,002786,2015-12-23,2025-09-30,2374,227564,True,utf-8,5063885956e6c1c53adbade9bdd95d32e8f7a77bb0bbccf92d53e89ee4dabbce
/Users/mic/Downloads/20250930/bj837663.csv,bj837663.csv,bj,837663,2023-03-15,2025-09-30,621,58748,True,utf-8,1e757b5d55eb368e1de33f6eb354dcaae4bea906b8ee910dbd977bd562696553
/Users/mic/Downloads/20250930/sz301551.csv,sz301551.csv,sz,301551,2024-09-26,2025-09-30,247,24053,True,utf-8,434969d3c57fdd0c64c08bb00916845f67cf6d42ebe875158754d7fcccfb4bf0
/Users/mic/Downloads/20250930/sz300897.csv,sz300897.csv,sz,300897,2020-09-28,2025-09-30,1210,117597,True,utf-8,349ad37bf0fda50605cba8814dc0d6a7b6ad892f61b5d36bb604203da3f5c89f
/Users/mic/Downloads/20250930/sh600230.csv,sh600230.csv,sh,600230,2000-04-06,2025-09-30,6063,569676,True,utf-8,a7a563d6c912644b1ae96326c7ea9d922200e4b6a5c01cd84f84569059f4b26a
/Users/mic/Downloads/20250930/sz002209.csv,sz002209.csv,sz,002209,2008-01-30,2025-09-30,4115,391547,True,utf-8,7044d46b3b174362017cbc494c8e3b9a26fab01ec10ccdda76bc4e539d7c2dae
/Users/mic/Downloads/20250930/sh603739.csv,sh603739.csv,sh,603739,2019-01-16,2025-09-30,1629,164242,True,utf-8,7afdde83bef0782459603ca0632b14c593f3d569189d52d6083d46031769505f
/Users/mic/Downloads/20250930/sh601890.csv,sh601890.csv,sh,601890,2010-12-28,2025-09-30,3582,342436,True,utf-8,f78bc22eeaa351c43053298f8f883df292c016bf3e9c304ff2c3e9e333571644
/Users/mic/Downloads/20250930/sh600556.csv,sh600556.csv,sh,600556,2001-08-07,2025-09-30,4200,409490,True,utf-8,802a9601fecc55675097fa3675d25846bae4f662c10ad672b94303a19b06cada
/Users/mic/Downloads/20250930/sh688078.csv,sh688078.csv,sh,688078,2019-12-30,2025-09-30,1397,134908,True,utf-8,b6e67bd2e787ee67e41a93c1dcc2023f049fd58456a0434542297bc47b2ecb91
/Users/mic/Downloads/20250930/sz000422.csv,sz000422.csv,sz,000422,1996-08-15,2025-09-30,6920,662259,True,utf-8,7ce5a2de0d48bc5439f2100fa4a3f9754151653be0da6b78fc0e816124dd7e6c
/Users/mic/Downloads/20250930/sz002235.csv,sz002235.csv,sz,002235,2008-05-16,2025-09-30,4006,378050,True,utf-8,bcd3ff4741fc74dcf36e00d8161ae6d87cd53a5eca4814de0be240c8236202ec
/Users/mic/Downloads/20250930/sz002553.csv,sz002553.csv,sz,002553,2011-02-25,2025-09-30,3423,326697,True,utf-8,80d2de23c2cbaea49225a63f5d6a483da3642e90a550efb358001072ab7cedbd
/Users/mic/Downloads/20250930/sh603063.csv,sh603063.csv,sh,603063,2017-07-28,2025-09-30,1988,194024,True,utf-8,d0d8ed34d93b0890d1a08447e1b85132bd74f67d6048e464e2ba4ddac664597f
/Users/mic/Downloads/20250930/sh688050.csv,sh688050.csv,sh,688050,2020-07-29,2025-09-30,1258,126424,True,utf-8,3fb51902376efd45f395ba536331d5da8f1de8612ffc85443a839f0c509a321c
/Users/mic/Downloads/20250930/sh603077.csv,sh603077.csv,sh,603077,2012-07-31,2025-09-30,3117,299598,True,utf-8,84137d88df832cb6648886dbc13b892393c2ba9c7a8643894b5a89f29ff4d0fa
/Users/mic/Downloads/20250930/sz002547.csv,sz002547.csv,sz,002547,2011-02-18,2025-09-30,3351,322949,True,utf-8,9e99879101a8046d4ea4c1935f7c3b9a5d2386ca10b878dfa321862f367f1416
/Users/mic/Downloads/20250930/sh600218.csv,sh600218.csv,sh,600218,1998-12-03,2025-09-30,6411,612554,True,utf-8,8b2d7b63c1d03fc7ae436c848bae8c5cfe277f2a53d4bba67c09e815016169e1
/Users/mic/Downloads/20250930/sz002221.csv,sz002221.csv,sz,002221,2008-03-06,2025-09-30,4215,413802,True,utf-8,8d23f13e0271b9b8c7848bbd7dcb0290d2b3c85b9dc825a5c82fb554f6e38bbf
/Users/mic/Downloads/20250930/sh601106.csv,sh601106.csv,sh,601106,2010-02-09,2025-09-30,3787,366447,True,utf-8,27ed095db8740665db4193ca5aa96da188722eb26aa9c28113edc7f815939964
/Users/mic/Downloads/20250930/sh688722.csv,sh688722.csv,sh,688722,2021-10-19,2025-09-30,963,96094,True,utf-8,7c1f0a8526c302e39856d71f92dbae5214b0c7f61a1aee00fa210d651f7d5c4a
/Users/mic/Downloads/20250930/sh603711.csv,sh603711.csv,sh,603711,2017-11-30,2025-09-30,1904,188748,True,utf-8,ca90a0cc59c8171ec9ce64c91f2d297318706cdf77dc07afcbebe8412256e052
/Users/mic/Downloads/20250930/sh603922.csv,sh603922.csv,sh,603922,2017-10-23,2025-09-30,1909,173375,True,utf-8,d545e9fd3348103787bd20192ff6b265a012958e951257039376e8f87fdf22a2
/Users/mic/Downloads/20250930/sz300303.csv,sz300303.csv,sz,300303,2012-03-19,2025-09-30,3276,315568,True,utf-8,97240332111f124c1ff803b5798d34d1d0a4a2329a618e089438430ebc3ed7f2
/Users/mic/Downloads/20250930/sh600595.csv,sh600595.csv,sh,600595,2002-06-26,2025-09-30,5494,534741,True,utf-8,27a9511d264137d37e1f7ace0022a6bbed51247d2aca821e45da8828a1a7c685
/Users/mic/Downloads/20250930/sz300465.csv,sz300465.csv,sz,300465,2015-05-28,2025-09-30,2422,235686,True,utf-8,d37f1e4d9376632e26de80619a2f4ed65186d4dc3312561b871e36334989014b
/Users/mic/Downloads/20250930/sh603088.csv,sh603088.csv,sh,603088,2014-11-11,2025-09-30,2634,240336,True,utf-8,c8f817378048ed2610bcc1c20520deaca2f5519ddce26626a0aabc26b7410add
/Users/mic/Downloads/20250930/sh600581.csv,sh600581.csv,sh,600581,2002-08-16,2025-09-30,5395,514751,True,utf-8,d3e6588b897413a5bea65ec026cccc71ba4c81c1fdb5087afb948d09708cbc6c
/Users/mic/Downloads/20250930/sz300471.csv,sz300471.csv,sz,300471,2015-06-11,2025-09-30,2498,247003,True,utf-8,1b9c7159925e2a5bd25b1eeb86e10991f4b331543f590c57cc20c736ac3d4bbe
/Users/mic/Downloads/20250930/sz300317.csv,sz300317.csv,sz,300317,2012-05-11,2025-09-30,2961,284084,True,utf-8,f168985742386a6c689521cd4dc9e0d90fb5fd6ee49668cbb2ac991958416f3f
/Users/mic/Downloads/20250930/sz301009.csv,sz301009.csv,sz,301009,2021-06-17,2025-09-30,1044,102334,True,utf-8,b588c513c1f1fa17b7d8be84a8e4943e9d4846995a8985b8c93b847e3bee1d2a
/Users/mic/Downloads/20250930/sh603936.csv,sh603936.csv,sh,603936,2015-12-09,2025-09-30,2289,223261,True,utf-8,e58ea2ada7721c786fd0bb0d6406d289ef576b7d25c468573f6730a4596d05e5
/Users/mic/Downloads/20250930/sz301021.csv,sz301021.csv,sz,301021,2021-07-06,2025-09-30,1031,100628,True,utf-8,28a7a02188db5a5d14148d5420ed9f9fa3317dfccf2f4750988f4db4680d1a5d
/Users/mic/Downloads/20250930/sh688093.csv,sh688093.csv,sh,688093,2020-09-30,2025-09-30,1213,120388,True,utf-8,7fcae402644895ff503734064b19732d2c418054bb374bf821e63cb4f8c40c2d
/Users/mic/Downloads/20250930/sz300459.csv,sz300459.csv,sz,300459,2015-05-15,2025-09-30,2308,225388,True,utf-8,6fc03b276bbed98eae25ba781064a795e74622ab2a38f051ffc6d02fc47daa28
/Users/mic/Downloads/20250930/sz002590.csv,sz002590.csv,sz,002590,2011-06-10,2025-09-30,3440,342376,True,utf-8,8fb4e7f3dcde5a6a5faa09d80c9f0a72738723ddb8da44b51bbb9ca338a32a94
/Users/mic/Downloads/20250930/bj831010.csv,bj831010.csv,bj,831010,2015-05-21,2025-09-30,1591,148633,True,utf-8,0b5a3293182d561a45fdf436daad1ea2394b8313477021ee63742dfc4de6424a
/Users/mic/Downloads/20250930/sz002584.csv,sz002584.csv,sz,002584,2011-06-02,2025-09-30,3254,312236,True,utf-8,498910e6f520efa958b06827ac432fb98eea129bd2a17deb2084c73c3dfde293
/Users/mic/Downloads/20250930/sh688087.csv,sh688087.csv,sh,688087,2021-07-09,2025-09-30,1028,103035,True,utf-8,942467b6022563cf10345864dbb7c05d4744879b4257160f8a4ca7c670671687
/Users/mic/Downloads/20250930/bj873223.csv,bj873223.csv,bj,873223,2022-06-09,2025-09-30,808,75253,True,utf-8,e7d2562902f693097a7844d93ab36074b15b8bacf1e1c809837774af37ca88e9
/Users/mic/Downloads/20250930/sz301035.csv,sz301035.csv,sz,301035,2021-07-28,2025-09-30,1015,101019,True,utf-8,8cbcafba5c3938254503d4c298e6404e627325ea293c5ade748095869129222e
/Users/mic/Downloads/20250930/sz002585.csv,sz002585.csv,sz,002585,2011-06-02,2025-09-30,3475,332816,True,utf-8,6095308b28d19ced4e4aea8323e62918911d5c32179c80aea8edaa5023e185d4
/Users/mic/Downloads/20250930/bj920108.csv,bj920108.csv,bj,920108,2025-02-06,2025-09-30,164,15895,True,utf-8,b7d25eca3bd55ec0a37ccb0f6a980e130b3a15e72fa7d544aa1b258d3b3eae53
/Users/mic/Downloads/20250930/sz301020.csv,sz301020.csv,sz,301020,2021-07-06,2025-09-30,1031,100335,True,utf-8,5d85845ec9f5ef70aa7d36dcf0900511537af450808edf9409daa362ae6bca1e
/Users/mic/Downloads/20250930/sz002591.csv,sz002591.csv,sz,002591,2011-06-21,2025-09-30,3311,310397,True,utf-8,317105d8b7cb8b994bc21e7dcdd822e2fb758b1a3bf7363a379d70bbd61b2710
/Users/mic/Downloads/20250930/sz300458.csv,sz300458.csv,sz,300458,2015-05-15,2025-09-30,2517,246630,True,utf-8,c799aa4448fdc4c192892dfa873247ecfa8d9460e775d7065c027001d5d2bc41
/Users/mic/Downloads/20250930/sh688092.csv,sh688092.csv,sh,688092,2021-03-19,2025-09-30,1103,109594,True,utf-8,5b9c6168b14572bfcd8ca95810f8837ddb51655785384c67b80308a6e249804b
/Users/mic/Downloads/20250930/sz300470.csv,sz300470.csv,sz,300470,2015-06-12,2025-09-30,2507,246454,True,utf-8,2da46bffb443693ee03495acc4b97b4f81e2fea12e25959a691ecbdbd0ed5b80
/Users/mic/Downloads/20250930/sh600580.csv,sh600580.csv,sh,600580,2002-06-06,2025-09-30,5523,529265,True,utf-8,a3b025603070715e93fac9963e293732166697698989ece123ab6780059bdf62
/Users/mic/Downloads/20250930/sh603089.csv,sh603089.csv,sh,603089,2017-01-26,2025-09-30,2109,203008,True,utf-8,c6c85180fb128a544d5b911535c42cc5985957dc4178e93d1feec72a8bc1e375
/Users/mic/Downloads/20250930/sh603937.csv,sh603937.csv,sh,603937,2017-11-02,2025-09-30,1924,186321,True,utf-8,99fed36f35098004d24b34fff0c9e9b63ed1409d2db880665170830993f7baee
/Users/mic/Downloads/20250930/sz301008.csv,sz301008.csv,sz,301008,2021-06-11,2025-09-30,1047,101472,True,utf-8,a6d4964794aec2596619531ab859359ce93627498ef8d66ab337ec4c3e1f8cca
/Users/mic/Downloads/20250930/sz300316.csv,sz300316.csv,sz,300316,2012-05-11,2025-09-30,3155,313838,True,utf-8,fda9e59ad4dbbff0802d55a1bdaf5d3e8b46f9e8195f2e626da677b63c710fad
/Users/mic/Downloads/20250930/sz300302.csv,sz300302.csv,sz,300302,2012-03-21,2025-09-30,3260,318486,True,utf-8,369241efaa86e16abf7ffaab3229d7356747dbd611bdf2e6a5aeb7e982f4d914
/Users/mic/Downloads/20250930/sz300464.csv,sz300464.csv,sz,300464,2015-06-10,2025-09-30,2327,225026,True,utf-8,b4e44005cc08e7f4efe32bba5b4781a24e32ec739e52ec92e8a49055977dddb1
/Users/mic/Downloads/20250930/sh600594.csv,sh600594.csv,sh,600594,2004-03-23,2025-09-30,5175,494997,True,utf-8,2efc95b1d61f2142fe45d421aa01466df51963c4018a06abd4d246f4d7bb44b2
/Users/mic/Downloads/20250930/bj831039.csv,bj831039.csv,bj,831039,2015-11-17,2025-09-30,1630,149899,True,utf-8,64570dcd513f1a103367a36ade8ec862a12a3148d98da1f5943dd12e3f56c117
/Users/mic/Downloads/20250930/sz002546.csv,sz002546.csv,sz,002546,2011-02-11,2025-09-30,3485,331973,True,utf-8,ada1ff2cc7cefb545e9529b71571d80ca7cc200608050998149103e520119e9e
/Users/mic/Downloads/20250930/sh688045.csv,sh688045.csv,sh,688045,2022-05-26,2025-09-30,817,80006,True,utf-8,607e7f8b3411ea93694b298d35883b70ccd8f8e1cf4277780bbda5f9965ac288
/Users/mic/Downloads/20250930/sh603076.csv,sh603076.csv,sh,603076,2017-11-13,2025-09-30,1917,193739,True,utf-8,3dc9a883bb96852d3b5dc208222f3175ec43f7be9c2dd19c865883d5278c598c
/Users/mic/Downloads/20250930/sh601107.csv,sh601107.csv,sh,601107,2009-07-27,2025-09-30,3906,374053,True,utf-8,2d7a24ffa11c9d2caab5ad65756086afb1a83e33999693d0555ee220d1fa5b92
/Users/mic/Downloads/20250930/sh600219.csv,sh600219.csv,sh,600219,1999-12-23,2025-09-30,6077,585316,True,utf-8,a6e0d58dc7c21fc6a811d28a2a304f7eeb10d33aa6d12a613cf893dea627254e
/Users/mic/Downloads/20250930/sh601113.csv,sh601113.csv,sh,601113,2011-05-09,2025-09-30,3410,317077,True,utf-8,d755487fd035aae07bd905c1679611984420757886bd7a96c068b9eed27d3090
/Users/mic/Downloads/20250930/sz002234.csv,sz002234.csv,sz,002234,2008-05-16,2025-09-30,4205,412037,True,utf-8,55653a1a558569b51d89387277538ad67d9b55b22a05db240b8362c939c3390c
/Users/mic/Downloads/20250930/bj873593.csv,bj873593.csv,bj,873593,2023-04-13,2025-09-30,601,59809,True,utf-8,92886ac54ff8577e19d6e514e13970bc1e343d7802599d7ee45312461dd5611c
/Users/mic/Downloads/20250930/sz000423.csv,sz000423.csv,sz,000423,1996-07-29,2025-09-30,6913,673753,True,utf-8,a5428421933cf0180cb50b7c853220c6aa5d6e0a668601a91f46647bbc986c19
/Users/mic/Downloads/20250930/sh688737.csv,sh688737.csv,sh,688737,2021-10-22,2025-09-30,960,93569,True,utf-8,ccf87918199db748c37fb7447747bda1fdd72d6b2ef03279943a528cdf7a3dd9
/Users/mic/Downloads/20250930/sh688051.csv,sh688051.csv,sh,688051,2020-03-20,2025-09-30,1345,130293,True,utf-8,c8ac1eef1607aba1cca32da74400a7d2729b49539696d3775f91c974c43ba3d9
/Users/mic/Downloads/20250930/sh603062.csv,sh603062.csv,sh,603062,2023-11-07,2025-09-30,464,45829,True,utf-8,78890194bd40d7fb92cdc942538b570d677e25d6ac15f80af048c42b81b21935
/Users/mic/Downloads/20250930/sz002552.csv,sz002552.csv,sz,002552,2011-02-25,2025-09-30,3456,336640,True,utf-8,0acd318ba735a9d949f14ff2ffa4c96b7610006c522685cc1e8dba55941975f3
/Users/mic/Downloads/20250930/sh688079.csv,sh688079.csv,sh,688079,2021-03-02,2025-09-30,1116,108901,True,utf-8,0f7ba8f106e1a5dc9525c9b870354b895b8d77501512bb3fe3ec7c1cd3fc102a
/Users/mic/Downloads/20250930/sh600543.csv,sh600543.csv,sh,600543,2004-03-24,2025-09-30,5156,490669,True,utf-8,2d45f39e841e3d25b26156407c4fb28679cebf3888dc8d89a88289cb4e99b1d9
/Users/mic/Downloads/20250930/sh603738.csv,sh603738.csv,sh,603738,2016-09-28,2025-09-30,2189,216594,True,utf-8,d1b7ba19b8497b2721eb852a8694055cb63550577ca9b591bb41681488e22bc6
/Users/mic/Downloads/20250930/sz002208.csv,sz002208.csv,sz,002208,2008-01-28,2025-09-30,4221,402071,True,utf-8,83aa0f5673af82bcab12613cb4326056c932a556d6897a620138b107e7c5fab3
/Users/mic/Downloads/20250930/sh600231.csv,sh600231.csv,sh,600231,2000-05-11,2025-09-30,6026,574763,True,utf-8,5c904c1e2ffe310aaf3b5db1ec96384b1968d3bf7893d445f18ea7b4bc719279
/Users/mic/Downloads/20250930/sh600557.csv,sh600557.csv,sh,600557,2002-09-18,2025-09-30,5529,535455,True,utf-8,ef604a51cc9df63a28d87fcbdbec0d9a24a1acf366752ea3b98e03bdf58543d8
/Users/mic/Downloads/20250930/sz300128.csv,sz300128.csv,sz,300128,2010-10-13,2025-09-30,3471,331644,True,utf-8,f40fc014d7fe8d065290d3a9751815dc15645a90a36c7e8147fc04039d59672f
/Users/mic/Downloads/20250930/sz301236.csv,sz301236.csv,sz,301236,2022-03-15,2025-09-30,864,86368,True,utf-8,1f9a0ee06b670a34320d13fa3a5c5816be6353e007d135afa08a33fd36790f48
/Users/mic/Downloads/20250930/sz300896.csv,sz300896.csv,sz,300896,2020-09-28,2025-09-30,1215,124931,True,utf-8,6cd4df077d0dc7cb0ab12a12a3bd7993a41134bd85bfb7d92f8b024b789bb2e3
/Users/mic/Downloads/20250930/sz301550.csv,sz301550.csv,sz,301550,2023-09-15,2025-09-30,495,48328,True,utf-8,d6a156c5b8289ec7ac8023eab8bd1215b401a13fddcdcc81bdf0c37e8db93ca4
/Users/mic/Downloads/20250930/sz002787.csv,sz002787.csv,sz,002787,2015-12-31,2025-09-30,2236,215351,True,utf-8,f6024b82b6a0f71ffda33bccba8441c7d42ca8a6b7f8ca95b03110a62414fdba
/Users/mic/Downloads/20250930/sh600966.csv,sh600966.csv,sh,600966,2004-06-08,2025-09-30,5081,487004,True,utf-8,30ea8780602b50e2a96e4419d9b72644607cb941162bd9b8fada7eb23800994a
/Users/mic/Downloads/20250930/sh688290.csv,sh688290.csv,sh,688290,2022-04-29,2025-09-30,833,80903,True,utf-8,77c9e3cb96df36172bb901d98990acc387118a3f397d05e990ebf9581d64bbb3
/Users/mic/Downloads/20250930/sz300882.csv,sz300882.csv,sz,300882,2020-09-10,2025-09-30,1227,119650,True,utf-8,660882f6b8a6a64c93f795087a0f3fe026ed1ada40e5a8e6c0127c0c2a43020e
/Users/mic/Downloads/20250930/sz002793.csv,sz002793.csv,sz,002793,2016-04-15,2025-09-30,2291,220031,True,utf-8,8d732817a3e1fadfef5c4aac47370566be643e4a3335ff32f0cbc173088b5e86
/Users/mic/Downloads/20250930/sz301222.csv,sz301222.csv,sz,301222,2022-03-09,2025-09-30,868,84753,True,utf-8,1e531c6850f8be798f41b04f9858c6248ba23aac183ed1746d66618b4f792339
/Users/mic/Downloads/20250930/sz000812.csv,sz000812.csv,sz,000812,1998-06-23,2025-09-30,6229,594937,True,utf-8,60ce6032be673efca3dd3f876e5894c2ad8a028481e42e44fcc2e60103b348e9
/Users/mic/Downloads/20250930/sh600782.csv,sh600782.csv,sh,600782,1996-12-25,2025-09-30,6790,641792,True,utf-8,e9078f0651d33a6c15383feeebd5d3b23d627be37bf0b2036fc3a87d1778f610
/Users/mic/Downloads/20250930/sz002963.csv,sz002963.csv,sz,002963,2019-10-28,2025-09-30,1442,140368,True,utf-8,70736050a75144a265d1458beadd02eca4bb075537ea11836f5eee2d51b059bf
/Users/mic/Downloads/20250930/sz300672.csv,sz300672.csv,sz,300672,2017-07-12,2025-09-30,1977,198324,True,utf-8,ecbed47389b5813c3d92d0adad6857ebe3a62553c0f3f69961ad29f4650c4958
/Users/mic/Downloads/20250930/sh600796.csv,sh600796.csv,sh,600796,1997-04-08,2025-09-30,6606,618471,True,utf-8,5c622a593b55c77d51ed2734f8031124d59ace9cd59582621ad47aee57be8024
/Users/mic/Downloads/20250930/sz002977.csv,sz002977.csv,sz,002977,2020-03-17,2025-09-30,1348,130756,True,utf-8,ee62db5d1afac58378a16fd335671d67a975aff658d08614bf49ad2352f42b0e
/Users/mic/Downloads/20250930/sz301578.csv,sz301578.csv,sz,301578,2023-12-28,2025-09-30,427,41831,True,utf-8,e1396d2df6acc74f9cd1843b8ee9c9a8ea30cdcb6262fadf57ddbdafdae00091
/Users/mic/Downloads/20250930/sz300666.csv,sz300666.csv,sz,300666,2017-06-15,2025-09-30,2003,198392,True,utf-8,d5b33d20fee814cd08d51c435963f0dc7c3a387693192a35d18244ee5a5eba00
/Users/mic/Downloads/20250930/sh605188.csv,sh605188.csv,sh,605188,2020-07-28,2025-09-30,1259,122513,True,utf-8,d878d4eb29e081efc8e8c3c164a5c9d434e2d7962e15c6b3b09f455f8ec18651
/Users/mic/Downloads/20250930/sz300100.csv,sz300100.csv,sz,300100,2010-08-06,2025-09-30,3412,325441,True,utf-8,82fe96715e0109a209270f4c6954db99f5655c38f34a42981f998830d27d2948
/Users/mic/Downloads/20250930/sz002022.csv,sz002022.csv,sz,002022,2004-07-21,2025-09-30,5072,501570,True,utf-8,9c285ba83feb00a548933fc6efd4c608660a5f6924555f7fe719bc92f8d86260
/Users/mic/Downloads/20250930/sh688521.csv,sh688521.csv,sh,688521,2020-08-18,2025-09-30,1234,123232,True,utf-8,961db277c67d82178b32f2004b1c7d7c24f596ebcb3bb2eef824b6ed3c06648c
/Users/mic/Downloads/20250930/sz000635.csv,sz000635.csv,sz,000635,1996-11-20,2025-09-30,6833,649446,True,utf-8,fc50907a47ea83f36b218ecd0576349ae44e55620b364cdc92ae6198fe61e78b
/Users/mic/Downloads/20250930/sz000153.csv,sz000153.csv,sz,000153,2000-09-20,2025-09-30,5665,520873,True,utf-8,6ad453d87e79464ee1da686fd98b4cb7e006df953ecf8db605a1a95b7fdd54a4
/Users/mic/Downloads/20250930/sh688247.csv,sh688247.csv,sh,688247,2022-08-25,2025-09-30,753,72799,True,utf-8,9931c0ad40e72ec1306e9f8d4676447c5c8b68e6bb916662489edc33a8eae340
/Users/mic/Downloads/20250930/sz300855.csv,sz300855.csv,sz,300855,2020-07-23,2025-09-30,1262,122054,True,utf-8,a5512bc72f247f84c3d17a7dba5e63831d40213c7ed034481b16116916fbd36e
/Users/mic/Downloads/20250930/sz300699.csv,sz300699.csv,sz,300699,2017-09-01,2025-09-30,1963,196251,True,utf-8,788ed6ff1e2c3fd2996e5223cae07c053ff8c1760ba4848eb7c9a9e7854bd278
/Users/mic/Downloads/20250930/sz300841.csv,sz300841.csv,sz,300841,2020-06-16,2025-09-30,1282,128373,True,utf-8,7d8bd54a53f60c3d8d9a1961386c5e4481fc615bb11e916a7f5991de888e713e
/Users/mic/Downloads/20250930/sz301587.csv,sz301587.csv,sz,301587,2024-04-08,2025-09-30,364,35344,True,utf-8,9fb9ea51c85302f921cb38d83dd00cf2ab568d52d060f2ef940700530f32ee8a
/Users/mic/Downloads/20250930/sz002988.csv,sz002988.csv,sz,002988,2020-05-18,2025-09-30,1308,128126,True,utf-8,8fb5bb35c98661f9efbde1aa2433f91ab92402fe4895fb2ce01a24c6e4a34d69
/Users/mic/Downloads/20250930/sh600769.csv,sh600769.csv,sh,600769,1996-11-01,2025-09-30,6752,632990,True,utf-8,c758c803446a28dd58d827a9a8d84eda838ecdd4c440c11f790baa7ea3772fce
/Users/mic/Downloads/20250930/sh603260.csv,sh603260.csv,sh,603260,2017-10-30,2025-09-30,1927,195338,True,utf-8,103441d0a07ce2a21b9d457bf0ac1ed2eea9b101dbd034b5aa3da18b16a87840
/Users/mic/Downloads/20250930/sz001259.csv,sz001259.csv,sz,001259,2022-08-31,2025-09-30,749,72369,True,utf-8,c3d95d90bb73c22c1a88adc89312dae1bf74782d8ff77ac5b1f1a209d4e4358a
/Users/mic/Downloads/20250930/sh688253.csv,sh688253.csv,sh,688253,2022-07-28,2025-09-30,773,75069,True,utf-8,d95cf45cba95dba222603a0df9aac747c71543e134634c9c929cacd155b00b25
/Users/mic/Downloads/20250930/sh688535.csv,sh688535.csv,sh,688535,2023-04-04,2025-09-30,597,58246,True,utf-8,a6814518e9767ff609de54785129b5b4c56ab8bf6b02ff1c0e9a397daffdfa96
/Users/mic/Downloads/20250930/sh605177.csv,sh605177.csv,sh,605177,2020-11-25,2025-09-30,1179,118069,True,utf-8,6b472166c4b2a4fbf5129b7da0e058e1aa3a2a43c9b3b3cc93bd7836aae4cefe
/Users/mic/Downloads/20250930/sh603506.csv,sh603506.csv,sh,603506,2018-02-01,2025-09-30,1860,180433,True,utf-8,5364c85699ddbeb5908570c8276023b27a3987efcf3e3c2dc3059fe2c21db6fe
/Users/mic/Downloads/20250930/sz002036.csv,sz002036.csv,sz,002036,2004-09-03,2025-09-30,4961,481172,True,utf-8,5f18b126d1a5f780113a2fbe5d7503448bc4e20f9d48e75a2c447526a6d388f1
/Users/mic/Downloads/20250930/sh601311.csv,sh601311.csv,sh,601311,2011-06-02,2025-09-30,3460,335734,True,utf-8,26a75da2dddda68deb37d290eaaca71e975b10ddd5ca633946b7c8290da4818f
/Users/mic/Downloads/20250930/sz000609.csv,sz000609.csv,sz,000609,1996-10-10,2025-09-30,6841,651171,True,utf-8,3cbd01d42f6c49f8f72c285f4d50a0984152c3fc0eb5b518cddefc38196164f6
/Users/mic/Downloads/20250930/sh600027.csv,sh600027.csv,sh,600027,2005-02-03,2025-09-30,4951,480393,True,utf-8,32917649df885d01a88ded2fc060d510844f0fc53b443176ad70f503d6f06ea6
/Users/mic/Downloads/20250930/sh601339.csv,sh601339.csv,sh,601339,2012-06-12,2025-09-30,3235,301080,True,utf-8,b7a25ead981d83f4498f97b1744608aebff3edba30689304ebba4d546c5fc281
/Users/mic/Downloads/20250930/sh600999.csv,sh600999.csv,sh,600999,2009-11-17,2025-09-30,3839,385110,True,utf-8,a4f5f6df1ec258f3e96625795b37629c9142db7b3a020d130e62710f7985ff54
/Users/mic/Downloads/20250930/sz002778.csv,sz002778.csv,sz,002778,2016-01-06,2025-09-30,2302,227099,True,utf-8,c99287c32b56b5b35693bcd1a191cd4cba7c026e7a67e2440c8cb04f6a3c04b1
/Users/mic/Downloads/20250930/sz300869.csv,sz300869.csv,sz,300869,2020-08-24,2025-09-30,1240,123291,True,utf-8,da6ad4a29f2a8010dd25f81fab74411ff40265c67a9f39a766a9e94a7be719d3
/Users/mic/Downloads/20250930/sh600741.csv,sh600741.csv,sh,600741,1996-08-26,2025-09-30,6893,663817,True,utf-8,386fad58a49961fb187fd9a7952ac923a5d2e2fbe5bb594d9d9d43ad0e4c86c7
/Users/mic/Downloads/20250930/sh600755.csv,sh600755.csv,sh,600755,1996-10-03,2025-09-30,6962,664915,True,utf-8,0a60fcbd19c7c093b8a55b963d7a2e3463ec3e45f80c999502ef11195574481e
/Users/mic/Downloads/20250930/sh600033.csv,sh600033.csv,sh,600033,2001-02-09,2025-09-30,5938,561815,True,utf-8,b83d757bf7526093c2012bf3884f065761408eaf3bc561352e400b9a86dd2f38
/Users/mic/Downloads/20250930/sh688509.csv,sh688509.csv,sh,688509,2021-07-30,2025-09-30,1013,95923,True,utf-8,ef6c852b2686ccdf02618f96be86803268d091d490a49f8be4852eae737e8275
/Users/mic/Downloads/20250930/sh688496.csv,sh688496.csv,sh,688496,2022-12-28,2025-09-30,670,64360,True,utf-8,64b1117dc235fb9397c0c1bacb9dd59d0677ceb8849ce22b66fda81024abcafe
/Users/mic/Downloads/20250930/sz000782.csv,sz000782.csv,sz,000782,1997-06-19,2025-09-30,6680,621741,True,utf-8,cee20300496a63ff0ffb299cd1f92785efd1fe6d88aa4f0c981c6bde2bea034b
/Users/mic/Downloads/20250930/sz002195.csv,sz002195.csv,sz,002195,2007-12-12,2025-09-30,4230,406477,True,utf-8,2b8399051e4b695d09743f20ac4253762dc9b1b771cf8bc4dd510a5544a03828
/Users/mic/Downloads/20250930/sh600812.csv,sh600812.csv,sh,600812,1994-01-14,2025-09-30,7617,733267,True,utf-8,1428b0decb2c8575cf7923095ace8a7f0bfbecbe6f24a5dcee85965bef50701f
/Users/mic/Downloads/20250930/sz301356.csv,sz301356.csv,sz,301356,2022-11-14,2025-09-30,702,67645,True,utf-8,449521e9771d0929df8567cf7869d11787e937596915f193052a25443899ff32
/Users/mic/Downloads/20250930/sz300048.csv,sz300048.csv,sz,300048,2010-01-20,2025-09-30,3730,355041,True,utf-8,6af9b251f8b631dfc7361865735eef591b2bb747e47dc0536e6af457e19ee99f
/Users/mic/Downloads/20250930/sz002181.csv,sz002181.csv,sz,002181,2007-11-16,2025-09-30,4230,405813,True,utf-8,ec3131b7f445bde3646d530fcd2f98fdf405285739a9b9f3215f417d3d645bf5
/Users/mic/Downloads/20250930/sz000796.csv,sz000796.csv,sz,000796,1997-07-03,2025-09-30,6255,593428,True,utf-8,f90beb34d26177ed10ca7b1caed094583c5156b15dae9249bd3a922f47ede400
/Users/mic/Downloads/20250930/sz000966.csv,sz000966.csv,sz,000966,2000-03-16,2025-09-30,6120,580229,True,utf-8,61f19f7b970a0017130ca187af30c7b8c0107a8ec1a7a29ef91442328786c5dd
/Users/mic/Downloads/20250930/sh603499.csv,sh603499.csv,sh,603499,2017-10-16,2025-09-30,1936,182083,True,utf-8,e33bb6f19779eaca089f9740a520269d4cc07250ab157341fc7b8cf5ca9cefeb
/Users/mic/Downloads/20250930/sz300706.csv,sz300706.csv,sz,300706,2017-09-26,2025-09-30,1946,191144,True,utf-8,39e10ff5295c3c1be10ce08085dcc45a159d4d8d191e0b96d7aa3e7fbff9aa53
/Users/mic/Downloads/20250930/sz002817.csv,sz002817.csv,sz,002817,2016-10-25,2025-09-30,2175,204153,True,utf-8,ab88c9807b1078791c15665ad09fd54fa5b6f75518b1c177e7b851feb3bcb72d
/Users/mic/Downloads/20250930/sz301418.csv,sz301418.csv,sz,301418,2023-08-21,2025-09-30,514,49594,True,utf-8,843492cf50f104450e1c555f2570d6b268ba2eeddbe0d6a86de2111a44e825f7
/Users/mic/Downloads/20250930/sz300712.csv,sz300712.csv,sz,300712,2017-10-31,2025-09-30,1926,189654,True,utf-8,b7678cf467ec8fdf125480406f7cb8183221858fc181dffbcf27f79cb8661c8f
/Users/mic/Downloads/20250930/sz002803.csv,sz002803.csv,sz,002803,2016-07-12,2025-09-30,2187,214175,True,utf-8,e02513845e2991005744ce8b7c6da329b4c729309b7238e211e06d9b42244fbb
/Users/mic/Downloads/20250930/sz000972.csv,sz000972.csv,sz,000972,2000-09-26,2025-09-30,5631,531727,True,utf-8,9fadac083f43bf5f2988a4ca99ccd1626f307f8d580bb2491900573c840a5d3c
/Users/mic/Downloads/20250930/sh600184.csv,sh600184.csv,sh,600184,2003-11-06,2025-09-30,5172,496509,True,utf-8,456b0c8a5d97db83ec5459c53208b14cb37e2fa8772195e5a3907c957c039dfa
/Users/mic/Downloads/20250930/sz300074.csv,sz300074.csv,sz,300074,2010-04-27,2025-09-30,3676,348965,True,utf-8,0340852cc648ab8094d9ec8b6de66c9bd55b2be94b22a4ed2e0db800b15e074e
/Users/mic/Downloads/20250930/sz002156.csv,sz002156.csv,sz,002156,2007-08-16,2025-09-30,4296,421623,True,utf-8,e94fa36f2ee8d545e3bb2dfe1cd0e169b432cfdaf937e39c5cf07d7e518254be
/Users/mic/Downloads/20250930/sz301381.csv,sz301381.csv,sz,301381,2023-07-12,2025-09-30,542,53133,True,utf-8,362dcdaabec22b1541edf1cfbb2b362cd02357271529ed16c4789762be9cc2b4
/Users/mic/Downloads/20250930/sh603466.csv,sh603466.csv,sh,603466,2017-10-20,2025-09-30,1932,186599,True,utf-8,314a0e0392c787d52cca468bca632bd2261f7ee4e1533567a943f1f5d52ae3e7
/Users/mic/Downloads/20250930/sh688455.csv,sh688455.csv,sh,688455,2022-09-15,2025-09-30,739,71129,True,utf-8,1dd77b523b78dce49903ddfa6f952f25b98f213c24726a3befe1c686dd603d89
/Users/mic/Downloads/20250930/sz000999.csv,sz000999.csv,sz,000999,2000-03-09,2025-09-30,5930,582628,True,utf-8,d38987ae32badb6dd87227895401543063d3c7b2e34a7860992036d0fe2ed85e
/Users/mic/Downloads/20250930/sh688333.csv,sh688333.csv,sh,688333,2019-07-22,2025-09-30,1506,148410,True,utf-8,9f2f45092a3777c46cceccfdd1f9c275ad6f5d82a2b1fe33f5d41541ac3b8313
/Users/mic/Downloads/20250930/sz001339.csv,sz001339.csv,sz,001339,2022-08-15,2025-09-30,761,74667,True,utf-8,e55619c7139750078d297927f05395d57781d763efd684acac463fe7253f72d4
/Users/mic/Downloads/20250930/sz000027.csv,sz000027.csv,sz,000027,1993-09-03,2025-09-30,7653,731092,True,utf-8,678ca65a17479374cb63acbcfab414cd4969ba07e7c5af57897d088ed2e6b571
/Users/mic/Downloads/20250930/sh603300.csv,sh603300.csv,sh,603300,2015-05-29,2025-09-30,2494,239582,True,utf-8,9a1b49c9af3503080adbc12b45cdee5b7e9a4e52ff0083ea2f2eb53edeaa3b1d
/Users/mic/Downloads/20250930/sh600609.csv,sh600609.csv,sh,600609,1992-07-24,2025-09-30,7782,732534,True,utf-8,1d205c09b3e2774454e5411c672338b54e1311cf440737cb8820bc847d865512
/Users/mic/Downloads/20250930/sz300921.csv,sz300921.csv,sz,300921,2020-12-22,2025-09-30,1160,112849,True,utf-8,29b61d0edbb8bdefcba8fed595b2667c604c4de6ca6dbfd73ba85bdae0bb0895
/Users/mic/Downloads/20250930/sz002630.csv,sz002630.csv,sz,002630,2011-11-11,2025-09-30,3116,297251,True,utf-8,91041226da1ca56921e9d86340cbf816dd517d5395220d484ac82604e6097247
/Users/mic/Downloads/20250930/sz300935.csv,sz300935.csv,sz,300935,2021-01-20,2025-09-30,1140,109966,True,utf-8,f8d566569df1cec2f57b2166e3e5cbf1befb0e78268912a66fc26d7c9a7ca907
/Users/mic/Downloads/20250930/sz002624.csv,sz002624.csv,sz,002624,2011-10-28,2025-09-30,2999,297822,True,utf-8,492b7bc41791d207fc9bb39825e494692403a6149c638dfff19b0ff94c1b8711
/Users/mic/Downloads/20250930/sh688327.csv,sh688327.csv,sh,688327,2022-05-27,2025-09-30,816,81373,True,utf-8,f5f0b96b95f8f0ac01c6f3779d7ecf46b8e3a3bed2a2b72782872be6a0a6caf2
/Users/mic/Downloads/20250930/sz000755.csv,sz000755.csv,sz,000755,1997-06-27,2025-09-30,6414,616062,True,utf-8,428f2f0198552e1e1940d822cdbc37ae12ed15c3366545d9a16c304dc185464b
/Users/mic/Downloads/20250930/sh605003.csv,sh605003.csv,sh,605003,2020-09-08,2025-09-30,1229,117835,True,utf-8,b050425073fc2eb224fcd55ba5254b6dedb4ba5e5d56b0fa375a82435c3065d5
/Users/mic/Downloads/20250930/sz002142.csv,sz002142.csv,sz,002142,2007-07-19,2025-09-30,4405,441967,True,utf-8,5d25aabfffb667f938f2a847ea77a7de9b9cf984f1ce6f7959d17d1d2b373b8a
/Users/mic/Downloads/20250930/sz301395.csv,sz301395.csv,sz,301395,2023-07-03,2025-09-30,549,53008,True,utf-8,0a6a2d5d489718dad4830f7c14d3622acc34f1e3011c3a025c264bdbb2e3ae69
/Users/mic/Downloads/20250930/sh688469.csv,sh688469.csv,sh,688469,2023-05-10,2025-09-30,585,57074,True,utf-8,504029c079f48615fa275f4ad2c2cbe6aa2f584c8bc7d906835a7e25c80f1d8d
/Users/mic/Downloads/20250930/sh600153.csv,sh600153.csv,sh,600153,1998-06-16,2025-09-30,6326,605687,True,utf-8,061e67e693616358d25b711c64003be6bfe74f3c836144d3d6a99caff5e4f4d3
/Users/mic/Downloads/20250930/sh600635.csv,sh600635.csv,sh,600635,1993-03-04,2025-09-30,7823,751527,True,utf-8,f46a8d044894ac1e67115fe5cb554e77319eec64d37b2de13a0e83fe86deb764
/Users/mic/Downloads/20250930/sz001311.csv,sz001311.csv,sz,001311,2023-02-27,2025-09-30,633,64238,True,utf-8,4b0c8437d27de89be6cf83749eff8aac0812d9d21bc912e85373581b42abdcae
/Users/mic/Downloads/20250930/sh603328.csv,sh603328.csv,sh,603328,2014-07-01,2025-09-30,2736,261507,True,utf-8,24bfe1e2d8eef6a377ac44c160b530d27610f5ced611e9117dbf61a16c7221dc
/Users/mic/Downloads/20250930/sh600621.csv,sh600621.csv,sh,600621,1992-12-02,2025-09-30,7864,751069,True,utf-8,dc309018778f1226fd3234223e6b30b3e2e9c26bbcb910a70e4eab88dcc4e48d
/Users/mic/Downloads/20250930/sz300909.csv,sz300909.csv,sz,300909,2020-11-18,2025-09-30,1175,114578,True,utf-8,3ff194be993102a1509c68cc1c1776f479f20382ac39d38653100cf5ad5308b9
/Users/mic/Downloads/20250930/bj871970.csv,bj871970.csv,bj,871970,2022-05-18,2025-09-30,823,77194,True,utf-8,c7c2fcb52d7a69a061222a902981942504995f408f627960e100d9b6146458dd
/Users/mic/Downloads/20250930/sz301626.csv,sz301626.csv,sz,301626,2024-10-24,2025-09-30,232,23007,True,utf-8,9d8ec5bcfbcb9f75283e3aa1249522c4639aaa6bd71caca0bdb5d244b972c32f
/Users/mic/Downloads/20250930/sz300538.csv,sz300538.csv,sz,300538,2016-08-26,2025-09-30,2210,215300,True,utf-8,eee626ab4a63e6cae4d1ded9162a50c27b93384a7d9b35525fd07f5899ced8ee
/Users/mic/Downloads/20250930/sz002397.csv,sz002397.csv,sz,002397,2010-04-29,2025-09-30,3735,354625,True,utf-8,27bde2b8b2679258fd1e9716f54fa5462a6010b1d5610b61468c9a6680bc002e
/Users/mic/Downloads/20250930/sh688680.csv,sh688680.csv,sh,688680,2021-01-22,2025-09-30,1138,113953,True,utf-8,935ccf404f46fcf92fe6f28bdf4cae00f6e996be1ad31b8bf3aad740c814ce17
/Users/mic/Downloads/20250930/bj920068.csv,bj920068.csv,bj,920068,2025-05-13,2025-09-30,100,9749,True,utf-8,c67cff9f1b175b34946800b78cc30095b9035ee9e206c6327cecc9429b90c701
/Users/mic/Downloads/20250930/sz002383.csv,sz002383.csv,sz,002383,2010-04-02,2025-09-30,3545,342307,True,utf-8,e8b9c307d1b08dcc0e342af2df1c83e268109944b0e9f334c728c54b4955c6b4
/Users/mic/Downloads/20250930/sz301632.csv,sz301632.csv,sz,301632,2025-08-12,2025-09-30,36,3583,True,utf-8,268f372653e995bf7940686c5926710dc1a09ecca816536bc4c07b744d8a5de7
/Users/mic/Downloads/20250930/sz300504.csv,sz300504.csv,sz,300504,2018-03-30,2025-09-30,1824,183183,True,utf-8,a838048a4426c18725d5ccdbbfc5ecde88ba060f984c8bdd601ac6ad321e2ee4
/Users/mic/Downloads/20250930/bj834021.csv,bj834021.csv,bj,834021,2016-03-07,2025-09-30,1646,153596,True,utf-8,2cd5ecd0ef47cb66e584bea3499bd9adb3cbc72a0b223dc9b2b3a0f34e108b64
/Users/mic/Downloads/20250930/sh603843.csv,sh603843.csv,sh,603843,2016-09-05,2025-09-30,2113,206355,True,utf-8,47700d392834fab6dfcbc6f7d4c2012dc6196d8608e10419ab25aa25452a76fd
/Users/mic/Downloads/20250930/sh600392.csv,sh600392.csv,sh,600392,2003-05-29,2025-09-30,5083,489824,True,utf-8,3598b8af168f150bc204601c4ec4fd3a8bfddfc7461b125ea99966bcb649fd94
/Users/mic/Downloads/20250930/sz300276.csv,sz300276.csv,sz,300276,2011-11-15,2025-09-30,3234,313449,True,utf-8,923e80af671ffd140828d58e3cda1383276734a6ca47de2c9385615fd1230d0c
/Users/mic/Downloads/20250930/sh601098.csv,sh601098.csv,sh,601098,2010-10-28,2025-09-30,3625,354183,True,utf-8,019678c6f58b4c226aca28d1ea09e9af80b512d01dbf9c73c6367cc2a37f378a
/Users/mic/Downloads/20250930/sz301168.csv,sz301168.csv,sz,301168,2021-12-10,2025-09-30,925,89536,True,utf-8,477e0f85ff0be6e46df5c235e6ff5a198698d629e95c8cc8218d7764a1c851a6
/Users/mic/Downloads/20250930/sh600386.csv,sh600386.csv,sh,600386,2001-02-16,2025-09-30,5875,542046,True,utf-8,a00966f895efc73e2cd4ca407d442a9893ed2a4b0ee328e238db64bd4bed3757
/Users/mic/Downloads/20250930/sh605598.csv,sh605598.csv,sh,605598,2021-09-17,2025-09-30,978,95341,True,utf-8,cee0beeb784afd394b5b854844003b955aa0e0bce3697b2bb172eb5457b50c77
/Users/mic/Downloads/20250930/sz300510.csv,sz300510.csv,sz,300510,2016-05-06,2025-09-30,2018,194687,True,utf-8,bcfb907d4d365fddc19daad08433660d307be70785517f04f9c41737fd9a00d2
/Users/mic/Downloads/20250930/sz002432.csv,sz002432.csv,sz,002432,2010-06-10,2025-09-30,3675,357330,True,utf-8,917d23d71bd1e181554283731669b606cbd5ebcb1faa6e70b42c67d42190dc7c
/Users/mic/Downloads/20250930/sh603102.csv,sh603102.csv,sh,603102,2022-01-25,2025-09-30,894,83731,True,utf-8,88b03ac345c6a837bd25017123cf03320fcbe0dafe1a6ca9940fd7f98c6091c7
/Users/mic/Downloads/20250930/sh688131.csv,sh688131.csv,sh,688131,2021-06-08,2025-09-30,1040,104476,True,utf-8,4b7a59d30c341e6fdd8a2dea28c0488756b13b17c376651045d4ffca1f9aa1de
/Users/mic/Downloads/20250930/sh688657.csv,sh688657.csv,sh,688657,2023-10-10,2025-09-30,484,46418,True,utf-8,af3a49f1da98d2683251ca49bc921bc6fe597e97f90ea7fbc53ac00751e22e83
/Users/mic/Downloads/20250930/sz000543.csv,sz000543.csv,sz,000543,1993-12-20,2025-09-30,7509,712327,True,utf-8,821ccd0b087afa6860362695881508584ecf79b03bfc9cd903c4aba7d9e175d3
/Users/mic/Downloads/20250930/sz301183.csv,sz301183.csv,sz,301183,2022-05-24,2025-09-30,819,77889,True,utf-8,73ddfa62f58c19fad73a2d514470e316283937a4931ce847df8d126e530240f2
/Users/mic/Downloads/20250930/sz002354.csv,sz002354.csv,sz,002354,2010-02-09,2025-09-30,3464,333957,True,utf-8,00a67d7898b72b023dd5fc21e01cfbb2c5b6b9dcb28dbdc8eeaad0ea3dbd4d2e
/Users/mic/Downloads/20250930/sh600379.csv,sh600379.csv,sh,600379,2002-01-16,2025-09-30,5301,487334,True,utf-8,b016ae5ce5282e529259897a33b77b30b138338486932fddd4327992231ef4c9
/Users/mic/Downloads/20250930/sz301197.csv,sz301197.csv,sz,301197,2022-08-08,2025-09-30,766,75240,True,utf-8,47fab0c3dd88f0ae32955a5b464aa012a0c065236bb8766d9d1090968af23558
/Users/mic/Downloads/20250930/sz002340.csv,sz002340.csv,sz,002340,2010-01-22,2025-09-30,3724,365030,True,utf-8,f560616b99bd32f09b284d6a52a0674cae385de6e65aa60118a93d4411fb7a3d
/Users/mic/Downloads/20250930/sz300289.csv,sz300289.csv,sz,300289,2012-02-16,2025-09-30,3231,308817,True,utf-8,89eea87005aa0703e4abf65e406547428f9c6922f4f5640ca3e512abfa130eb0
/Users/mic/Downloads/20250930/sz000557.csv,sz000557.csv,sz,000557,1994-06-17,2025-09-30,6048,586492,True,utf-8,c807b3907ca31b944139152fa42099e7b4b8e666a2cd71ce4f46433274f0e9da
/Users/mic/Downloads/20250930/sh603116.csv,sh603116.csv,sh,603116,2015-06-29,2025-09-30,2494,237245,True,utf-8,6e5a159c81d636a85a5c7136b0d1fd820c5902c5b35863b521b887a8c4e8ba01
/Users/mic/Downloads/20250930/sh605567.csv,sh605567.csv,sh,605567,2021-10-13,2025-09-30,967,88777,True,utf-8,4bdd709663041b824022bbe188ba2bfe5ed08a697d95b0a9b77a250c9cd122e6
/Users/mic/Downloads/20250930/sh688125.csv,sh688125.csv,sh,688125,2022-04-15,2025-09-30,843,80996,True,utf-8,4a240e469681b2d14f497bc370dd0129bc37bacc9cf8b8cdc7ae88113dc39f5b
/Users/mic/Downloads/20250930/sz002426.csv,sz002426.csv,sz,002426,2010-06-08,2025-09-30,3391,326929,True,utf-8,1081d6c22c3366dc98240546b159a89484023e0e3cfada3c37bc2889ac39d174
/Users/mic/Downloads/20250930/sh600351.csv,sh600351.csv,sh,600351,2002-09-26,2025-09-30,5500,521367,True,utf-8,5d45ec7ede7711f67c182a62bc2ca5e693697d715debb495b3ef9cadedceca5c
/Users/mic/Downloads/20250930/sz002368.csv,sz002368.csv,sz,002368,2010-03-12,2025-09-30,3554,349055,True,utf-8,e6994c7caf348a9066a386cfa373d79c8b41c84538c9be461df1ccc08eeaeb6a
/Users/mic/Downloads/20250930/sh603880.csv,sh603880.csv,sh,603880,2017-08-07,2025-09-30,1886,175770,True,utf-8,d4afcd37ab2a98fb1254cb3caf01f786fee2ed555f10a58031c640157a2cddbd
/Users/mic/Downloads/20250930/sh603658.csv,sh603658.csv,sh,603658,2016-09-01,2025-09-30,2206,220997,True,utf-8,b3a302b76df535355a4cf08c8f31033ddf45620d88f8a6b4d3dea2bf90f3ebea
/Users/mic/Downloads/20250930/sh600345.csv,sh600345.csv,sh,600345,2000-12-22,2025-09-30,5897,569347,True,utf-8,ef0edb51a185aef9f17c44377f1a406f9292e8fea7f0ad282c31788cdf44ec6e
/Users/mic/Downloads/20250930/sh600423.csv,sh600423.csv,sh,600423,2003-07-17,2025-09-30,5060,500649,True,utf-8,beaa47216cb79943603c1a8932433a522a1caa00147edd6e294215e272b93534
/Users/mic/Downloads/20250930/sh688119.csv,sh688119.csv,sh,688119,2022-06-06,2025-09-30,811,76390,True,utf-8,f8ba5d72a3bc72afda62771f4aee8555aae49938146efd08c66a680f0c2df066
/Users/mic/Downloads/20250930/sh603882.csv,sh603882.csv,sh,603882,2017-09-08,2025-09-30,1958,194813,True,utf-8,8ed79050f1c611d5b43eb0bc3c24e33fb69b7961aa98acd4c78ab3fde89cf68d
/Users/mic/Downloads/20250930/sh688669.csv,sh688669.csv,sh,688669,2021-01-25,2025-09-30,1137,111449,True,utf-8,d9310284a3445834afcc569fe2d3f148d743e3e6ce2437430d7c50f07267e391
/Users/mic/Downloads/20250930/sh600353.csv,sh600353.csv,sh,600353,2002-11-20,2025-09-30,5399,509605,True,utf-8,51acdb36648c5a6f67115fc57e4d7777a878fb027f9837d76d3c6231c1c7ef2b
/Users/mic/Downloads/20250930/sh600435.csv,sh600435.csv,sh,600435,2003-07-04,2025-09-30,5146,495144,True,utf-8,20eee6a72e53f073762d58262897044f6c1fc1f8f9db10d56d82e9445bf61603
/Users/mic/Downloads/20250930/bj832491.csv,bj832491.csv,bj,832491,2022-06-14,2025-09-30,805,79144,True,utf-8,198a77ee4c3e2118dcef02e10b13e1b7b3c7c95955cc249bc16d4a41fd647880
/Users/mic/Downloads/20250930/bj833943.csv,bj833943.csv,bj,833943,2022-06-24,2025-09-30,797,74625,True,utf-8,222d67c360a42f84a6d271cd42741319975bd7230138746671d5c6593cbaa77d
/Users/mic/Downloads/20250930/sh603128.csv,sh603128.csv,sh,603128,2012-05-29,2025-09-30,3130,297714,True,utf-8,68a85f602d0e144deb3940c0eb946d69affdf652deceef2872f5f12f4784f74e
/Users/mic/Downloads/20250930/sh600421.csv,sh600421.csv,sh,600421,2004-06-07,2025-09-30,4720,446355,True,utf-8,f3de2d23e6f379c8b675d924ea3a48d19ebf47e53dbd487351486fb936cde178
/Users/mic/Downloads/20250930/sz002418.csv,sz002418.csv,sz,002418,2010-06-01,2025-09-30,3508,335751,True,utf-8,cb6e6c301dddaa36ab0ff3a18e26a9ca3e7f609b661a9669ad5c056f574cf74c
/Users/mic/Downloads/20250930/bj831832.csv,bj831832.csv,bj,831832,2021-11-15,2025-09-30,944,90712,True,utf-8,15f9569b9760f3e068ca772ad8d91381ff616d61453341b38f95d4f9db895b1c
/Users/mic/Downloads/20250930/sh601059.csv,sh601059.csv,sh,601059,2023-02-01,2025-09-30,651,65117,True,utf-8,4df621b986a349632c9b771552748d44ae2093ba4e7c66f787734981e08d9397
/Users/mic/Downloads/20250930/sh603896.csv,sh603896.csv,sh,603896,2017-05-10,2025-09-30,2043,202420,True,utf-8,f842abd8534ae023dfb81eed77584af3d2357d0e663450a17cc6f6f1af4d5214
/Users/mic/Downloads/20250930/sz002356.csv,sz002356.csv,sz,002356,2010-02-09,2025-09-30,3491,319722,True,utf-8,59c6f9d9a4f19d9f713abd3e7ad8260ef5a6905e0be13ac54ddbb8de55b5f6a0
/Users/mic/Downloads/20250930/sz301181.csv,sz301181.csv,sz,301181,2022-02-21,2025-09-30,880,85005,True,utf-8,54e224924b2f964242950a6e985c29140a04863b496bde81dede9033fbd89835
/Users/mic/Downloads/20250930/sh603666.csv,sh603666.csv,sh,603666,2018-06-12,2025-09-30,1776,174971,True,utf-8,2b390ed75d9756f35238c714d2367b456a1ee8c52624757528dd35f5615a4ecf
/Users/mic/Downloads/20250930/sz000541.csv,sz000541.csv,sz,000541,1993-11-23,2025-09-30,7621,726343,True,utf-8,2b8331f89b6d6dee164c715866eb448962ded355693f6e7ffe89c66f3d9cdff4
/Users/mic/Downloads/20250930/sh688655.csv,sh688655.csv,sh,688655,2021-05-11,2025-09-30,1061,103195,True,utf-8,276e751ab1564e9934af8b35fdc7099c764861ab5f8c1e87dec31407901683c0
/Users/mic/Downloads/20250930/sh688133.csv,sh688133.csv,sh,688133,2020-10-30,2025-09-30,1197,118469,True,utf-8,17a14baed7fbea72c5e4461a985e1dc77b1636e05507a32803c53fb1d8b1abd5
/Users/mic/Downloads/20250930/sh603100.csv,sh603100.csv,sh,603100,2014-08-05,2025-09-30,2677,259386,True,utf-8,87c44b61bad1da3e5b3c8c65a9fb5f225a6f6cc5982770f8e6bc143249300ebf
/Users/mic/Downloads/20250930/sh600409.csv,sh600409.csv,sh,600409,2003-06-18,2025-09-30,5321,511245,True,utf-8,0011f6338881a683c4c308f32fc6957a463d3d4b9ab7b785a54842853d28cb11
/Users/mic/Downloads/20250930/sz002430.csv,sz002430.csv,sz,002430,2010-06-10,2025-09-30,3696,366222,True,utf-8,6bc9bd84a55ebe564a90e553f27551e49253636ab5934d9da758312da850b753
/Users/mic/Downloads/20250930/sh601717.csv,sh601717.csv,sh,601717,2010-08-03,2025-09-30,3481,342138,True,utf-8,ea076652cd7d2bbe9d22e8c80afd940d06f53668cf62d0b3e67e9a18ded6f9bf
/Users/mic/Downloads/20250930/sz002424.csv,sz002424.csv,sz,002424,2010-06-03,2025-09-30,3705,360159,True,utf-8,953dbcc5a51a8cd3989e46774c7c00e6990ea4bd3513d111e9ee25dd4e475305
/Users/mic/Downloads/20250930/bj836807.csv,bj836807.csv,bj,836807,2022-12-20,2025-09-30,676,63583,True,utf-8,89ed731cc8f7c4c574418db5b927869d1c9fde7d5e039b80115510ad81f2c332
/Users/mic/Downloads/20250930/sh688127.csv,sh688127.csv,sh,688127,2020-09-21,2025-09-30,1220,120087,True,utf-8,9a3381aea3c0a98caf4c302e53089245cceacb5a185c11b6a2b88e653d613a25
/Users/mic/Downloads/20250930/sz000555.csv,sz000555.csv,sz,000555,1994-04-08,2025-09-30,7117,671981,True,utf-8,966c55c0f7d0ba59c8a8ac82fab63d4c4d64381aa5381b960b429088718e73e3
/Users/mic/Downloads/20250930/sh601065.csv,sh601065.csv,sh,601065,2023-04-10,2025-09-30,604,57098,True,utf-8,199031021ffcca420b5c4fcf77af4fc04bde0655ce4306c34c4e4c86e56c62fa
/Users/mic/Downloads/20250930/sz002342.csv,sz002342.csv,sz,002342,2010-01-26,2025-09-30,3778,360696,True,utf-8,5f91a859d4da9eb0b19e7b2bf7969d356a71fcbfc51145cce2cf1064d3d7e05b
/Users/mic/Downloads/20250930/sz301195.csv,sz301195.csv,sz,301195,2022-08-01,2025-09-30,771,74774,True,utf-8,95dfd3fa222b5db5e11187f55e5250e1ff98a923d08f72822056e1dc753320a2
/Users/mic/Downloads/20250930/sh600390.csv,sh600390.csv,sh,600390,2001-01-15,2025-09-30,5798,538507,True,utf-8,f2fb55b05ed4ba174e65161cfd443cda60501fa98233d4cc39be64229547c29e
/Users/mic/Downloads/20250930/sz300260.csv,sz300260.csv,sz,300260,2011-09-06,2025-09-30,3338,318591,True,utf-8,ac3a1ddcec5e7f29ecd2f2ae48ab561ab4644f9ae2503ebd791630833b3031cb
/Users/mic/Downloads/20250930/sh603699.csv,sh603699.csv,sh,603699,2014-01-17,2025-09-30,2838,273323,True,utf-8,6f10a8f5baf1b0c45e279445ed42d0275a4499f7257758c9716e82a2cd2b0d5d
/Users/mic/Downloads/20250930/sz300506.csv,sz300506.csv,sz,300506,2016-03-24,2025-09-29,2294,219983,True,utf-8,7f4f98b245a32dad4c2069ffb52d93ff53f813735d00eaeb7407eb01b6aee1a8
/Users/mic/Downloads/20250930/sz301618.csv,sz301618.csv,sz,301618,2024-09-30,2025-09-30,245,23704,True,utf-8,155c0928858971df496849074ef12588c210f19be83899d26997b082472ca152
/Users/mic/Downloads/20250930/sz300512.csv,sz300512.csv,sz,300512,2016-05-26,2025-09-30,2274,216761,True,utf-8,289fe554d743bbc8afd37395c2f4d57a0b9d10ef9c3d0ccd1d2c49625eca9404
/Users/mic/Downloads/20250930/sh603855.csv,sh603855.csv,sh,603855,2017-05-24,2025-09-30,2033,197322,True,utf-8,a968b94da039b98fa5949f35a9e06eae8bac051fe5b3b397515ca9830ad5bdbc
/Users/mic/Downloads/20250930/bj920056.csv,bj920056.csv,bj,920056,2025-08-22,2025-09-30,28,2993,True,utf-8,05d0f59f785d2aee2706eb607c5d122bfc4918d60139c5ee112108f056339c6c
/Users/mic/Downloads/20250930/sz300274.csv,sz300274.csv,sz,300274,2011-11-02,2025-09-30,3355,333339,True,utf-8,4028ae43077398548110dbad98d057c238314deaa9046c3f0469f60a927cf759
/Users/mic/Downloads/20250930/sh688696.csv,sh688696.csv,sh,688696,2021-03-03,2025-09-30,1115,111142,True,utf-8,c2a0d3ade851deff44c53cae033d548e060164f4c583f4538bbb71572d2db654
/Users/mic/Downloads/20250930/sz000582.csv,sz000582.csv,sz,000582,1995-11-02,2025-09-30,6824,639674,True,utf-8,3a3c9f2fb458321340026513603d94f5b527faf246479b78b70dc7780dd4db6c
/Users/mic/Downloads/20250930/sz002395.csv,sz002395.csv,sz,002395,2010-04-29,2025-09-30,3707,357188,True,utf-8,04354f56a9e51c43ff4175c6bae264c94fb82e54534b2791de546e67016a5880
/Users/mic/Downloads/20250930/bj831167.csv,bj831167.csv,bj,831167,2022-05-27,2025-09-30,816,76753,True,utf-8,31d72777c66df6303586c80974974882c8f5df39d71caf676ba8ac45198e248c
/Users/mic/Downloads/20250930/sz301630.csv,sz301630.csv,sz,301630,2025-07-10,2025-09-30,59,5395,True,utf-8,95b125d400889022972b9db5027e482c0f8b3d4e2305e8d02263888a8b5bf8b0
/Users/mic/Downloads/20250930/sh601918.csv,sh601918.csv,sh,601918,2007-12-19,2025-09-30,4171,404398,True,utf-8,258039fae2de03e4e7a334a26b7b931db289237e35109e7ca1fc9f1634bd3500
/Users/mic/Downloads/20250930/sz301156.csv,sz301156.csv,sz,301156,2022-06-17,2025-09-30,802,74923,True,utf-8,7ecf9c343324242ab7dd5aad9da27007bed479c72be488dd864eb9a0500bb6d8
/Users/mic/Downloads/20250930/sz300248.csv,sz300248.csv,sz,300248,2011-07-29,2025-09-30,3299,319748,True,utf-8,9fa22824c7c38f0546537025eeafe7aacd738e22a6f9822974bea86b21050dd7
/Users/mic/Downloads/20250930/sz002381.csv,sz002381.csv,sz,002381,2010-04-02,2025-09-30,3723,349187,True,utf-8,a4ee434ac88bfff3e49face4f38e9942e46b7efc6ca616fffcb8bd0066e51ebb
/Users/mic/Downloads/20250930/sh603869.csv,sh603869.csv,sh,603869,2015-03-26,2025-09-30,2464,238133,True,utf-8,1a76ffbd66e89a2b1b343c80b2856a123fca53ec358ef430b6b93b5b1fc4d41a
/Users/mic/Downloads/20250930/sh688682.csv,sh688682.csv,sh,688682,2021-04-20,2025-09-30,1082,104323,True,utf-8,9565c979cecba70fb8f8628655785f03507c72ad7f254d22bd083f272c5c8c5f
/Users/mic/Downloads/20250930/sz000596.csv,sz000596.csv,sz,000596,1996-09-27,2025-09-30,6822,660033,True,utf-8,61cbedc247d60ecba7d97731a3eb798733dc9582c8323458b246c8d491aced03
/Users/mic/Downloads/20250930/sz000019.csv,sz000019.csv,sz,000019,1992-10-12,2025-09-30,7632,716398,True,utf-8,11853e0bd5930833f00b3b5e2cce1abd1ebf2831e37b5ca904075444155bd231
/Users/mic/Downloads/20250930/sh600637.csv,sh600637.csv,sh,600637,1993-03-16,2025-09-30,7505,718148,True,utf-8,b595f7587ae2761b06dacceaedd31e7463857c8dee2043b7490af26ff408fcc8
/Users/mic/Downloads/20250930/sh600151.csv,sh600151.csv,sh,600151,1998-06-05,2025-09-30,6346,609895,True,utf-8,aea245f0d7dcc314bc4de00497382a237cad8e89b40261f9821e0f111d0a500a
/Users/mic/Downloads/20250930/sz002168.csv,sz002168.csv,sz,002168,2007-09-19,2025-09-30,3951,380954,True,utf-8,b87d4f93f8bfa64e8b8533c8e58a025c0d201ec178585faf94b5d69e1d35e60d
/Users/mic/Downloads/20250930/sh603458.csv,sh603458.csv,sh,603458,2017-08-09,2025-09-30,1978,191160,True,utf-8,a9d34cc509bd68b31ab7bca46bcc792e9f970bece92e59fceea0aa4a55326166
/Users/mic/Downloads/20250930/sh600623.csv,sh600623.csv,sh,600623,1992-12-04,2025-09-30,7816,734161,True,utf-8,200a905af743342a1ff465ade97f6502612da1def616f96a748daefcc75d5534
/Users/mic/Downloads/20250930/sz001313.csv,sz001313.csv,sz,001313,2022-02-16,2025-09-30,883,85404,True,utf-8,84ca41c4f03aad61aadd0695e73857003aa089d1d7de0eebbdba71c087b63844
/Users/mic/Downloads/20250930/sh688319.csv,sh688319.csv,sh,688319,2021-06-08,2025-09-30,1050,102489,True,utf-8,86cefc8f1af8269f89eb94397d6a70e0635285559d72b271b30cd97d0850e447
/Users/mic/Downloads/20250930/sh601515.csv,sh601515.csv,sh,601515,2012-02-16,2025-09-30,3301,316668,True,utf-8,c07afd457df2f63f6a6bb95124344f309f4e6e3f441b0abf2da0aadd169f95b7
/Users/mic/Downloads/20250930/sz002632.csv,sz002632.csv,sz,002632,2011-11-22,2025-09-30,3238,305904,True,utf-8,23fc52a809cc76864318acf4f960ece47301ac38b4b247242bd3f79fa4283b4b
/Users/mic/Downloads/20250930/sz300923.csv,sz300923.csv,sz,300923,2020-12-24,2025-09-30,1158,111768,True,utf-8,27bb6d3698bf005d0a5c9dcc1f39a04c5a6847925cfa22c44fbb7bf6fa0454e7
/Users/mic/Downloads/20250930/sz000025.csv,sz000025.csv,sz,000025,1993-06-21,2025-09-30,7711,728817,True,utf-8,939f6edcbcb3878a97616a34f29f30a452ff0745c2734561701d6deba4ccd148
/Users/mic/Downloads/20250930/sh688331.csv,sh688331.csv,sh,688331,2022-03-31,2025-09-30,852,83292,True,utf-8,b5fc2faa073af0f69dc71ed1cec2217eedec4ad198fd2d744c5865562f20625b
/Users/mic/Downloads/20250930/bj430425.csv,bj430425.csv,bj,430425,2023-01-30,2025-09-30,653,61889,True,utf-8,d06566260f574aeb622bcee469fa7a2f8d4ab406e36fbfcaaf2b39049041b48f
/Users/mic/Downloads/20250930/sz301383.csv,sz301383.csv,sz,301383,2023-06-09,2025-09-30,563,54830,True,utf-8,ca29d88852b85b66ecd71b07777a54a0c5e105af96f432d7c218008b1eb4abce
/Users/mic/Downloads/20250930/sz002154.csv,sz002154.csv,sz,002154,2007-08-16,2025-09-30,4378,420165,True,utf-8,0a1056d1f508f9f28f9b349289a643ca48566ac8086f70446ab69a8c75f01031
/Users/mic/Downloads/20250930/sz301397.csv,sz301397.csv,sz,301397,2023-06-28,2025-09-30,552,53529,True,utf-8,aac0f863fe71cd9181d70b50e47b089051c2cae793b5fa54e5b26ce5731c387f
/Users/mic/Downloads/20250930/sh600179.csv,sh600179.csv,sh,600179,1998-11-04,2025-09-30,6190,577428,True,utf-8,432db1e7a354b5fcd9e7f74e2e641686fadbc3227ec7ee9af9fcc4c2e3fb530b
/Users/mic/Downloads/20250930/sz002140.csv,sz002140.csv,sz,002140,2007-07-12,2025-09-30,4405,427026,True,utf-8,8bc452cbd2cfaaa40fd9475d591d5d4d448ebb07e6042c7a77987f673be4ee30
/Users/mic/Downloads/20250930/sh688443.csv,sh688443.csv,sh,688443,2023-06-20,2025-09-30,556,54140,True,utf-8,572184bf478b5253d2ac084ee3a11d71fa3dbe245dbe297d12b0a166d612117b
/Users/mic/Downloads/20250930/sh605001.csv,sh605001.csv,sh,605001,2020-05-22,2025-09-30,1304,123803,True,utf-8,d60c185665303c9760f10155704f984980e08d3e2da828460c8a1917d89d8155
/Users/mic/Downloads/20250930/sz000757.csv,sz000757.csv,sz,000757,1997-06-27,2025-09-30,5111,477659,True,utf-8,b0f2e2565f1f4d64a4e9818de704b45224c7b0924295f2e02f16add96ae5c6f7
/Users/mic/Downloads/20250930/sh603316.csv,sh603316.csv,sh,603316,2017-06-19,2025-09-30,2017,190334,True,utf-8,d7447c5ee74edc273458829df5b16bfcd1e561f7c9fb9ab83c654e8450a6a7e6
/Users/mic/Downloads/20250930/sz000031.csv,sz000031.csv,sz,000031,1993-10-08,2025-09-30,7468,710954,True,utf-8,609f846e0ecd8f9200cfc2c0e2fc04c6e0c6affec111d908a81ff020fca32ee1
/Users/mic/Downloads/20250930/sh688325.csv,sh688325.csv,sh,688325,2022-04-22,2025-09-30,838,81392,True,utf-8,bcda8aed351bd8a10ef169a5f928d26faa8daec939ec96dcafecb4c6c3efc794
/Users/mic/Downloads/20250930/sz002626.csv,sz002626.csv,sz,002626,2011-10-28,2025-09-30,3292,323371,True,utf-8,7d4d0db3fff3eb0e0061cddedf5eb54531280391aa106b068c91cc7a30634b8f
/Users/mic/Downloads/20250930/sz300937.csv,sz300937.csv,sz,300937,2021-01-27,2025-09-30,1135,110187,True,utf-8,7799f3bfe554bc5fee8f510df3f0b1378b28b95a283896bc45c267d382a48d53
/Users/mic/Downloads/20250930/sz002815.csv,sz002815.csv,sz,002815,2016-10-12,2025-09-30,2184,214303,True,utf-8,c669032b04f15d39178b08100a25e2a5b2746fdfd54878216ba62b60eb11b814
/Users/mic/Downloads/20250930/sz300062.csv,sz300062.csv,sz,300062,2010-03-19,2025-09-30,3625,338227,True,utf-8,f6fcf5d7fb2495a1308771b87473a9029730d7ad0af5d347ff6354051ff7866b
/Users/mic/Downloads/20250930/sh600192.csv,sh600192.csv,sh,600192,1998-12-24,2025-09-30,6429,608266,True,utf-8,f9296d65e68323ada3d52ed02fecf0838ec6c967591c836dd64536b63f0c8530
/Users/mic/Downloads/20250930/sh601298.csv,sh601298.csv,sh,601298,2019-01-21,2025-09-30,1620,156684,True,utf-8,69d21eca34b3f00731754f01d97aed83e5bf896abeac546f6b8683663791e232
/Users/mic/Downloads/20250930/sz300076.csv,sz300076.csv,sz,300076,2010-04-30,2025-09-30,3613,345661,True,utf-8,77b66bf246a3398562489e18481732d904287fecd91d41bb3e9d48f85ae10ce8
/Users/mic/Downloads/20250930/sh600186.csv,sh600186.csv,sh,600186,1998-08-25,2025-09-30,6322,603131,True,utf-8,cbcd7c50815fb52ca560d028cff4cae197101b61268532937433cb6e1059829b
/Users/mic/Downloads/20250930/sz301368.csv,sz301368.csv,sz,301368,2022-12-15,2025-09-30,679,66878,True,utf-8,3c740da5b7814fada665f74d0969f4eb9595ba226730f1ca08f147a9068e6efc
/Users/mic/Downloads/20250930/sz000970.csv,sz000970.csv,sz,000970,2000-04-20,2025-09-30,6092,590871,True,utf-8,38f6e76d62e6951fe48aee7e6477125fd1df34e26f9fa469f6eb445bfbb826c3
/Users/mic/Downloads/20250930/sz002801.csv,sz002801.csv,sz,002801,2016-06-22,2025-09-30,2257,219420,True,utf-8,456a6a9b552ca7a636296b95e91258722c142d12d79c1bbb7aa0ca15a0343471
/Users/mic/Downloads/20250930/bj836422.csv,bj836422.csv,bj,836422,2023-03-01,2025-09-30,631,58890,True,utf-8,3b04107e05cbc3db915e8480cf188d246ebb6c6e42102e56834cd672054b6eda
/Users/mic/Downloads/20250930/sz300710.csv,sz300710.csv,sz,300710,2017-10-19,2025-09-30,1929,186707,True,utf-8,4533681eeccf6ddd9a8fd92a23f60d986e92798511654a55fdb785abb41544f4
/Users/mic/Downloads/20250930/sh600838.csv,sh600838.csv,sh,600838,1994-02-24,2025-09-30,7639,724130,True,utf-8,e45e5b843b1b412929d9e2fe432466448dd4abed61196b209d75821ddb96310c
/Users/mic/Downloads/20250930/sz002829.csv,sz002829.csv,sz,002829,2016-12-13,2025-09-30,2140,211094,True,utf-8,8299443062df5411d3c020b584f009fa24d27cf76babc4cc1ca70c5bdfce9a04
/Users/mic/Downloads/20250930/sz300738.csv,sz300738.csv,sz,300738,2018-01-19,2025-09-30,1869,181736,True,utf-8,c997f93e9f0f06df98e7893f4ac8fd4154d3c860013b16aa00614b1f6410f9a1
/Users/mic/Downloads/20250930/sh600810.csv,sh600810.csv,sh,600810,1994-01-06,2025-09-30,7573,717303,True,utf-8,2faf73b04f28342dbc19552593c20d59fdc58fa856da0211202d1595cb458013
/Users/mic/Downloads/20250930/sz002197.csv,sz002197.csv,sz,002197,2007-12-18,2025-09-30,4265,411070,True,utf-8,db827dc373a2b54b8a0d16e246801813804627b0d2219d31a6bbac8708c6c59e
/Users/mic/Downloads/20250930/sz000958.csv,sz000958.csv,sz,000958,1999-12-23,2025-09-30,6056,572914,True,utf-8,46464cf125162c881f116c53dda299c78c340dbf533205706ed636736946fae0
/Users/mic/Downloads/20250930/sh688480.csv,sh688480.csv,sh,688480,2022-11-25,2025-09-30,693,66906,True,utf-8,0745808ef56a4e6685ae3e1068a9622e79d2ce0e9dc8ca436293cc2727bc1f9f
/Users/mic/Downloads/20250930/sz002183.csv,sz002183.csv,sz,002183,2007-11-13,2025-09-30,4175,405113,True,utf-8,cf33a3fc4111693c841d062931f049ef6a587caa1eed829b43afc34bdeb9e448
/Users/mic/Downloads/20250930/sh688279.csv,sh688279.csv,sh,688279,2022-04-20,2025-09-30,840,83483,True,utf-8,fe6394687b3bff5decf8695fc2f17dfd40d583c9a93747fa8a2560511cb3ab20
/Users/mic/Downloads/20250930/sh600743.csv,sh600743.csv,sh,600743,1996-09-09,2025-09-30,6583,616855,True,utf-8,2d326ffe11efe814e194bdd7d511f256748aef3e2917d6d6616d2d6207d3c082
/Users/mic/Downloads/20250930/sh600025.csv,sh600025.csv,sh,600025,2017-12-15,2025-09-30,1893,185721,True,utf-8,691c3a94c499e5715513f6d9fec80b3deb8915abf37aaad8e776718c3a3bc74f
/Users/mic/Downloads/20250930/sh603538.csv,sh603538.csv,sh,603538,2017-04-07,2025-09-30,1992,195722,True,utf-8,1eb44c9f8ca133f0009635150168b9f200c0dcce93f62133e3ecdf4b238be573
/Users/mic/Downloads/20250930/sz002008.csv,sz002008.csv,sz,002008,2004-06-25,2025-09-30,5086,503661,True,utf-8,20b4e51ef83612d2188e4a38bfe334ed29a433e777de046413be67fe89204a9c
/Users/mic/Downloads/20250930/sh600031.csv,sh600031.csv,sh,600031,2003-07-03,2025-09-30,5358,529385,True,utf-8,0d0a99a14e298d18fb83a2e8db4d8200e3f8f4276c9c600f6be438969b1b0caa
/Users/mic/Downloads/20250930/sh600757.csv,sh600757.csv,sh,600757,1996-10-03,2025-09-30,6607,624937,True,utf-8,4caa05655cec72ccd7f147f9de271762be922d613453623489fd4dea838c3d07
/Users/mic/Downloads/20250930/sz001267.csv,sz001267.csv,sz,001267,2021-11-17,2025-09-30,938,89620,True,utf-8,ae5b56822b4582176e074e4f2be8966d638e1b55a48f4510a83bc3b294f202e4
/Users/mic/Downloads/20250930/sz301591.csv,sz301591.csv,sz,301591,2024-02-28,2025-09-30,390,37880,True,utf-8,31f46e80031c53e1884f96b448fc8bd68345647e413f573ecfe4550b7ebc68d3
/Users/mic/Downloads/20250930/sz300857.csv,sz300857.csv,sz,300857,2020-07-27,2025-09-30,1260,124360,True,utf-8,3375593cf7e796491fdc7f99775a47335e7a2c24cc0a03e96157f34c09b5169a
/Users/mic/Downloads/20250930/sz002746.csv,sz002746.csv,sz,002746,2015-02-16,2025-09-30,2571,250042,True,utf-8,9cfe617658135ce1cc5c08ce6868014f28744369d7f4138cdeb4380fb6b32278
/Users/mic/Downloads/20250930/sz000151.csv,sz000151.csv,sz,000151,2000-09-06,2025-09-30,6022,576658,True,utf-8,cf881b3e0052ec4dee49e75c9953bef5bc0d430164219915ad00ab2a8e72742e
/Users/mic/Downloads/20250930/sh603276.csv,sh603276.csv,sh,603276,2023-09-25,2025-09-30,489,47434,True,utf-8,27420f91ae756aab90175a3a269cba48ebbd289b76b0d496fd91b505a7ea225a
/Users/mic/Downloads/20250930/sz000637.csv,sz000637.csv,sz,000637,1996-11-14,2025-09-30,6918,658710,True,utf-8,34b752829843db0b4f0ff4152b48b8a846b7e260fc0660ea2108f95d23f0097b
/Users/mic/Downloads/20250930/sh688523.csv,sh688523.csv,sh,688523,2023-06-02,2025-09-30,568,55134,True,utf-8,e9cc0f268749fae430cc4d06b18365635b09991ba71b5174bd13089fd792821b
/Users/mic/Downloads/20250930/sz002020.csv,sz002020.csv,sz,002020,2004-07-15,2025-09-30,5002,478533,True,utf-8,d23f221fed004c16ee66a36ca2e5ff6ed7acc97b85827e28be99587609e0474f
/Users/mic/Downloads/20250930/sh600019.csv,sh600019.csv,sh,600019,2000-12-12,2025-09-30,5860,580394,True,utf-8,bd4065983bf243f60da8b57ecfedba756066444131ab58c4c100edf85610a642
/Users/mic/Downloads/20250930/sz002034.csv,sz002034.csv,sz,002034,2004-08-26,2025-09-30,4934,472635,True,utf-8,f768cb21212cd99c4b9a1c6f1aea7a1730cc44dcd7b4dc0c19cc06a257e1ce3e
/Users/mic/Downloads/20250930/sz000623.csv,sz000623.csv,sz,000623,1996-10-28,2025-09-30,6871,677605,True,utf-8,c3cafdb4e83e5432965d7d914b371421e90d1917115963659814a8af256c648b
/Users/mic/Downloads/20250930/sh688251.csv,sh688251.csv,sh,688251,2022-06-06,2025-09-30,811,80401,True,utf-8,228f2e91093cf43a1f8349aae65e8ee481d88e8490647ea6934f3e8efb06a7e5
/Users/mic/Downloads/20250930/sh603262.csv,sh603262.csv,sh,603262,2025-07-23,2025-09-30,50,4911,True,utf-8,71d221baacf9b5dafe283ef809e9d0aee6b01881c23300711fd448eb6d621d53
/Users/mic/Downloads/20250930/sz301585.csv,sz301585.csv,sz,301585,2024-12-20,2025-09-30,191,18482,True,utf-8,ddbfb1af7828410ff2f6ca9b207df7baac82d99bdfeda8b984f2cc0f2bb2562d
/Users/mic/Downloads/20250930/sz300843.csv,sz300843.csv,sz,300843,2020-07-02,2025-09-30,1277,126754,True,utf-8,0bc4652bd1fda03121ca238fd389bea5912f9372ecf7064c846563c5ce469b2d
/Users/mic/Downloads/20250930/sz002752.csv,sz002752.csv,sz,002752,2015-04-22,2025-09-30,2481,237174,True,utf-8,92e7adf452a1ce41c33062b79782596a0a46f5d11e732d2df3906d2285bcf92f
/Users/mic/Downloads/20250930/sh600958.csv,sh600958.csv,sh,600958,2015-03-23,2025-09-30,2552,252391,True,utf-8,2ae266ad289f29e86efd961e1ca0333ee76a8379e3d58cfa0e5d248c58499ce7
/Users/mic/Downloads/20250930/sz300670.csv,sz300670.csv,sz,300670,2017-07-03,2025-09-30,1911,183265,True,utf-8,7858ee7a563ed09d196a7def3db2f9c5fd8482c28bfb5c14204bf58f8150a9a7
/Users/mic/Downloads/20250930/sh600780.csv,sh600780.csv,sh,600780,1996-12-05,2025-09-30,6558,616671,True,utf-8,6352dddc190dfdd79312b7926c90b2d93694bc730008c2b861249cf442babea0
/Users/mic/Downloads/20250930/sz002961.csv,sz002961.csv,sz,002961,2019-09-05,2025-09-30,1473,145626,True,utf-8,0d291d287b70795436f7da5d251b6651023c597e92dc7bd2c4bfcc5e80ca292f
/Users/mic/Downloads/20250930/sh603289.csv,sh603289.csv,sh,603289,2017-10-31,2025-09-30,1926,183712,True,utf-8,333c5f9916e8afa65d8ef75e3fa3bebe658cff1f8a2a312322e43f9a3a112bd7
/Users/mic/Downloads/20250930/sz000810.csv,sz000810.csv,sz,000810,1998-06-02,2025-09-30,6165,580400,True,utf-8,889fae209bfc2d6d745f5c9e70a4e309d0158ac3570b2cd7de40a64c686b4c6a
/Users/mic/Downloads/20250930/sz301208.csv,sz301208.csv,sz,301208,2022-07-07,2025-09-30,788,76479,True,utf-8,ed2b8a8a9ba5b5cb4c514a279b08b16e8e4d0eab23797ce58b9e92fd6af34fed
/Users/mic/Downloads/20250930/sz300102.csv,sz300102.csv,sz,300102,2010-08-12,2025-09-30,3585,344953,True,utf-8,11e8a65dc92860b825ae921f89c59938e0192e8d8e499d226e060e85ff0cb445
/Users/mic/Downloads/20250930/sz300664.csv,sz300664.csv,sz,300664,2018-01-05,2025-09-30,1879,179591,True,utf-8,f276b8411a42cba443c2605259c60835bf85d38d396c6b8fbcc571a3aea97093
/Users/mic/Downloads/20250930/sh600794.csv,sh600794.csv,sh,600794,1997-03-06,2025-09-30,6666,628421,True,utf-8,4c7c089b663e27963021c682052282a1a6ef6af43760edc29c3fa189904fd344
/Users/mic/Downloads/20250930/sz002975.csv,sz002975.csv,sz,002975,2020-02-05,2025-09-30,1377,134974,True,utf-8,a46ef30af31e65855d791253d725435fe140437350b55199a87c2f457632355b
/Users/mic/Downloads/20250930/sh688286.csv,sh688286.csv,sh,688286,2020-08-10,2025-09-30,1250,122000,True,utf-8,beaa7e76416fd6ce178b117c2fde38a9ced276a8518111bea6f983d5e45a5d13
/Users/mic/Downloads/20250930/sz002785.csv,sz002785.csv,sz,002785,2015-12-23,2025-09-30,2371,229215,True,utf-8,9f226839474e37ac92fe5c96dc8432887861b6b1786fb0729d0a0899f2d3d7ed
/Users/mic/Downloads/20250930/sz301552.csv,sz301552.csv,sz,301552,2024-07-22,2025-09-30,293,28347,True,utf-8,dcbf36a15c1de814aa09c20c0668d6cf954b2401538b0d4d08a03cacb521ff62
/Users/mic/Downloads/20250930/sz300894.csv,sz300894.csv,sz,300894,2020-12-31,2025-09-30,1153,113331,True,utf-8,1226a877f1d35cddfed48ee4bfdf34d0d52cbb8365040ac2c6c8ad45eef9c3a5
/Users/mic/Downloads/20250930/sz301234.csv,sz301234.csv,sz,301234,2022-07-05,2025-09-30,790,75955,True,utf-8,7ff68ab65a796cd35130b39be15e01f3f1fa089c657a2159df525c2f26250fdf
/Users/mic/Downloads/20250930/sz000838.csv,sz000838.csv,sz,000838,1997-06-26,2025-09-30,6564,620322,True,utf-8,3dabbcfb0c71fade087be225fec895b0a24c896d3fc5c31c6590b8ca5e1134f2
/Users/mic/Downloads/20250930/sz301220.csv,sz301220.csv,sz,301220,2022-06-22,2025-09-30,799,78169,True,utf-8,14d76e6651e00f77c528b2329b2a42460d8033c0a406dfe27a4fa57a50533b47
/Users/mic/Downloads/20250930/sz002791.csv,sz002791.csv,sz,002791,2016-03-29,2025-09-30,2314,229227,True,utf-8,de4f1afa4c33c1e4dbe4fcfc9f9f8c33cf1d6c9992182152eb7b8c32c1aaee58
/Users/mic/Downloads/20250930/sh600970.csv,sh600970.csv,sh,600970,2005-04-12,2025-09-30,4842,466249,True,utf-8,dcc8374a9e5c4b50efed9009f142a3cfa807df4307f5f9881a9b11226c48cde0
/Users/mic/Downloads/20250930/sz300658.csv,sz300658.csv,sz,300658,2017-06-02,2025-09-30,2028,191567,True,utf-8,dde1a583261fc4610999db5767077ff4f9f3cb267eb05a76672abe8f5f6a80eb
/Users/mic/Downloads/20250930/sz002949.csv,sz002949.csv,sz,002949,2019-02-26,2025-09-30,1605,157563,True,utf-8,a2fa41f44cf55eb9aed3aa1cbc0c12a41cadc835caaa1d7627598c385a13449d
/Users/mic/Downloads/20250930/sz300880.csv,sz300880.csv,sz,300880,2020-09-01,2025-09-30,1234,122352,True,utf-8,68224a7dee6ca87c74112477a740205a6ab56f2e52aff466d85c4725732b8abf
/Users/mic/Downloads/20250930/sh688292.csv,sh688292.csv,sh,688292,2022-08-18,2025-09-30,758,73712,True,utf-8,924377edb057960c833d19dfe0083b295d331dbd0cba3a5b848c5073b27cb6b5
/Users/mic/Downloads/20250930/sz001298.csv,sz001298.csv,sz,001298,2022-10-31,2025-09-30,712,70128,True,utf-8,988de2a5a0c2f9fd0c2d0ffc8caafcc1cba30b844ae4071b7bac2fc920ca53f9
/Users/mic/Downloads/20250930/sz000409.csv,sz000409.csv,sz,000409,1996-06-27,2025-09-30,6316,603254,True,utf-8,01aa536188a66e35b6674cb6c21209195d9be9ae07b3bd89ca3fcea4a4150ac3
/Users/mic/Downloads/20250930/sh600227.csv,sh600227.csv,sh,600227,2000-02-21,2025-09-30,5846,557257,True,utf-8,7c598370aa89cf841c99dd87298fdfe7ce9ed54e9da6e5137fc622d94d9982dd
/Users/mic/Downloads/20250930/sh601139.csv,sh601139.csv,sh,601139,2009-12-25,2025-09-30,3814,367216,True,utf-8,496f11dc8972a8a82c4798aaa716062ba897d39090df24cd01d5f8a45755212d
/Users/mic/Downloads/20250930/sz002578.csv,sz002578.csv,sz,002578,2011-04-28,2025-09-30,3338,314400,True,utf-8,0dd785b8ea7ae580a14efe910d03d04a6a8fc2e6adef88a90fcc9f43b4453c33
/Users/mic/Downloads/20250930/sh603048.csv,sh603048.csv,sh,603048,2021-11-16,2025-09-30,943,91537,True,utf-8,0040bd958005ab0f2b5f2992dd98eeeb79ac44560432df485760bfbaa12f4157
/Users/mic/Downloads/20250930/sh600233.csv,sh600233.csv,sh,600233,2000-06-08,2025-09-30,6007,575059,True,utf-8,6e4bc639a4183657b50b258d04af4a13c58b0c18a08335c3438ff782dc78386b
/Users/mic/Downloads/20250930/sh688709.csv,sh688709.csv,sh,688709,2024-02-07,2025-09-30,399,39205,True,utf-8,72b91ecc7cebdcb0a0aeea40eeae71564619579c9b1ed77790ad2c9b550128c6
/Users/mic/Downloads/20250930/sz002222.csv,sz002222.csv,sz,002222,2008-03-19,2025-09-30,4258,415756,True,utf-8,1ecd846321645776eb46f25cdbc75c3a56d7353edf3cb38f792f566f49f37536
/Users/mic/Downloads/20250930/sh688721.csv,sh688721.csv,sh,688721,2024-08-06,2025-09-30,282,27302,True,utf-8,c7e9070b2ae257eff5e6a7dac1a45bb8e812b995782fe5b25b5cd16eb192d01f
/Users/mic/Downloads/20250930/sh603712.csv,sh603712.csv,sh,603712,2018-02-26,2025-09-30,1845,181308,True,utf-8,7814ba55195f416df996f37eea17bf6f6d3ac0f421fa49c3da68409ca3f714e7
/Users/mic/Downloads/20250930/sh688047.csv,sh688047.csv,sh,688047,2022-06-24,2025-09-30,797,79820,True,utf-8,44f673a7ccfac6589d68b728283c1c61556a069a97c4e1e65b7a6be10d86efbf
/Users/mic/Downloads/20250930/sz002544.csv,sz002544.csv,sz,002544,2011-01-28,2025-09-30,3406,334727,True,utf-8,e962e108698c81697b329da5c1fd62a36bdcd6a817afbbe11a178d398cfbe752
/Users/mic/Downloads/20250930/sh601677.csv,sh601677.csv,sh,601677,2011-09-19,2025-09-30,3406,329074,True,utf-8,9eb02634d55b937238891c4f2b07e9a92ec16f742f50328d8cb9849760ed92ff
/Users/mic/Downloads/20250930/sz300499.csv,sz300499.csv,sz,300499,2016-02-02,2025-09-30,2349,227680,True,utf-8,d32d29c63c6cd515fe87424f32e72817051bc956c3a3edc324c68f4565ba9e6b
/Users/mic/Downloads/20250930/sz002550.csv,sz002550.csv,sz,002550,2011-02-18,2025-09-30,3550,334373,True,utf-8,42596b3dfab180f92e67533343e845222a9e32ea494bf471a34dec63ccf52f7a
/Users/mic/Downloads/20250930/sh600569.csv,sh600569.csv,sh,600569,2001-08-20,2025-09-30,5711,552090,True,utf-8,8c2c090d10663037b30ee4e4c6e9a410f00dfa1d27bd46566487c8cc9adcd429
/Users/mic/Downloads/20250930/sh603060.csv,sh603060.csv,sh,603060,2016-11-09,2025-09-30,2164,206653,True,utf-8,fd6d90cf4406f7ca1799978de8536b6306fe25a5552953e0818a568637d47c10
/Users/mic/Downloads/20250930/sh688053.csv,sh688053.csv,sh,688053,2022-07-08,2025-09-30,786,75348,True,utf-8,a77e5492f1fdce237ffdb8f7ba796f203ea7824fb267696aa84dfc089cea48f5
/Users/mic/Downloads/20250930/sh605377.csv,sh605377.csv,sh,605377,2020-12-28,2025-09-30,1156,111174,True,utf-8,e9b3e2545cc18d8e0d2f566cc1cd38ec5d88a3e4a673f8ad7d7174cea1945ba0
/Users/mic/Downloads/20250930/sz000421.csv,sz000421.csv,sz,000421,1996-08-06,2025-09-30,6886,651578,True,utf-8,72e95648684e5402d052dcaf69c9906c42d669f9b341b2716d6a28d3d1d39ba4
/Users/mic/Downloads/20250930/sh603706.csv,sh603706.csv,sh,603706,2018-07-09,2025-09-30,1758,167590,True,utf-8,3fb6a3403b6f14be83f0befe7f4659d7325f38bfb4107b3b0303f63fe4999ccd
/Users/mic/Downloads/20250930/sz002236.csv,sz002236.csv,sz,002236,2008-05-20,2025-09-30,4199,417367,True,utf-8,fb9d9aa1c4258e85b87f8d517ca48a8a67f6c344727d4100069d7d4eeae64800
/Users/mic/Downloads/20250930/sh601111.csv,sh601111.csv,sh,601111,2006-08-18,2025-09-30,4580,451148,True,utf-8,7cc8cda9e587f3849aa03698028ce8297ad6b554aa993016ad9221ed7105e530
/Users/mic/Downloads/20250930/sz300314.csv,sz300314.csv,sz,300314,2012-05-08,2025-09-30,3253,321868,True,utf-8,eeec57e461385e80df0d65686c994926d4beabb837348adc37dd36336d4c6650
/Users/mic/Downloads/20250930/sh600582.csv,sh600582.csv,sh,600582,2002-05-15,2025-09-30,5573,540337,True,utf-8,cf8bfe8e71d62085bfcd838cb5d6f91a133086cd707bfbde1cb238ba15372107
/Users/mic/Downloads/20250930/sz300472.csv,sz300472.csv,sz,300472,2015-06-11,2025-09-30,2313,224351,True,utf-8,727cbc7a2893eb00bb065c63e7ae7bc242f9d713c905447e3f6a900dcbc82d0c
/Users/mic/Downloads/20250930/sh600596.csv,sh600596.csv,sh,600596,2001-09-06,2025-09-30,5761,555055,True,utf-8,fbb3bd4f3b4e1b2a8847971bc58320e253c6e03a40fd9b2e700e2ad3b1ff9a84
/Users/mic/Downloads/20250930/sz300466.csv,sz300466.csv,sz,300466,2015-05-28,2025-09-30,2161,211967,True,utf-8,d9c557cf2c24bec2ba4b4f3eba15fc9ca2fd564b2d564d36f50575f29e7b0bbe
/Users/mic/Downloads/20250930/sh601688.csv,sh601688.csv,sh,601688,2010-02-26,2025-09-30,3781,383160,True,utf-8,afa082f51c293d5cc54262f0c2a18790057800d81aec38107c6ce22f965e9b08
/Users/mic/Downloads/20250930/sh605388.csv,sh605388.csv,sh,605388,2020-08-18,2025-09-30,1244,119471,True,utf-8,6be6addeb61a513c2ce0c6206c0eceb9bb6ef54f3eb949a4a8f65596cd5b93ef
/Users/mic/Downloads/20250930/sz300300.csv,sz300300.csv,sz,300300,2012-03-19,2025-09-30,3085,295689,True,utf-8,151137ab1b76ed722f9ebb678591e53095f1dd7c7cbac63573636eb7acbc8bb0
/Users/mic/Downloads/20250930/sh603909.csv,sh603909.csv,sh,603909,2016-06-28,2025-09-30,2206,207667,True,utf-8,5f4affc5492483c1b11b1d6b5466058142c7a20d85ecb679d64634071623afa7
/Users/mic/Downloads/20250930/sz300328.csv,sz300328.csv,sz,300328,2012-06-19,2025-09-30,3194,303142,True,utf-8,edc804c2134cfa8447a4731034c2633e5dfdc319ee10ee119e48ac9127bdc5e9
/Users/mic/Downloads/20250930/sz301036.csv,sz301036.csv,sz,301036,2021-07-29,2025-09-30,1014,99141,True,utf-8,9dd8fd75c99e9027addefbd1c2adc9cebd9d267a3c8b0e2d3a66d5a60e232ef0
/Users/mic/Downloads/20250930/sh601878.csv,sh601878.csv,sh,601878,2017-06-26,2025-09-30,2012,203713,True,utf-8,eba605fa6f788e64f6a7dbeb2de9c7707ba50c950f009785afbbddf540a6bbdb
/Users/mic/Downloads/20250930/sz002587.csv,sz002587.csv,sz,002587,2011-06-10,2025-09-30,3353,318386,True,utf-8,5c2f9cc35d7a85d9f92253a18f8064c7cb606eda0d9bac3ac327cea34ba7c4ce
/Users/mic/Downloads/20250930/sh688084.csv,sh688084.csv,sh,688084,2022-12-08,2025-09-30,684,65885,True,utf-8,1660561ec42d8662d3214040e34d9f471e3b21cb90f93a9a8584385307400864
/Users/mic/Downloads/20250930/sh688090.csv,sh688090.csv,sh,688090,2020-02-17,2025-09-30,1369,134162,True,utf-8,a8e7b1bcff46736480c47fad91f0c707115a8313b61dbe8e4e2d66c6a3a2952e
/Users/mic/Downloads/20250930/sz002593.csv,sz002593.csv,sz,002593,2011-06-28,2025-09-30,3447,328366,True,utf-8,68d5b30a24eb132cd89f5fe9f3ab9c43fee14a342b583a2e7674709a2b33ee77
/Users/mic/Downloads/20250930/sz301022.csv,sz301022.csv,sz,301022,2021-07-02,2025-09-30,1033,98180,True,utf-8,e81c0bd024b8f08dc4692e5bef3eb329bc4a483663b9607bf43661d406322ae4
/Users/mic/Downloads/20250930/sz002592.csv,sz002592.csv,sz,002592,2011-11-11,2025-09-30,3176,305310,True,utf-8,98bddfec004f4ae20c33324fdbd9bfd328c31e4670cf066b1e7443ff20168911
/Users/mic/Downloads/20250930/sh688091.csv,sh688091.csv,sh,688091,2021-09-09,2025-09-30,984,97500,True,utf-8,d3a8823f179f01ce120205b715fe2edff05ab41699091125a1e0eda1db3b8167
/Users/mic/Downloads/20250930/bj872895.csv,bj872895.csv,bj,872895,2023-04-06,2025-09-30,606,56694,True,utf-8,d88df4c9da1a87d67dfeded58279f40a38e48bbc8640f39da5399e6722257b33
/Users/mic/Downloads/20250930/sz301023.csv,sz301023.csv,sz,301023,2021-07-07,2025-09-30,1030,100114,True,utf-8,e2e358349de32a1d117e624b4a0de31a9b94b61ac7ca8a7067c55a1ff97b7a7c
/Users/mic/Downloads/20250930/sz301037.csv,sz301037.csv,sz,301037,2021-07-30,2025-09-30,1013,97410,True,utf-8,85a8406ee64a31801706d5336cfe85a02530c0962d795b69838b27730c893d93
/Users/mic/Downloads/20250930/sz300329.csv,sz300329.csv,sz,300329,2012-06-19,2025-09-30,3199,304445,True,utf-8,a8a5ec5da49658cb18f1e4ccf7a15900f3e03462bfb8706a024caba539ac601d
/Users/mic/Downloads/20250930/sh603908.csv,sh603908.csv,sh,603908,2017-03-07,2025-09-30,2086,201571,True,utf-8,0ab26c055fff631be24b64e8598d68d746802e551263016342a00420ea948212
/Users/mic/Downloads/20250930/sh688085.csv,sh688085.csv,sh,688085,2020-04-09,2025-09-30,1328,129836,True,utf-8,72a537942ca869da74325121962c35406fe572fd51f052faf0244b72755ab096
/Users/mic/Downloads/20250930/sz002586.csv,sz002586.csv,sz,002586,2011-06-02,2025-09-30,3274,311592,True,utf-8,db749ef15d62012cec306feaf59d7628542e721c3d2d726149401f7f035484de
/Users/mic/Downloads/20250930/sh601689.csv,sh601689.csv,sh,601689,2015-03-19,2025-09-30,2556,254359,True,utf-8,a236a4e4061a7559168cbca1d2109d8e58a37f579b90aa735f3762d709f6d0ac
/Users/mic/Downloads/20250930/sz300467.csv,sz300467.csv,sz,300467,2015-05-27,2025-09-30,2317,227050,True,utf-8,c7ed214b2bb9efc28b64a115bc828d18a644244603ca6a05549a8957820dceaa
/Users/mic/Downloads/20250930/sh600597.csv,sh600597.csv,sh,600597,2002-08-28,2025-09-30,5452,531391,True,utf-8,f421c94189463c7e71074fb284c65574c4c2aab88580e58477155aa286c4d400
/Users/mic/Downloads/20250930/sz300301.csv,sz300301.csv,sz,300301,2012-03-21,2025-09-30,3133,297823,True,utf-8,4ba875f2781898778b90e5ad0f1798365a8fbfcdf1c510388c19724ea334b42d
/Users/mic/Downloads/20250930/sh605389.csv,sh605389.csv,sh,605389,2021-03-22,2025-09-30,1085,105375,True,utf-8,8bbfb6f604e464b170e2cc120822b75e100bd782a12b77ae03c7666517bf86d3
/Users/mic/Downloads/20250930/sh603920.csv,sh603920.csv,sh,603920,2017-04-26,2025-09-30,2049,202199,True,utf-8,d816ac07dfc776a3c6778befe6062b8897cac4065b6bec0d1c6abb82f9048d44
/Users/mic/Downloads/20250930/sz300315.csv,sz300315.csv,sz,300315,2012-05-11,2025-09-30,2876,281459,True,utf-8,dbc564d1c9d871e6c9f806a4a235fbc21232d6cc274ac3c9378fd40871a852b7
/Users/mic/Downloads/20250930/sz300473.csv,sz300473.csv,sz,300473,2015-06-12,2025-09-30,2432,237011,True,utf-8,47636850586458f8274565b732252ddf100f20d1ef191584fe0768b021879702
/Users/mic/Downloads/20250930/sh600583.csv,sh600583.csv,sh,600583,2002-02-05,2025-09-30,5684,545096,True,utf-8,54508bc181e79d8c9a2d3c5da0e5747bb0d32072c0825878c25512cb887c2071
/Users/mic/Downloads/20250930/sh688052.csv,sh688052.csv,sh,688052,2022-04-22,2025-09-30,838,85478,True,utf-8,61e09341066e643dc95846667341fcbf912ca7c39c9c8bb06ef5118f283336fb
/Users/mic/Downloads/20250930/sh603061.csv,sh603061.csv,sh,603061,2023-03-03,2025-09-30,629,60523,True,utf-8,8b80a8482f49e80fe1f74a0fb437dfc1046770637a1037bebd14cb73f699b8af
/Users/mic/Downloads/20250930/sh600568.csv,sh600568.csv,sh,600568,2001-05-18,2025-09-30,5463,516895,True,utf-8,6620d425d1cef9d166e99e7c298b771c78e63d5d4cab39ceec9235a7bafe6166
/Users/mic/Downloads/20250930/sz002551.csv,sz002551.csv,sz,002551,2011-02-25,2025-09-30,3394,326529,True,utf-8,13e908dd5bf5190c56ed73c739a9e4af44f766d767cd99fcb52431ac76c651d6
/Users/mic/Downloads/20250930/sz300498.csv,sz300498.csv,sz,300498,2015-11-02,2025-09-30,2403,246094,True,utf-8,b7506f2a1c55012763eb86d9ca4fd83053c1c94e6cae2423fc17fa406dacab5a
/Users/mic/Downloads/20250930/sz002237.csv,sz002237.csv,sz,002237,2008-05-20,2025-09-30,4190,409297,True,utf-8,7649c11824ecff534c690fc6a955ddf0b630a1164752645335690312733c6919
/Users/mic/Downloads/20250930/sh603707.csv,sh603707.csv,sh,603707,2017-07-19,2025-09-30,1995,197645,True,utf-8,ab6d44e7a92828aae358a6e62db70b878abd93de043a5f4bd7b5ed090b70c719
/Users/mic/Downloads/20250930/sz000420.csv,sz000420.csv,sz,000420,1996-08-02,2025-09-30,6944,662395,True,utf-8,5e09e73f56c93a58faf7a0169315599eda1cab6bfc8816437e9e9b5eff5820b6
/Users/mic/Downloads/20250930/sh605376.csv,sh605376.csv,sh,605376,2020-12-08,2025-09-30,1170,115457,True,utf-8,194e37f3dc5cbd875eed8e49b0a6d7683f84a86256a9bac7ec9b07ccc5deb785
/Users/mic/Downloads/20250930/sh603713.csv,sh603713.csv,sh,603713,2018-07-13,2025-09-30,1754,174838,True,utf-8,5c103a147ea618de85ef5bee6a4c8b9cf57730a4309c023b7eaf927f8df5443d
/Users/mic/Downloads/20250930/sh688720.csv,sh688720.csv,sh,688720,2023-12-06,2025-09-30,433,41848,True,utf-8,b875f7ed71775a0837ba2eb9ed665b819903dd642ca34fa3d7277fe0bc90e09a
/Users/mic/Downloads/20250930/sz002223.csv,sz002223.csv,sz,002223,2008-04-18,2025-09-30,4162,408575,True,utf-8,97b53f687cd64af7c73fd5216a130c571272f0d0d5cd8779fb4df5dae86274d0
/Users/mic/Downloads/20250930/sz002545.csv,sz002545.csv,sz,002545,2011-02-11,2025-09-30,3325,316131,True,utf-8,9a49960bb8fc636d37e5bcc0ec60e22c9727347c66791a0585b33b0e095f02ba
/Users/mic/Downloads/20250930/sh688046.csv,sh688046.csv,sh,688046,2022-04-25,2025-09-30,837,82553,True,utf-8,b238d7d6895b720ded112e63001ab25e23f304e5065589c1f4e873ca794afcd5
/Users/mic/Downloads/20250930/sh603075.csv,sh603075.csv,sh,603075,2023-09-11,2025-09-30,499,48336,True,utf-8,533fbfc9bdc5ff05b0d56f4024b009f29a1d0ccb745612ebae77ec6139915c6e
/Users/mic/Downloads/20250930/sh688708.csv,sh688708.csv,sh,688708,2024-12-05,2025-09-30,202,19631,True,utf-8,d6757b07078e0d4e2953e366dfdd290ee8cc2960604ff51cf755424d2a461061
/Users/mic/Downloads/20250930/sh600232.csv,sh600232.csv,sh,600232,2000-06-02,2025-09-30,5926,581060,True,utf-8,d9075f91262add2cc3666cb4acfa35975f8b02602817f2f68f25c72727aea079
/Users/mic/Downloads/20250930/sh601138.csv,sh601138.csv,sh,601138,2018-06-08,2025-09-30,1778,182350,True,utf-8,e6236b8c5aa2a5051fe947dbb711cb0ec092116a6554c14b7583548441f67a67
/Users/mic/Downloads/20250930/sh600226.csv,sh600226.csv,sh,600226,1999-11-16,2025-09-30,5756,546041,True,utf-8,19926f0f3726ae09dd3b59e9f12c901f4214fb6a50be97e961a146f5b49af7b1
/Users/mic/Downloads/20250930/sz000408.csv,sz000408.csv,sz,000408,1996-06-28,2025-09-30,6597,628548,True,utf-8,8de6226e33eee7ab44da37e67685d06ef11decdf44a1b9dc3d80a852d8f330ed
/Users/mic/Downloads/20250930/sh603049.csv,sh603049.csv,sh,603049,2025-06-05,2025-09-30,84,8265,True,utf-8,754e8ce5016432b2efd646dc255de996e9627a85465b2780071a4db7deaaf324
/Users/mic/Downloads/20250930/sh600540.csv,sh600540.csv,sh,600540,2004-01-07,2025-09-30,5133,483990,True,utf-8,a929f6f701828136ee6313202311a1ceea9f350c8b88ba1a99d2e32b245bf224
/Users/mic/Downloads/20250930/sh601886.csv,sh601886.csv,sh,601886,2011-08-18,2025-09-30,3397,329013,True,utf-8,1d4efac5304a8f7b65daea12a979f2a32e1499704b1d40e0ef87d4fa43bcfce8
/Users/mic/Downloads/20250930/sz002579.csv,sz002579.csv,sz,002579,2011-05-06,2025-09-30,3226,309397,True,utf-8,0b8a72bc45219b36646d0bfe73ebf27f5876f192ed2c8b307970a13bc51fd323
/Users/mic/Downloads/20250930/sz301221.csv,sz301221.csv,sz,301221,2021-12-22,2025-09-30,917,90052,True,utf-8,fb4d979212e300f8c381bfa77509c4e74513493630ee5151478aa2e078ffcd02
/Users/mic/Downloads/20250930/sz000839.csv,sz000839.csv,sz,000839,1997-10-31,2025-09-30,6573,631335,True,utf-8,8566be562425f3620368bdfe676057a8cce55d4eeaaeec40325a012149efabf2
/Users/mic/Downloads/20250930/sz001299.csv,sz001299.csv,sz,001299,2022-10-31,2025-09-30,712,67980,True,utf-8,0c1deda373c4ad4dc0696aa44c8db70bf3d1b51604cef4888ffdd0cc69e402cf
/Users/mic/Downloads/20250930/sh688293.csv,sh688293.csv,sh,688293,2022-09-02,2025-09-30,737,71470,True,utf-8,2c76d8936a977c3bfb014dc33945810f2e8de3ee6d38260b608c92b694252cb3
/Users/mic/Downloads/20250930/sz300881.csv,sz300881.csv,sz,300881,2020-09-01,2025-09-30,1234,116063,True,utf-8,225fcc07368f6b246828bf38d139b5267cb8f781252239c5b2889193196d88c9
/Users/mic/Downloads/20250930/sz002948.csv,sz002948.csv,sz,002948,2019-01-16,2025-09-30,1623,156895,True,utf-8,48974fed853df6e84275c61f71a42dda8fba5af6f0bbb415e5e2b8902f282414
/Users/mic/Downloads/20250930/sz300659.csv,sz300659.csv,sz,300659,2017-05-26,2025-09-30,1923,189545,True,utf-8,825e6991c0c9d1e1e16076e9c983dadf1cc42cf13ee29019c3e54411bd7cf9fa
/Users/mic/Downloads/20250930/sh600971.csv,sh600971.csv,sh,600971,2004-08-17,2025-09-30,5065,493729,True,utf-8,28336c0c77e6e744afa604ffb02c64c85f890f18ef8f291c6e9affcc219d6199
/Users/mic/Downloads/20250930/sz002790.csv,sz002790.csv,sz,002790,2016-03-08,2025-09-30,2329,214128,True,utf-8,5008987c8beaab798bd581863041139d57ac16fbadf3d3e8892551328539b821
/Users/mic/Downloads/20250930/sz300895.csv,sz300895.csv,sz,300895,2020-09-24,2025-09-30,1217,120618,True,utf-8,0e8784e1f81a6bcc3476588083be1de971e5dd054a134a6cf3a1be3c436587d8
/Users/mic/Downloads/20250930/bj871634.csv,bj871634.csv,bj,871634,2022-11-24,2025-09-30,694,65951,True,utf-8,a7881d74337c324c43c8b2beb710f13bff0d7f2cad98144eafe4cfedffb6dfd4
/Users/mic/Downloads/20250930/sh600965.csv,sh600965.csv,sh,600965,2004-07-13,2025-09-30,4949,468050,True,utf-8,d1c11c68fb70b3983c111e5ded540d7557760156f7d34cabdb26457581424672
/Users/mic/Downloads/20250930/sh688287.csv,sh688287.csv,sh,688287,2022-05-25,2025-09-30,816,78515,True,utf-8,e71c4fe3bedb7312ce2933e227aeab046aea652b25d267a0a99a41412ff7e251
/Users/mic/Downloads/20250930/sz301235.csv,sz301235.csv,sz,301235,2022-01-28,2025-09-30,891,87232,True,utf-8,36d712e6e5587f0918583bf7e07dda36eeb7fee83ae1a79affa258f12cc17c5f
/Users/mic/Downloads/20250930/sz300103.csv,sz300103.csv,sz,300103,2010-08-12,2025-09-30,3579,342898,True,utf-8,22495824250aa37d4680574983676a1c21299f04eab866327442731780e5f01a
/Users/mic/Downloads/20250930/sh600795.csv,sh600795.csv,sh,600795,1997-03-18,2025-09-30,6749,653661,True,utf-8,010d7f5a083f657979609d0573fd41cc7c0d596946e48ff796c896b650d5c56b
/Users/mic/Downloads/20250930/sz300665.csv,sz300665.csv,sz,300665,2017-06-13,2025-09-30,2009,189227,True,utf-8,8d53fc22ac727f0ea7ae02b62e1298a0f72a983c2eefde9daf7331ddf69bb5f4
/Users/mic/Downloads/20250930/sh603288.csv,sh603288.csv,sh,603288,2014-02-11,2025-09-30,2836,286528,True,utf-8,d4a38adf368346bb6f62e05c1fc4a71abb9a05ec4cec28aa2fd7b28de471ece3
/Users/mic/Downloads/20250930/sz002960.csv,sz002960.csv,sz,002960,2019-08-09,2025-09-30,1492,145575,True,utf-8,02c1cb11f86e0c56c2696e08f1954be89d287f1a6561a055bea21b7c4fb3b41b
/Users/mic/Downloads/20250930/sz300671.csv,sz300671.csv,sz,300671,2017-07-05,2025-09-30,2005,199763,True,utf-8,d41ad72acdc7fb40fed0c02224c609d32e2eb4187c802f64b9e7c83e6df17e05
/Users/mic/Downloads/20250930/sh600959.csv,sh600959.csv,sh,600959,2015-04-28,2025-09-30,2437,237221,True,utf-8,038972207426afab9762a72c5b52141a7577b8f29995d453cac2dac43a5c5e99
/Users/mic/Downloads/20250930/sz301209.csv,sz301209.csv,sz,301209,2022-08-25,2025-09-30,753,70125,True,utf-8,7932d86b12e624f3b7989872a54ef28ad8b2537d37efa1e608cfd58d0b4f99ff
/Users/mic/Downloads/20250930/sz000811.csv,sz000811.csv,sz,000811,1998-05-28,2025-09-30,6486,615974,True,utf-8,96194b19cb7e230b978cd3169e50d33c0eb18df3a16fc8f12afc1599d5f30a9d
/Users/mic/Downloads/20250930/sh688536.csv,sh688536.csv,sh,688536,2020-09-21,2025-09-30,1210,125456,True,utf-8,78fa3fc93805d079398c11a82623628346d35b5c654a839e29407d1103ed0175
/Users/mic/Downloads/20250930/sh603505.csv,sh603505.csv,sh,603505,2017-05-03,2025-09-30,2048,197681,True,utf-8,c96b5c88af6bab4cb275dcb8d20cfe4dc2b16dcc988ef609e6a5fecca1630f4b
/Users/mic/Downloads/20250930/sz002035.csv,sz002035.csv,sz,002035,2004-09-01,2025-09-30,5025,479158,True,utf-8,a4f1386b0473fed5e9ad1fa114bad0dc2f5e3d150dec82ccc9d91bcdf7c2bff8
/Users/mic/Downloads/20250930/sz002753.csv,sz002753.csv,sz,002753,2015-05-19,2025-09-30,2525,240955,True,utf-8,3c9af5e43ff3775ce71c2678f8860a372750ab28aaf7d64ea65c47a5daf6b960
/Users/mic/Downloads/20250930/sz300842.csv,sz300842.csv,sz,300842,2020-06-18,2025-09-30,1275,122567,True,utf-8,b4a54a1a94431d0a618e01c047fd3f1e04fb34cc38b6c5f1a61a1de2b484b86a
/Users/mic/Downloads/20250930/sz301584.csv,sz301584.csv,sz,301584,2025-09-25,2025-09-30,4,461,True,utf-8,c52e72255f0b8d039288ce2cf2c34ac7a2969f23026d06642b12283726c36106
/Users/mic/Downloads/20250930/sh603277.csv,sh603277.csv,sh,603277,2017-09-11,2025-09-30,1957,189130,True,utf-8,9866af654a7abc5b690ea8490f0c7e08f13e704d2f5fe65372ca0a1f2e351845
/Users/mic/Downloads/20250930/sh688244.csv,sh688244.csv,sh,688244,2022-10-19,2025-09-30,720,70065,True,utf-8,7c39755f7c675e3156f19c136e80792221525272cb3dc89b95a2871f75eb14d3
/Users/mic/Downloads/20250930/sz002747.csv,sz002747.csv,sz,002747,2015-03-20,2025-09-30,2506,248579,True,utf-8,fce858b5df0bf5d281a47fcd44970e990123cf51c80419591123376e290b5674
/Users/mic/Downloads/20250930/sz300856.csv,sz300856.csv,sz,300856,2020-07-22,2025-09-30,1263,123148,True,utf-8,9a4688f1bfa18facee56e785388089aa8623c5a318e91c09f666d250e05847ca
/Users/mic/Downloads/20250930/sz301590.csv,sz301590.csv,sz,301590,2025-06-05,2025-09-30,84,8414,True,utf-8,f98a0d24510d5f83f2aadeec8cd6e4c78e5d7850dd527f9dc20d1b8825d3544c
/Users/mic/Downloads/20250930/sh600018.csv,sh600018.csv,sh,600018,2006-10-26,2025-09-30,4530,448063,True,utf-8,7dc7e0eb56682aa451a5d3e64de3601fd8154153f990c20d9910af0280de9056
/Users/mic/Downloads/20250930/sz002021.csv,sz002021.csv,sz,002021,2004-07-15,2025-09-30,4727,448677,True,utf-8,dc2a3bedc95ba4144548d1bba8d79321160ff861bc524e30572e9091fcc0cb51
/Users/mic/Downloads/20250930/sh688522.csv,sh688522.csv,sh,688522,2023-03-01,2025-09-30,621,60676,True,utf-8,0f84b5500ae674e6939557c1e82fbee7e4bc6d51ad651461fa1c9bf82f00bd2b
/Users/mic/Downloads/20250930/sz000636.csv,sz000636.csv,sz,000636,1996-11-29,2025-09-30,6738,655344,True,utf-8,c1d7c43df563b35229ea312428d0e5b69a63cc527ad0d74c54987e4316511671
/Users/mic/Downloads/20250930/sh603511.csv,sh603511.csv,sh,603511,2021-05-31,2025-09-30,1056,102667,True,utf-8,e44543a2b25162e9468dc693943a4b58f74e227abca57b32050e8c0397351172
/Users/mic/Downloads/20250930/sh600030.csv,sh600030.csv,sh,600030,2003-01-06,2025-09-30,5425,544104,True,utf-8,2f56e49758ce0f76954c014051ecfd70a8e595f555e1456c9c3613151a136cbb
/Users/mic/Downloads/20250930/sz002009.csv,sz002009.csv,sz,002009,2004-06-29,2025-09-30,4976,485460,True,utf-8,1cb476e07fb1bd77601f27ce15fbc0c0a2fdeecd9fca7860a4bc8db0c8e43ef2
/Users/mic/Downloads/20250930/sz001266.csv,sz001266.csv,sz,001266,2022-02-28,2025-09-30,875,84839,True,utf-8,53fb3f9ce53fd5d2bbfeb367bc0bdeb84d713a7c49caa79f71a989d21284ae4c
/Users/mic/Downloads/20250930/sh600756.csv,sh600756.csv,sh,600756,1996-09-23,2025-09-30,6850,664257,True,utf-8,97dba9703f2ee0dec2aea1425cd2a0d4e3a4d5fdda1accbc8b72d8aeb8378778
/Users/mic/Downloads/20250930/sh600742.csv,sh600742.csv,sh,600742,1996-08-26,2025-09-30,6996,660535,True,utf-8,24c65d82059d31eb9d7f88acc2695dac73bdda74d3ecd7889229acb47c49d3c6
/Users/mic/Downloads/20250930/sh688278.csv,sh688278.csv,sh,688278,2020-01-17,2025-09-30,1384,136445,True,utf-8,161107d2e00328304774fad3d582c8b36de56d8cdf5d2481760a4f6380671a95
/Users/mic/Downloads/20250930/sz301355.csv,sz301355.csv,sz,301355,2023-06-12,2025-09-30,562,54357,True,utf-8,fbe364e82310124ffdd39cd47dfbbf702bb08c628b5d4206a8bddf65e5bc4393
/Users/mic/Downloads/20250930/sz002182.csv,sz002182.csv,sz,002182,2007-11-13,2025-09-30,4318,412823,True,utf-8,acfb108d7d015ff240033ca7a0f72f50361ba1d7be5b22d95a47f04808510e8b
/Users/mic/Downloads/20250930/bj835670.csv,bj835670.csv,bj,835670,2016-11-22,2025-09-30,1222,115844,True,utf-8,30ed819d1b2e408af8428578f01d310e88055e6d8d4fd210af6b98e1c9321c95
/Users/mic/Downloads/20250930/sz000795.csv,sz000795.csv,sz,000795,1997-08-08,2025-09-30,6608,628740,True,utf-8,0bd8bb9a364bc945e2b88cf89970be6ea51db6fd8bb3c3e5bb89fb232b164443
/Users/mic/Downloads/20250930/sh600805.csv,sh600805.csv,sh,600805,1994-01-03,2025-09-30,7604,720374,True,utf-8,d3c7c4baa61b1d406b7f5dff6e1ae606d1dcfd6fa61b6b247cbb92975374c908
/Users/mic/Downloads/20250930/bj831370.csv,bj831370.csv,bj,831370,2015-03-06,2025-09-30,1753,163425,True,utf-8,7a007743a1b863f4fc55d7023bd2fb94811c3ca1a2e0820ac49dd65d8b4f552a
/Users/mic/Downloads/20250930/sz300739.csv,sz300739.csv,sz,300739,2018-02-01,2025-09-30,1860,183151,True,utf-8,043f55f32a73a32bf9faa1350704b9cff681287696c52dd6d7ab2f922410a614
/Users/mic/Downloads/20250930/sz002828.csv,sz002828.csv,sz,002828,2016-12-08,2025-09-30,2136,208509,True,utf-8,a50faf30b331092af51b0fc1d9f141f0e9deca0b2a97730262133b44509276e8
/Users/mic/Downloads/20250930/sz000959.csv,sz000959.csv,sz,000959,1999-12-16,2025-09-30,5810,557647,True,utf-8,0edf63f50e92c8dd37936570b537f56b02612f83fe687bf8d6f47723d4a2d139
/Users/mic/Downloads/20250930/sz002196.csv,sz002196.csv,sz,002196,2007-12-12,2025-09-30,4159,388089,True,utf-8,b707b29f07abd7558ceebb1cd13bd72791e3401dfa2dfa39f04fd6949a04ef8d
/Users/mic/Downloads/20250930/sz301369.csv,sz301369.csv,sz,301369,2022-09-22,2025-09-30,734,71187,True,utf-8,6439f3d4fab930e38a5bbab614ba5e98cb8dd977e4ea1788eb99a523cc07b6b5
/Users/mic/Downloads/20250930/sh600187.csv,sh600187.csv,sh,600187,1998-11-11,2025-09-30,5627,532552,True,utf-8,f29780d7ff1e16edafcdc1a9d28d0b5fd69744d78a73fa8b12e0de9ae4083f12
/Users/mic/Downloads/20250930/sz300077.csv,sz300077.csv,sz,300077,2010-04-30,2025-09-30,3665,359431,True,utf-8,d8d83c028a3cdcccf346f0fb74d76a8a9f7f66a08dcf85267b8a98ad8ebf55cf
/Users/mic/Downloads/20250930/sh600839.csv,sh600839.csv,sh,600839,1994-03-11,2025-09-30,7505,725111,True,utf-8,af9fa72ab9d59a10026805ebca7c9f715c18f278182b45620813522e9a451e2f
/Users/mic/Downloads/20250930/sz300711.csv,sz300711.csv,sz,300711,2017-11-01,2025-09-30,1925,189926,True,utf-8,3913cddff29eed46d6675294dc4049cde7ee36b11a03e93f2aa9950c3ffdf106
/Users/mic/Downloads/20250930/sz002800.csv,sz002800.csv,sz,002800,2016-05-30,2025-09-30,2268,218648,True,utf-8,5d75d7392dabd7acba6354fcdfde1ff8878dfc3e74276f82d3117229196079d9
/Users/mic/Downloads/20250930/bj832651.csv,bj832651.csv,bj,832651,2023-06-27,2025-09-30,553,52747,True,utf-8,cd28479c6a9c766d98eb4e42b08f1a60720766c364fff5571dc5ea4cc4d31ddd
/Users/mic/Downloads/20250930/sz300705.csv,sz300705.csv,sz,300705,2017-10-10,2025-09-30,1941,189515,True,utf-8,e86245d85b4fae57452b5fe906238658bb19ab62f18a8c5ea5766758d1713ff1
/Users/mic/Downloads/20250930/sh600193.csv,sh600193.csv,sh,600193,1999-05-27,2025-09-30,6124,573927,True,utf-8,12adf1725cd15a798921597b81f59c815de88d317c0bfc3af9630dcdbf0cc6e0
/Users/mic/Downloads/20250930/sz300063.csv,sz300063.csv,sz,300063,2010-03-26,2025-09-30,3490,330281,True,utf-8,d617760271c22ef35aae6683d6e0d63b6f8393861d9af5f4fb982916eecfc484
/Users/mic/Downloads/20250930/sz000965.csv,sz000965.csv,sz,000965,2000-04-06,2025-09-30,5988,564617,True,utf-8,75fb03d7807586715ab946c73002e522fc15574ceaa91ece3213aaa940f77745
/Users/mic/Downloads/20250930/sz000756.csv,sz000756.csv,sz,000756,1997-08-06,2025-09-30,6682,624974,True,utf-8,a3cc3c2576df74e3d51369474983598386d54ca159a31087803365c2ff9b458f
/Users/mic/Downloads/20250930/sz300088.csv,sz300088.csv,sz,300088,2010-05-26,2025-09-30,3274,316382,True,utf-8,f6beb107df336b1c0d9bad0088abe2c9cf89f21e768a65d6780837e2042cccd0
/Users/mic/Downloads/20250930/sz002141.csv,sz002141.csv,sz,002141,2007-07-20,2025-09-30,4216,399034,True,utf-8,13bd9a1a922e9fb98053e2ac08cb77643c917a417e764db583ff5ac3c34716a0
/Users/mic/Downloads/20250930/sh600178.csv,sh600178.csv,sh,600178,1998-10-14,2025-09-30,6450,613021,True,utf-8,f9a489a5395a79078fdc5f6e267657d1bc96d112d7ab852e7e4b4f14c9925497
/Users/mic/Downloads/20250930/sz301396.csv,sz301396.csv,sz,301396,2022-11-11,2025-09-30,703,69466,True,utf-8,d805417a0a2bbc34f8c0913d87794c544d3e28332059bd6dc9eaf9f98d1f4d81
/Users/mic/Downloads/20250930/sz300936.csv,sz300936.csv,sz,300936,2021-01-26,2025-09-30,1136,109911,True,utf-8,74a33189a3cbcbf763108d4f4a247d3d7f23a862a0b053b1c75360686560dd85
/Users/mic/Downloads/20250930/sz002627.csv,sz002627.csv,sz,002627,2011-11-03,2025-09-30,3350,317722,True,utf-8,6b36be476b7b2a51646da04bcdb342338094d9f19a52ce387a34baefaed189c1
/Users/mic/Downloads/20250930/sh601500.csv,sh601500.csv,sh,601500,2016-09-19,2025-09-30,2189,209494,True,utf-8,146944a84572f434bdb5c35c44154bf2d10861ef80411f7d2a1428c15cb3d16a
/Users/mic/Downloads/20250930/sz000030.csv,sz000030.csv,sz,000030,1993-09-29,2025-09-30,6919,647327,True,utf-8,7ff1a3f6cc8751dbc6939e71e649a0e995fa938acb7b9bf3b16f12caf7100c38
/Users/mic/Downloads/20250930/sh603317.csv,sh603317.csv,sh,603317,2019-04-16,2025-09-30,1571,156032,True,utf-8,950d60526a25b67d21e5285ee1966ac9b93250d08488f41d3a5cac212a80d1ee
/Users/mic/Downloads/20250930/sh688330.csv,sh688330.csv,sh,688330,2020-10-15,2025-09-30,1208,117368,True,utf-8,5bd31dfdc98ad02e8a470825c453169c8c69a0e133494423d104b8f52ff0871d
/Users/mic/Downloads/20250930/bj832876.csv,bj832876.csv,bj,832876,2022-11-09,2025-09-30,705,66203,True,utf-8,f2b382909667a37b562fd2dd3b401621b2e003ca096008aca531b1301776f683
/Users/mic/Downloads/20250930/sh603303.csv,sh603303.csv,sh,603303,2017-03-30,2025-09-30,2069,207228,True,utf-8,3e1516a290154e20e50c554ac521805ebd6c87b6ff674d9f2f1c6163694be2e4
/Users/mic/Downloads/20250930/sz300922.csv,sz300922.csv,sz,300922,2020-12-25,2025-09-30,1157,115780,True,utf-8,2a833773eb8fbc93bcd220b75f016a14468769c87f22a09a938c6c9fce856866
/Users/mic/Downloads/20250930/sz002633.csv,sz002633.csv,sz,002633,2011-11-22,2025-09-30,3053,288345,True,utf-8,f7d3bf9c34fae3553bb3599b043042ba866fc85fdee06fe135d564a43fc5121e
/Users/mic/Downloads/20250930/sz002155.csv,sz002155.csv,sz,002155,2007-08-16,2025-09-30,4328,423020,True,utf-8,3e2f67cbf55f7d1809d1e447a031309718ed5ad9bf54e3846a36660e843a1477
/Users/mic/Downloads/20250930/sz301382.csv,sz301382.csv,sz,301382,2023-05-17,2025-09-30,580,57050,True,utf-8,2dcd29a2ed9e5437f334a4e6504c2f9e706f15a7fb6ba77ee560873c05be0194
/Users/mic/Downloads/20250930/sh688456.csv,sh688456.csv,sh,688456,2021-03-17,2025-09-30,1105,107308,True,utf-8,01939a78dbdba46e2dab06cae8d31f49d69f735948fba022d62352eabf995b48
/Users/mic/Downloads/20250930/bj835857.csv,bj835857.csv,bj,835857,2023-03-14,2025-09-30,622,58829,True,utf-8,e2a459211fd85591e3c51503c36c5515f795b66162b8bc865569fd3570791cd6
/Users/mic/Downloads/20250930/sh688318.csv,sh688318.csv,sh,688318,2020-04-27,2025-09-30,1320,130726,True,utf-8,d88a8be96c4d07c5e87ed3c4267c31c4e4a0df669345e879ef694ef84169d888
/Users/mic/Downloads/20250930/sh600622.csv,sh600622.csv,sh,600622,1992-12-03,2025-09-30,7900,738780,True,utf-8,23db449f01ab21b09f3d4ed5f5dcd3fa4645b78835a2bc4ce147487c34685cc7
/Users/mic/Downloads/20250930/sh600636.csv,sh600636.csv,sh,600636,1993-03-16,2025-09-30,7507,718277,True,utf-8,fe0390c167d58b14c8227d4075468e2916b2c0cb80f3b9c077dd5c5a59f4c8fc
/Users/mic/Downloads/20250930/sh601528.csv,sh601528.csv,sh,601528,2021-06-25,2025-09-30,1038,99659,True,utf-8,ecc1b3f3e85d1b1afef72eda505ebe0ef8d3b865741290b93842e6468e5f1bee
/Users/mic/Downloads/20250930/sz001306.csv,sz001306.csv,sz,001306,2023-11-16,2025-09-30,457,45207,True,utf-8,97056cb423003453218d808a47bf7c18ec44de4e59e2ff187ffee1ce9b859c1a
/Users/mic/Downloads/20250930/bj430418.csv,bj430418.csv,bj,430418,2014-12-29,2025-09-30,2324,214739,True,utf-8,d0b1d232ed6ce38ecadc2be91834837d56d8ff94af75e8c43fb84125bd7a7da5
/Users/mic/Downloads/20250930/sh605028.csv,sh605028.csv,sh,605028,2021-07-12,2025-09-30,1023,89624,True,utf-8,e9ac10c0d2de02382c7b7e4d34a9316107dd69a693f631c999b54455e89422c0
/Users/mic/Downloads/20250930/sz002169.csv,sz002169.csv,sz,002169,2007-09-19,2025-09-26,4296,409449,True,utf-8,69fef3e425016961eeaf5c216b836aa0994802030ef2b81c8f7e12c0c8826352
/Users/mic/Downloads/20250930/sh600150.csv,sh600150.csv,sh,600150,1998-05-20,2025-09-30,6423,630947,True,utf-8,fed51db42ffab8c7519d18e57957733bed1d6559baf9c34ca102076124b015f7
/Users/mic/Downloads/20250930/sh601919.csv,sh601919.csv,sh,601919,2007-06-26,2025-09-30,4257,421192,True,utf-8,9db714ad3b6a696a827e47dba780b394ea803752c94dd9b06bdcda9f3d91d5b9
/Users/mic/Downloads/20250930/sz301631.csv,sz301631.csv,sz,301631,2024-11-22,2025-09-30,211,21407,True,utf-8,8088b7054137798ee49118ca635673b769a295ede4349bdda3fda9e41d5f64e5
/Users/mic/Downloads/20250930/sz000597.csv,sz000597.csv,sz,000597,1996-05-23,2025-09-30,6999,658516,True,utf-8,79216745e8407b5c17cfdf010ae40eba2ddd3d27fa9b51ce38092b0b0d3362b5
/Users/mic/Downloads/20250930/sh688683.csv,sh688683.csv,sh,688683,2021-04-12,2025-09-30,1088,105457,True,utf-8,31e14f5c970a1cb0f1b17d50a7d0d8587838541390aaa572d609aaa258466576
/Users/mic/Downloads/20250930/sh603868.csv,sh603868.csv,sh,603868,2016-04-18,2025-09-30,2301,225793,True,utf-8,2f37f591166fb059d4800b736af1f54a27c65d8f782598444be68623f5a56b51
/Users/mic/Downloads/20250930/sz002380.csv,sz002380.csv,sz,002380,2010-03-31,2025-09-30,3751,363220,True,utf-8,f9b2ead8d840bbdb5a81d152bd0089f33a7807becccbdede091713bb5c04dd1d
/Users/mic/Downloads/20250930/sz300249.csv,sz300249.csv,sz,300249,2011-08-03,2025-09-30,3322,316244,True,utf-8,364f6e64b16c3a60e89e0a4f63b7f3f88be6935b1982f3901f540ab75ec56acd
/Users/mic/Downloads/20250930/sz301157.csv,sz301157.csv,sz,301157,2023-03-09,2025-09-30,625,62991,True,utf-8,04236fe984e2c296e7ba56a5a94abfe017d70ac6d7ead0065dce5847810c64b9
/Users/mic/Downloads/20250930/sz002394.csv,sz002394.csv,sz,002394,2010-04-23,2025-09-30,3743,354690,True,utf-8,5e8199fcdb042d6240f8d8b484b9d5aefd62d7fc98161224b93abe783a86cdb3
/Users/mic/Downloads/20250930/sh688697.csv,sh688697.csv,sh,688697,2021-09-17,2025-09-30,978,95403,True,utf-8,e8c15882fc8497d48b354dde65b876646b8677e9c27b66db18a030147aad7600
/Users/mic/Downloads/20250930/sz300513.csv,sz300513.csv,sz,300513,2016-05-30,2025-09-30,2173,213222,True,utf-8,b468bb6a49df062c2f6ab76bbcbbd1f22046f73fc50175bedd661b6c3f038583
/Users/mic/Downloads/20250930/sz300275.csv,sz300275.csv,sz,300275,2011-11-02,2025-09-30,3369,324558,True,utf-8,cd4860be2cf9bc033da6608dbbb797dbf20acd9f3ee603033c3f011cc26768e1
/Users/mic/Downloads/20250930/sh603698.csv,sh603698.csv,sh,603698,2015-01-28,2025-09-30,2597,255541,True,utf-8,ecd66fb798fdcc06628a989a5f37dea548cf224ef08e80d4b2da2632b2988104
/Users/mic/Downloads/20250930/sz300261.csv,sz300261.csv,sz,300261,2011-09-06,2025-09-30,3336,319707,True,utf-8,3daded9dfc381e43c6ab904a23b97efb713e510834c7107638de7522ca8da2d1
/Users/mic/Downloads/20250930/sh600391.csv,sh600391.csv,sh,600391,2001-12-12,2025-09-30,5693,539240,True,utf-8,b448f97681af10c5958afb740f724befcc31f53823be516a6d2afe2c4e053b53
/Users/mic/Downloads/20250930/sz300507.csv,sz300507.csv,sz,300507,2016-04-29,2025-09-30,2284,218578,True,utf-8,9a3d5e782e7da5d92330eb1cfb0aa00b13b15cf32f83d6782a949565d55197b7
/Users/mic/Downloads/20250930/sh603115.csv,sh603115.csv,sh,603115,2019-08-09,2025-09-30,1492,145108,True,utf-8,be3086f4b9a93b239bdc0e4bde1b0772af8103552f46889094f1859ef2b1bf9a
/Users/mic/Downloads/20250930/sh688126.csv,sh688126.csv,sh,688126,2020-04-20,2025-09-30,1315,133236,True,utf-8,65099b678d04e4801b828ea5e459d6bb7273ac3b477120502d6017112e58a48b
/Users/mic/Downloads/20250930/sh601702.csv,sh601702.csv,sh,601702,2020-09-07,2025-09-30,1230,120858,True,utf-8,70721cf160a145e69b5e8eb81b8ebb0a66c6d388b52557489fa9dbba8035af2d
/Users/mic/Downloads/20250930/sz002425.csv,sz002425.csv,sz,002425,2010-06-08,2025-09-30,3517,334672,True,utf-8,2beac1d0010affb26229ce5430f785917da5da3172ec119d3c51c981898c0a5c
/Users/mic/Downloads/20250930/sz002343.csv,sz002343.csv,sz,002343,2010-01-26,2025-09-30,3617,344702,True,utf-8,3e6e2c666f133c18480054f7e3522351b62be460e5c3de034e6098bc8b2dbb48
/Users/mic/Downloads/20250930/sz000554.csv,sz000554.csv,sz,000554,1993-12-15,2025-09-30,7622,722291,True,utf-8,c84e479f8562f65ef2e97f46486990e4647bff84b4e8942418f85a1aeaa728b9
/Users/mic/Downloads/20250930/sh603667.csv,sh603667.csv,sh,603667,2016-10-25,2025-09-30,2103,204379,True,utf-8,20a1cfc52b0d60d83638c5cbba54a00f7c45b5096c3a3d45f744196ababd957f
/Users/mic/Downloads/20250930/sz301180.csv,sz301180.csv,sz,301180,2021-11-16,2025-09-30,943,93035,True,utf-8,35439da53aaebb13770cdcb11995ff92d296d7a8e94098f4263de9386c2c7880
/Users/mic/Downloads/20250930/sz002357.csv,sz002357.csv,sz,002357,2010-02-10,2025-09-30,3592,340443,True,utf-8,076094d21f606ec2bd18ad66412fd027d273ca7cdd214f9979222ae892d1535a
/Users/mic/Downloads/20250930/sz002431.csv,sz002431.csv,sz,002431,2010-06-10,2025-09-30,3554,351031,True,utf-8,7b0ddaf509034f0481b4db478bc128a253e78ee7861a7f8ef37d12c96c58449f
/Users/mic/Downloads/20250930/sh600408.csv,sh600408.csv,sh,600408,2003-02-12,2025-09-30,5199,496139,True,utf-8,5e4ef007e1718e0353dbd2fc1567f1b8a456c7812246c4aff72a5d9caeddbf9f
/Users/mic/Downloads/20250930/sh603101.csv,sh603101.csv,sh,603101,2016-05-06,2025-09-30,2288,214758,True,utf-8,021e043bb6707b7cb5d288f931ba1b354932479251c049eb7d1cb7d40df7b19b
/Users/mic/Downloads/20250930/sh688132.csv,sh688132.csv,sh,688132,2022-09-23,2025-09-30,727,71157,True,utf-8,5cd66da0149ba566c19d2cf4c39001e553ef1ba9422c7ba93819d430dad48ca9
/Users/mic/Downloads/20250930/sz002419.csv,sz002419.csv,sz,002419,2010-06-01,2025-09-30,3720,357331,True,utf-8,27c3164f9cb4d8b7ed14ec442f9b11a8c86858a915ce4624769693dda42d3a5e
/Users/mic/Downloads/20250930/sh600420.csv,sh600420.csv,sh,600420,2004-06-16,2025-09-30,5012,481272,True,utf-8,d815ac76ff007ad13580c673a9c318be4431348767e47ae0afce2f0d6190c53d
/Users/mic/Downloads/20250930/sh603129.csv,sh603129.csv,sh,603129,2017-08-18,2025-09-30,1973,199881,True,utf-8,64d38e423e083bb5b25dd064d4428908be6e7612b4743a0efb937952447878a7
/Users/mic/Downloads/20250930/sh603897.csv,sh603897.csv,sh,603897,2018-04-10,2025-09-30,1819,178676,True,utf-8,77268a37a6221381a8d8fc4ef5cf6e05c47efbfde5a00f3f0d3ba7be772aeeb4
/Users/mic/Downloads/20250930/sz000568.csv,sz000568.csv,sz,000568,1994-05-09,2025-09-30,7506,744895,True,utf-8,32b7603ea064018a25d16edafa7098d951bfa4cf9ba77d17985e5a340d54eb47
/Users/mic/Downloads/20250930/sh600346.csv,sh600346.csv,sh,600346,2001-08-20,2025-09-30,5498,526469,True,utf-8,7e2e86d8606d0713d40bf9bd0ebd41e1bb03f5ff145695c07559dab514dc0744
/Users/mic/Downloads/20250930/sh601058.csv,sh601058.csv,sh,601058,2011-06-30,2025-09-30,3429,334065,True,utf-8,d711e4d149870a7bf87fad66e6436941f277236ef2ad6d3b9d3ec5b8b01967f3
/Users/mic/Downloads/20250930/sh600352.csv,sh600352.csv,sh,600352,2003-08-01,2025-09-30,5304,517395,True,utf-8,2eb3e302353792a8d0b8ca5c032f15255952bf80af2f1f164fed4f0af6e314f9
/Users/mic/Downloads/20250930/sh688668.csv,sh688668.csv,sh,688668,2020-12-21,2025-09-30,1161,114758,True,utf-8,820bc9d838617182bbcef2fe8045d5f3491581c2337d6173283255a0a650c73e
/Users/mic/Downloads/20250930/sh603883.csv,sh603883.csv,sh,603883,2015-04-23,2025-09-30,2449,243079,True,utf-8,3f12d9c2c73ae72015e79dedf0535554d0723fd10cd49072a9adf508174e6bb8
/Users/mic/Downloads/20250930/sh603600.csv,sh603600.csv,sh,603600,2015-01-23,2025-09-30,2588,243971,True,utf-8,d5166f848c00789b6b0a2194e41ba70ad59938ef54d76ec162b4e2f8dee2d237
/Users/mic/Downloads/20250930/sh688633.csv,sh688633.csv,sh,688633,2021-03-24,2025-09-30,1100,107817,True,utf-8,95123d7ef13ff9f3815f42702d3151213b9c08b0812a26574e8fe54e0ff853a8
/Users/mic/Downloads/20250930/sz002330.csv,sz002330.csv,sz,002330,2010-01-06,2025-09-30,3743,355947,True,utf-8,850e3e7dd2546a5f17a0745716a4637e50bdbf505d46fad9fbdbc173ba1383b4
/Users/mic/Downloads/20250930/sh600309.csv,sh600309.csv,sh,600309,2001-01-05,2025-09-30,5804,567976,True,utf-8,032881271d35dfa90f7e8b53c88c72303324d2594eca18932b226756732de01f
/Users/mic/Downloads/20250930/sz002456.csv,sz002456.csv,sz,002456,2010-08-03,2025-09-30,3603,357356,True,utf-8,5a57488aa97072c6e2e439ecd88d386625939d59292e82eecb59db2b500c8369
/Users/mic/Downloads/20250930/sh688155.csv,sh688155.csv,sh,688155,2020-08-11,2025-09-30,1249,121955,True,utf-8,56cd6d3b220fa18e7b9e2015582c781ee19acd141e217947ded400b38508bec7
/Users/mic/Downloads/20250930/sh603166.csv,sh603166.csv,sh,603166,2014-11-27,2025-09-30,2636,252036,True,utf-8,f8647abdec161911f2cb0d09de51ae92241aeed8a7af3e3ada03d67aa3badb86
/Users/mic/Downloads/20250930/sh688141.csv,sh688141.csv,sh,688141,2022-12-23,2025-09-30,673,65948,True,utf-8,fcdcdaff1f8ea7c2e77244805258ff837abc07609743823ab2631a39b9c24c9e
/Users/mic/Downloads/20250930/sh603172.csv,sh603172.csv,sh,603172,2023-05-10,2025-09-30,585,56668,True,utf-8,7e493e7fd58882b1b37b70a29d612642e8d0cd2ad2651fab754dd8ec70d5aff3
/Users/mic/Downloads/20250930/sz002442.csv,sz002442.csv,sz,002442,2010-07-06,2025-09-30,3402,325103,True,utf-8,3d34c522998becb29db6e9e3e0ace9098c9f2de6cacfd1d75a869bd57312049b
/Users/mic/Downloads/20250930/sz002324.csv,sz002324.csv,sz,002324,2009-12-18,2025-09-30,3741,358468,True,utf-8,90dd738be4708da170b2abd2593bfda63d96b9afa8537ad587037d03435f7e22
/Users/mic/Downloads/20250930/sh601003.csv,sh601003.csv,sh,601003,2007-02-27,2025-09-30,4341,417496,True,utf-8,3cfab50bd7c581a9f0c3fda01f5842b7f6d876c4e9c91162099dd561bb727827
/Users/mic/Downloads/20250930/sz000533.csv,sz000533.csv,sz,000533,1994-01-03,2025-09-30,7428,703972,True,utf-8,b172902731b08c2ae5a553183fd3e93f5cbef0008cf4154c441688f5c9c0abd3
/Users/mic/Downloads/20250930/sh688627.csv,sh688627.csv,sh,688627,2023-07-18,2025-09-30,538,53347,True,utf-8,e8dce03767bf6fea8ff1dfc543586904034e377710220ec9fccb07d2bca9c089
/Users/mic/Downloads/20250930/sh600335.csv,sh600335.csv,sh,600335,2001-03-05,2025-09-30,5630,535645,True,utf-8,db7b6d91d53905ec5cd17dcf3e19f304e55ecf2a3e9e4de4063ae236043094d3
/Users/mic/Downloads/20250930/sz003012.csv,sz003012.csv,sz,003012,2020-10-19,2025-09-30,1206,116395,True,utf-8,54d430ea5a426f38ae566bd0b4f7f40928eada56eddb7bd3724b1b3cf179a3ed
/Users/mic/Downloads/20250930/sh688169.csv,sh688169.csv,sh,688169,2020-02-21,2025-09-30,1365,140739,True,utf-8,d5f48635ab7d46b4414f58a152c48c62fdbcc94bea5dae872b16da03da8de4ad
/Users/mic/Downloads/20250930/sh601995.csv,sh601995.csv,sh,601995,2020-11-02,2025-09-30,1196,120425,True,utf-8,c8956e009cfcacf98698faedea87f0884d6327fbc1e593f31b2e7be8c0d4182a
/Users/mic/Downloads/20250930/sh603628.csv,sh603628.csv,sh,603628,2017-01-12,2025-09-30,2115,204562,True,utf-8,299c8d3e413526eaad7ef1b9c4d33a3df2f59fd89767b7856a7d940e4ae23349
/Users/mic/Downloads/20250930/sh605259.csv,sh605259.csv,sh,605259,2021-06-15,2025-09-30,1046,101210,True,utf-8,700fae92712b857200d3f896d43d7bca358424be4397260809a67067f6978a7b
/Users/mic/Downloads/20250930/sz002318.csv,sz002318.csv,sz,002318,2009-12-11,2025-09-30,3805,369495,True,utf-8,af7dbb7c12cb598947ddaa641f623e1de656a9f74fef0cdbac1417444e290188
/Users/mic/Downloads/20250930/sz003006.csv,sz003006.csv,sz,003006,2020-09-21,2025-09-30,1220,120436,True,utf-8,2f60b4aaa1c7a35a9c9e9da7a54ad59137ca05016d9d9d550f3f29f634fc1925
/Users/mic/Downloads/20250930/bj920018.csv,bj920018.csv,bj,920018,2025-08-20,2025-09-30,30,2962,True,utf-8,9ee32668e220f329efe6b5f048418d665f30a2f9e9f2f52e696af83f90928c59
/Users/mic/Downloads/20250930/sh688196.csv,sh688196.csv,sh,688196,2019-11-21,2025-09-30,1424,136466,True,utf-8,9d440c7afeb612bafea6e59b1c9191763e225beeed8b685bee9fda8d625ad0d2
/Users/mic/Downloads/20250930/sz002495.csv,sz002495.csv,sz,002495,2010-11-02,2025-09-30,3613,341260,True,utf-8,2749f4f270f8ae971b6fc551e0eda5201565744008ca5de27c731ce9ca186364
/Users/mic/Downloads/20250930/sz300548.csv,sz300548.csv,sz,300548,2016-10-12,2025-09-30,2180,215321,True,utf-8,b156d68c1d7f28c131e1ef997c37b5cdf908cd09bf81fbb8ed6c59f7176e0e01
/Users/mic/Downloads/20250930/sz002481.csv,sz002481.csv,sz,002481,2010-09-21,2025-09-30,3515,337213,True,utf-8,32f79c26fcb970a0d82f52bb1f3d32b139427c9fdd4360b10d62bdb61569bb16
/Users/mic/Downloads/20250930/sz301656.csv,sz301656.csv,sz,301656,2025-09-25,2025-09-30,4,495,True,utf-8,1ed1e269c70f48b91a5358ae6d521b7b0a29ab3fb64b6a1a1b011abf3b53a95a
/Users/mic/Downloads/20250930/sh688182.csv,sh688182.csv,sh,688182,2021-11-16,2025-09-30,943,88171,True,utf-8,dde6322b29cc04043010390e82885a9ef1891ce6ab7f5f8f1737851e816feedc
/Users/mic/Downloads/20250930/sz301130.csv,sz301130.csv,sz,301130,2022-02-23,2025-09-30,878,84959,True,utf-8,441607d9b6feb359e3036bbd64b3f28c6e5fcd004a7a4a1ade4f37dd7edf797c
/Users/mic/Downloads/20250930/sz301118.csv,sz301118.csv,sz,301118,2021-11-18,2025-09-30,941,92181,True,utf-8,da41a76ba1ebbe9b5bfd02ecf8ed62c06a9fa937a4167ae984fb2f831a16fcfa
/Users/mic/Downloads/20250930/sz300206.csv,sz300206.csv,sz,300206,2011-04-21,2025-09-30,3509,333891,True,utf-8,d11c7aa60debaf8a0a334ed15438cc664bcab3ceb55bcdc9eba836f462c528d6
/Users/mic/Downloads/20250930/sz300560.csv,sz300560.csv,sz,300560,2016-11-01,2025-09-30,2170,212735,True,utf-8,6383a554664302f4d735d7d4f3a5cc56cd3baad72f8ce795bf66077c20f60052
/Users/mic/Downloads/20250930/sh601956.csv,sh601956.csv,sh,601956,2020-12-25,2025-09-30,1157,109561,True,utf-8,7c564aaeac3041752311fc3f88a52ce6e8e242c709fe34fe77d83c69d38e7641
/Users/mic/Downloads/20250930/sh600490.csv,sh600490.csv,sh,600490,2003-06-26,2025-09-30,4857,458970,True,utf-8,8696ad38c165a69f8f9ef86e3713bdd3cdf6e7f9025f3ba12d8de7ea17dd4a99
/Users/mic/Downloads/20250930/sh603199.csv,sh603199.csv,sh,603199,2015-03-26,2025-09-30,2561,250249,True,utf-8,43553622517d5f3883334caa2a074ff79aa0e586aad99f2237b15dcbd4103079
/Users/mic/Downloads/20250930/sz300212.csv,sz300212.csv,sz,300212,2011-05-05,2025-09-30,3319,327568,True,utf-8,2bed2fc1cf1381872cdd7702f814e5d60c659433acbe82691449f1a2b11a8690
/Users/mic/Downloads/20250930/sh603833.csv,sh603833.csv,sh,603833,2017-03-28,2025-09-30,2065,206853,True,utf-8,b41e24ad1f0bca44b45f1bfe1707fe4995dfc583252f3667e80fb50afa48e9cf
/Users/mic/Downloads/20250930/sh688800.csv,sh688800.csv,sh,688800,2021-07-22,2025-09-30,1019,101814,True,utf-8,df9a981f94e7b8259380b07846ed4dd686949363d4beb6171d6b18f69b1b7598
/Users/mic/Downloads/20250930/sh688357.csv,sh688357.csv,sh,688357,2019-12-04,2025-09-30,1415,139796,True,utf-8,810742393bfbc9495115959d3113af274362721de710381d4fc604d2a17b77d4
/Users/mic/Downloads/20250930/sz002654.csv,sz002654.csv,sz,002654,2012-02-17,2025-09-30,2990,287845,True,utf-8,f41dc58ed97ff8422c22d51ca26f36a31949580f753e984392ff8e4cd92d29bc
/Users/mic/Downloads/20250930/sz300945.csv,sz300945.csv,sz,300945,2021-02-10,2025-09-30,1125,110764,True,utf-8,62f0854b92333919b59c00aefe96ded25d49a4cb50b896e6875aae04a0ea9e1b
/Users/mic/Downloads/20250930/sz002132.csv,sz002132.csv,sz,002132,2007-04-27,2025-09-30,4357,415387,True,utf-8,75972018a285065f1a55cbc51f3808ab03e7347b958b0c72cdc78948387de0a0
/Users/mic/Downloads/20250930/sz000725.csv,sz000725.csv,sz,000725,2001-01-12,2025-09-30,5868,576160,True,utf-8,bf146e9ee137b1cb565de895b1801db103b29c3e626896ba05ca11f9abd41a94
/Users/mic/Downloads/20250930/sh688425.csv,sh688425.csv,sh,688425,2021-06-22,2025-09-30,1041,100729,True,utf-8,370e94b213e9444d68860f310536a15bc18b176a9f8f9cfbde7b06ce791e4a76
/Users/mic/Downloads/20250930/sh603416.csv,sh603416.csv,sh,603416,2016-12-21,2025-09-30,2134,208193,True,utf-8,31ee71922188baf57ba851f48037abb2a091c3b6354cb6c9f3bae5cc6e54e424
/Users/mic/Downloads/20250930/sz000731.csv,sz000731.csv,sz,000731,1997-06-17,2025-09-30,6755,645215,True,utf-8,fc147ba0f87b08679c5537d66dde19b8011540c755d072d1832e16497fc63125
/Users/mic/Downloads/20250930/bj830974.csv,bj830974.csv,bj,830974,2023-03-08,2025-09-30,626,59977,True,utf-8,e3573f064e14266dc823cec73c51b26b08edfb044c1461bc06278ebb43b703c8
/Users/mic/Downloads/20250930/sz002126.csv,sz002126.csv,sz,002126,2007-04-18,2025-09-30,4393,420517,True,utf-8,770648b345b24c78e4481c3b5ddfc550733d355685b4eca7090cd7d030ab125f
/Users/mic/Downloads/20250930/sz002640.csv,sz002640.csv,sz,002640,2011-12-08,2025-09-30,3181,309659,True,utf-8,b4768cd16da8c35131ca9da2348be18fbe097fc33b6876e80dfe2430b9249939
/Users/mic/Downloads/20250930/sh601567.csv,sh601567.csv,sh,601567,2011-06-15,2025-09-30,3422,338925,True,utf-8,9ff8bc1445d7a6b67ae823528b791effda571880cdb170cdaf6ee1e74d970cb1
/Users/mic/Downloads/20250930/sz300789.csv,sz300789.csv,sz,300789,2019-08-28,2025-09-30,1479,143379,True,utf-8,d91d7c586df229fa1071916bed9fc2a02cac49b6220c6e3616054ca993c4ebbf
/Users/mic/Downloads/20250930/sh600679.csv,sh600679.csv,sh,600679,1993-10-08,2025-09-30,7629,717002,True,utf-8,fcf143eaf326aad2bca921a6bdbb67a6a864803a49a3d0bd46f6ce2d3a9c4f19
/Users/mic/Downloads/20250930/sz002898.csv,sz002898.csv,sz,002898,2017-09-12,2025-09-30,1955,187485,True,utf-8,a8f54746c4e2f66da1fb8b1fbe3a13d29cd2a4964452e19aad13858aa5818f19
/Users/mic/Downloads/20250930/sz300951.csv,sz300951.csv,sz,300951,2021-02-26,2025-09-30,1118,106376,True,utf-8,b94cdc7c7f789ef7587a48a70296dc951e2846a0252bc882e283ea9c31ee3c77
/Users/mic/Downloads/20250930/sh603370.csv,sh603370.csv,sh,603370,2025-09-05,2025-09-30,18,1814,True,utf-8,5a70ac5982ddd5ec210c4c33340e832a87eed1ffeffd11f687790edc1616328e
/Users/mic/Downloads/20250930/sh688343.csv,sh688343.csv,sh,688343,2023-04-04,2025-09-30,607,59638,True,utf-8,ce67207675502d704fc81d331877cc876d2560efd09b7a207e03dc9f2f32451a
/Users/mic/Downloads/20250930/sz002668.csv,sz002668.csv,sz,002668,2012-04-16,2025-09-30,3048,293904,True,utf-8,c687d03301a1d144ede4505d999f3b3fe967504e1d336417c808a705b25bb203
/Users/mic/Downloads/20250930/sh600889.csv,sh600889.csv,sh,600889,1996-03-08,2025-09-30,7059,658673,True,utf-8,64d5ac543811527fde0866802924d7f3adaf8c95cef8d5d90b73f72af84a5f17
/Users/mic/Downloads/20250930/sh600651.csv,sh600651.csv,sh,600651,1990-12-21,2025-09-30,8305,779751,True,utf-8,a5cc0179928137089c89c3f751b1ad34c78eb9d441a721e6b828481b2636068c
/Users/mic/Downloads/20250930/sz300979.csv,sz300979.csv,sz,300979,2021-04-26,2025-09-30,1078,107437,True,utf-8,bdc939094233a43a0f47f4d94f1f194c6dddfc736cd977f5c9ee230a47841d5e
/Users/mic/Downloads/20250930/sh603358.csv,sh603358.csv,sh,603358,2017-01-25,2025-09-30,2105,203368,True,utf-8,75cd079032872124b2fa13a43cc62b1dabb5f5731fa274c46a93b1a4cba29efb
/Users/mic/Downloads/20250930/sz000719.csv,sz000719.csv,sz,000719,1997-03-31,2025-09-30,5684,532218,True,utf-8,07d8163e2b2a80414db491b4bef14d3876bd12bd7485a777d79c88385ba8e63f
/Users/mic/Downloads/20250930/sh600137.csv,sh600137.csv,sh,600137,1998-04-16,2025-09-30,6470,614773,True,utf-8,9b23256877b99453b9f62cd138775cfbc096100290db7a18429cc1f63630e4ca
/Users/mic/Downloads/20250930/sh601229.csv,sh601229.csv,sh,601229,2016-11-16,2025-09-30,2159,214220,True,utf-8,7fed2188d687d14e8e96f20a5ccb0e476398964369bedbceccb93b005bbd0bb5
/Users/mic/Downloads/20250930/sh600123.csv,sh600123.csv,sh,600123,1998-12-17,2025-09-30,6435,616363,True,utf-8,7f3d6108802a37ee69605c54291e1cb7b792a28cc25bab485df45d87a0253d59
/Users/mic/Downloads/20250930/sh688419.csv,sh688419.csv,sh,688419,2022-11-07,2025-09-30,707,69606,True,utf-8,f50613e160743d36ed8527281f694c908104ad3d4031737db3e907feab0953cd
/Users/mic/Downloads/20250930/sh600645.csv,sh600645.csv,sh,600645,1993-05-04,2025-09-30,7400,700465,True,utf-8,f2cd37168e44850df5fe4f25797e057b16a4ff54578653a43ed213c38fb60a78
/Users/mic/Downloads/20250930/sz300986.csv,sz300986.csv,sz,300986,2021-04-30,2025-09-30,1074,105363,True,utf-8,23c90addef5acb984edf879fe50464d586730ba08ba8ffb22d6d085c02beb2a7
/Users/mic/Downloads/20250930/sh600876.csv,sh600876.csv,sh,600876,1995-10-31,2025-09-30,6902,623651,True,utf-8,7984764c7cb904df844ce7520d8fb90fc1d92178c47878e208dd712706e3128d
/Users/mic/Downloads/20250930/sz002697.csv,sz002697.csv,sz,002697,2012-09-05,2025-09-30,3100,295718,True,utf-8,7e291d41f5c080c100a778cf490636b43ba6ca5f101d9d2bacdb30caae2a2402
/Users/mic/Downloads/20250930/sz301326.csv,sz301326.csv,sz,301326,2022-09-21,2025-09-30,735,71322,True,utf-8,21ed9af9cdc08a39ca1f668b72ee52daec3305347a05f78df64d5980cb1f1ffa
/Users/mic/Downloads/20250930/sz301332.csv,sz301332.csv,sz,301332,2023-05-18,2025-09-30,579,57024,True,utf-8,8babe1760a4b6a856ce352d59f38d1bc3c1c1471fc0a5df2e033623b73050e0e
/Users/mic/Downloads/20250930/bj833266.csv,bj833266.csv,bj,833266,2015-09-30,2025-09-30,1957,183012,True,utf-8,50f301e18dd1dbb91a5ba160a8c53cfed59c4a3e5ed17e11b8d0580d9969c295
/Users/mic/Downloads/20250930/sh688380.csv,sh688380.csv,sh,688380,2022-08-05,2025-09-30,767,75366,True,utf-8,f733a3063bdb24d74a60ccc9cc3553c083f3afe86c6174728bca167f90e8a109
/Users/mic/Downloads/20250930/sz300992.csv,sz300992.csv,sz,300992,2021-05-25,2025-09-30,1060,102633,True,utf-8,052495b2c95a7960b70e2c32c2ce14a2813e2652f05a34c37f3ad150d229cd7d
/Users/mic/Downloads/20250930/sh600862.csv,sh600862.csv,sh,600862,1994-05-20,2025-09-30,7051,673765,True,utf-8,42edf9b6e08ed3971e56e5bca547e77af8a41018ad2d1e72a6232b4ca0ae0252
/Users/mic/Downloads/20250930/sz002683.csv,sz002683.csv,sz,002683,2012-06-12,2025-09-30,3057,298179,True,utf-8,b2be0ee91b590736b8d169a81b14eb55f561521926ce216c32573140e9cdc6c0
/Users/mic/Downloads/20250930/sz002873.csv,sz002873.csv,sz,002873,2017-05-19,2025-09-30,2026,194293,True,utf-8,547198b5ba95cd298581ebefb684bea906b0c35632af190c0ff2cbd3c24bfcd5
/Users/mic/Downloads/20250930/sh600692.csv,sh600692.csv,sh,600692,1993-11-19,2025-09-30,7670,716040,True,utf-8,9c0198ab4f67dc75d075e7090892fd0763c51dc8a59d9b662860a2cf049a6ab6
/Users/mic/Downloads/20250930/sz300762.csv,sz300762.csv,sz,300762,2019-03-14,2025-09-30,1593,158141,True,utf-8,0a8047a360e7f412d37974c2985da8fb0eff88ef32801b74918016815157cf35
/Users/mic/Downloads/20250930/sz300004.csv,sz300004.csv,sz,300004,2009-10-30,2025-09-30,3697,355202,True,utf-8,4075eacaf2bb70ac0d8d9498051489ca0a7d76d830dc448c027f5fade5f50192
/Users/mic/Downloads/20250930/sz000902.csv,sz000902.csv,sz,000902,1999-04-08,2025-09-30,6193,588690,True,utf-8,5c6554555a5078cbab531123b1f25d6e805d1e65b9fb45035feef0714b488861
/Users/mic/Downloads/20250930/sh605098.csv,sh605098.csv,sh,605098,2021-04-21,2025-09-30,1081,105176,True,utf-8,c72123da92460fa47013d556eccb06fbf9013fd8ca1d32b336cf3bc2717c9773
/Users/mic/Downloads/20250930/sz300010.csv,sz300010.csv,sz,300010,2009-10-30,2025-09-30,3527,341927,True,utf-8,927baa9bf717cb709bf1383fd853892e7e08e2371d68caceb7106f89627030ee
/Users/mic/Downloads/20250930/sz002867.csv,sz002867.csv,sz,002867,2017-04-27,2025-09-30,2051,203746,True,utf-8,7be40f61cdff3036a191c5fd2726dfd3d4576b659b9540187ccfbbecc4139b75
/Users/mic/Downloads/20250930/sz301468.csv,sz301468.csv,sz,301468,2023-07-24,2025-09-30,534,51593,True,utf-8,66f7d68ae861ccc010f6f7a8bff9f46652be89aebfb28187622a925431084594
/Users/mic/Downloads/20250930/sh600686.csv,sh600686.csv,sh,600686,1993-11-08,2025-09-30,7594,710541,True,utf-8,8419a014169bc643e53d6903d8e5e89a8c58f63f611e1e95eb837609364d6c59
/Users/mic/Downloads/20250930/sz300776.csv,sz300776.csv,sz,300776,2019-05-17,2025-09-30,1551,154300,True,utf-8,878349241ce67ab411d56d29f9994494e0072c53944e66d5defd431d1ece09d9
/Users/mic/Downloads/20250930/sh601598.csv,sh601598.csv,sh,601598,2019-01-18,2025-09-30,1627,158083,True,utf-8,994d606c94fa700c9295e8d6018089a726c3daf72cb6a2a1671303419768a855
/Users/mic/Downloads/20250930/sz001229.csv,sz001229.csv,sz,001229,2022-08-08,2025-09-30,766,72154,True,utf-8,f093aeaeed01bb31b62818296829e46dddbeeb850b549d0f53afebe8249a892a
/Users/mic/Downloads/20250930/sh688223.csv,sh688223.csv,sh,688223,2022-01-26,2025-09-30,893,88909,True,utf-8,291a1831f5bfc9a722184f39c533c01faa022de6a20ebfcdde76d73faf6dcca1
/Users/mic/Downloads/20250930/sh603210.csv,sh603210.csv,sh,603210,2025-04-09,2025-09-30,121,11823,True,utf-8,66c274bcdcea1ab59d1c2b878f89efc970f2cff3eeabe851f2b687150a2e027c
/Users/mic/Downloads/20250930/sz300831.csv,sz300831.csv,sz,300831,2020-05-07,2025-09-30,1315,127339,True,utf-8,240497ae2b1461bb5313b5f526654113c48587c233b54c3b0aac7a694e8a9f0b
/Users/mic/Downloads/20250930/sh600719.csv,sh600719.csv,sh,600719,1996-07-16,2025-09-30,6815,634077,True,utf-8,e7c696b6430fb11d6e9f5bf4bcd329808bb6c64f2b561add505d5c8f64bf58ea
/Users/mic/Downloads/20250930/sz002046.csv,sz002046.csv,sz,002046,2005-05-26,2025-09-30,4798,456430,True,utf-8,07cfc179afe9660bf4aef78648bed2b642d2b7caa50e958d83c7c5d89bfe884b
/Users/mic/Downloads/20250930/sz301291.csv,sz301291.csv,sz,301291,2023-06-30,2025-09-30,550,54093,True,utf-8,4fd21a0a67727fe84ad952f9a7893bd8773bf32de8c7b8a6fe43f780d30f51c0
/Users/mic/Downloads/20250930/sz000651.csv,sz000651.csv,sz,000651,1996-11-18,2025-09-30,6780,673191,True,utf-8,1766d421288139ac8bc02cb07d9980ea53ffbebf5a920fb322c5781de0ae59bc
/Users/mic/Downloads/20250930/sz000889.csv,sz000889.csv,sz,000889,1997-12-18,2025-09-30,6243,590881,True,utf-8,aade48c48934b0b16c1c74ffd538ff1a4c39798655849bd2f0007dd643ee1e7d
/Users/mic/Downloads/20250930/sh688545.csv,sh688545.csv,sh,688545,2025-01-22,2025-09-30,169,16482,True,utf-8,cde858dcceacc38452eb582744518003fb052f0ae0d55e825b6bc60022ca60ce
/Users/mic/Downloads/20250930/sh688551.csv,sh688551.csv,sh,688551,2020-09-10,2025-09-30,1227,120111,True,utf-8,3dd8995e43bdef283a50b59b58d734f855950bb53cc778d7c665936f81e36d32
/Users/mic/Downloads/20250930/sz002052.csv,sz002052.csv,sz,002052,2006-06-27,2025-09-30,4363,415439,True,utf-8,22e72f904ad83489e3bf03b70d58f5ae97eb83c7c13cd9aee0e2889e6715cc43
/Users/mic/Downloads/20250930/sh601375.csv,sh601375.csv,sh,601375,2017-01-03,2025-09-30,2126,213221,True,utf-8,84d6d8e609467cd2344a8a4201fd9f2597272183a7d09ce8dd1b19c96061c72a
/Users/mic/Downloads/20250930/sz301285.csv,sz301285.csv,sz,301285,2022-09-28,2025-09-30,730,71005,True,utf-8,724ee38462dc7d59bf68f9337d244b727b18de13d12715e0d71e06c4ed8a25fe
/Users/mic/Downloads/20250930/sz300825.csv,sz300825.csv,sz,300825,2020-03-27,2025-09-30,1340,133961,True,utf-8,7e971587f545c909a9edd027a5461e19aad56663d24b3c4d9563f34c0dca2d84
/Users/mic/Downloads/20250930/sz002734.csv,sz002734.csv,sz,002734,2015-01-27,2025-09-30,2588,248678,True,utf-8,25f5ba36909fb389dca73137411249d2224052740ebf5a189f2db3966e3b8548
/Users/mic/Downloads/20250930/sh688237.csv,sh688237.csv,sh,688237,2022-07-01,2025-09-30,792,77095,True,utf-8,63e60eee1ebf19aeffd840ac6b2510b31ac6112c6afb8bef954a1cbdb9d0c1de
/Users/mic/Downloads/20250930/bj837821.csv,bj837821.csv,bj,837821,2022-07-06,2025-09-30,789,73966,True,utf-8,12ab6a373e8d407a6756f1d7ddcf428f623de3943c9e97fbc2dcbe4beff9bc7b
/Users/mic/Downloads/20250930/sh600725.csv,sh600725.csv,sh,600725,1996-07-02,2025-09-30,6645,622706,True,utf-8,790803acf6d69151a0cebc1ff17c08e14d9f0d68e195f13d1df745bfb2966b70
/Users/mic/Downloads/20250930/sz001215.csv,sz001215.csv,sz,001215,2021-09-06,2025-09-30,987,97596,True,utf-8,40894dcb752ff2beacfa9e5e076e7a924c5ea2b58b8df3368eff43aaf5c16966
/Users/mic/Downloads/20250930/sh688579.csv,sh688579.csv,sh,688579,2020-07-17,2025-09-30,1266,122620,True,utf-8,99b1d5918e6e4f474ca9e3c392786821909bb0a7e451a5d147602dd3d4ae8fe7
/Users/mic/Downloads/20250930/sh600057.csv,sh600057.csv,sh,600057,1997-06-04,2025-09-30,6181,585173,True,utf-8,fe569cc20e9688d98841686a5c17c46030c4babd9e57fe3d5e1b9e490c0691b1
/Users/mic/Downloads/20250930/sz000679.csv,sz000679.csv,sz,000679,1997-01-24,2025-09-30,6735,637113,True,utf-8,07231814e8cc398dbb60fbd980d791dac2a99db0f861b73e2280f404b7e51857
/Users/mic/Downloads/20250930/sz001201.csv,sz001201.csv,sz,001201,2021-04-28,2025-09-30,1076,106768,True,utf-8,c9bfc2c6226c8850a276a10af6c55ec6ff178b3ff070380d4f05d150a62724e9
/Users/mic/Downloads/20250930/sh603238.csv,sh603238.csv,sh,603238,2017-02-22,2025-09-30,2025,192952,True,utf-8,094a2c842838b8197b3567ca6be4bf2deaca8ea692983e6c0ae87c886f036dfa
/Users/mic/Downloads/20250930/sz300819.csv,sz300819.csv,sz,300819,2020-03-12,2025-09-30,1351,131705,True,utf-8,5abacf2af01eb69b61f866b14be338843b974f8d4a343b4b1780cad3855032ae
/Users/mic/Downloads/20250930/sh600731.csv,sh600731.csv,sh,600731,1996-08-02,2025-09-30,6982,656681,True,utf-8,70c953c61f84496de710700ef8100a130f13b56b6da3d50b7340015e8caf1361
/Users/mic/Downloads/20250930/sz002708.csv,sz002708.csv,sz,002708,2014-01-21,2025-09-30,2758,269684,True,utf-8,9449beed51156246f7b319bce151c7ba43d3cff489acd94e98a3b9da3c652da0
/Users/mic/Downloads/20250930/sh688586.csv,sh688586.csv,sh,688586,2020-07-31,2025-09-30,1256,125768,True,utf-8,a538cd0fbcb0c8d0b5995976e1764cab0b03d9058a3c359a99fd8411f604fd77
/Users/mic/Downloads/20250930/sz000692.csv,sz000692.csv,sz,000692,1997-02-27,2025-09-30,6786,650729,True,utf-8,b133dc5563c2a42fc4b29f64bce14b7e1f9a016171c370ed6551705ab5a6abca
/Users/mic/Downloads/20250930/sz301252.csv,sz301252.csv,sz,301252,2023-05-25,2025-09-30,574,53354,True,utf-8,4da800a2f407ef7f07cc9dff7022856e6ccde6a44b9f8a9b6bb5653996231a8d
/Users/mic/Downloads/20250930/sz002085.csv,sz002085.csv,sz,002085,2006-11-28,2025-09-30,4413,427423,True,utf-8,643b836fcc991cbfb1010bbdbb1cbc434a6a900822de19092b2e018d6b475712
/Users/mic/Downloads/20250930/sz301246.csv,sz301246.csv,sz,301246,2023-03-20,2025-09-30,618,60467,True,utf-8,7964b135ae0580d9f544eb20827cc7a886bbe8b41e68ccc554966281093ff4d7
/Users/mic/Downloads/20250930/sz002091.csv,sz002091.csv,sz,002091,2006-12-08,2025-09-30,4419,427107,True,utf-8,61f6f59ea350f247a64d4324e6e77cc5d890d2c880c3f7f55ed0dd9a7c002a85
/Users/mic/Downloads/20250930/bj837174.csv,bj837174.csv,bj,837174,2023-08-18,2025-09-30,515,48731,True,utf-8,bd872e04bfc15939554619a282be8a433f2c9377a81a0aec130fae2be46536d5
/Users/mic/Downloads/20250930/sz300158.csv,sz300158.csv,sz,300158,2011-01-07,2025-09-30,3439,329637,True,utf-8,b444df0a4faeea5b16e85bf198ba7f27816a16de36d0f9d4a8f549ed21bfb5ae
/Users/mic/Downloads/20250930/sh688592.csv,sh688592.csv,sh,688592,2023-08-16,2025-09-30,517,50828,True,utf-8,83cf8428d0243995efe2cd6bff0a508573c39caba04465f48df14d090b39aa28
/Users/mic/Downloads/20250930/sz000686.csv,sz000686.csv,sz,000686,1997-02-27,2025-09-30,6681,639726,True,utf-8,573a75e864611aff7b0eefdaf75875cdd0b71e2e4bac7d6cb97414b586869cd4
/Users/mic/Downloads/20250930/sh600916.csv,sh600916.csv,sh,600916,2021-02-05,2025-09-30,1128,110484,True,utf-8,db87422123d804bbe54ce50d36e35a202d2d2be8c16d87f43c036174f03191fe
/Users/mic/Downloads/20250930/sz301520.csv,sz301520.csv,sz,301520,2023-09-25,2025-09-30,489,47142,True,utf-8,1adb1844ee7f99b641ce5c9606da2ae45f1a400072d37eb895646a9ce7ccd1fb
/Users/mic/Downloads/20250930/sz300616.csv,sz300616.csv,sz,300616,2017-03-07,2025-09-30,2086,205680,True,utf-8,c574929712edc5c595f642b205a2d96d0dfd8200c67b52f4b8ce40f84a5390d3
/Users/mic/Downloads/20250930/sz002907.csv,sz002907.csv,sz,002907,2017-10-20,2025-09-30,1929,189136,True,utf-8,4603ae3e8c1823704e963d5a4a69a87b2cd1937894cf1798bdae66ec61b81f2a
/Users/mic/Downloads/20250930/sz301508.csv,sz301508.csv,sz,301508,2023-12-01,2025-09-30,446,43463,True,utf-8,4d13d71601092a701fc984da626f1ff10d986346b8567def8f5ab21df9bece93
/Users/mic/Downloads/20250930/sh600080.csv,sh600080.csv,sh,600080,1997-06-12,2025-09-30,6762,634906,True,utf-8,5eedde2794f6bd587dda58701dc5023aee948dbf5e8239b38721b6398d74168c
/Users/mic/Downloads/20250930/sz300170.csv,sz300170.csv,sz,300170,2011-02-01,2025-09-30,3493,342504,True,utf-8,07ea44027de1d00e7d728c05eb1fc665427a4db5327827d35d9a7664db909fda
/Users/mic/Downloads/20250930/sz000876.csv,sz000876.csv,sz,000876,1998-03-11,2025-09-30,6440,621658,True,utf-8,2d5a9a55e93360fb4c207e587bd40f4f69f55c08bfc889cf5800a4fc9729c955
/Users/mic/Downloads/20250930/sh603589.csv,sh603589.csv,sh,603589,2015-06-29,2025-09-30,2497,243995,True,utf-8,e7b0e9e027d22ecf982f31d7c83bcb91386bbf6368ce276d9b6d77d91ece6809
/Users/mic/Downloads/20250930/sz000862.csv,sz000862.csv,sz,000862,1998-09-15,2025-09-30,6091,576066,True,utf-8,d44cdbc7376aef5a5f7b3bac0b036e8c0cac34a5dc902df824706cf7f4a8bb00
/Users/mic/Downloads/20250930/sh600094.csv,sh600094.csv,sh,600094,1997-07-03,2025-09-30,5882,559402,True,utf-8,5290d3ca3f6544b126e490ef1aa14d73bd1b5dddaefe414305ea94764081414d
/Users/mic/Downloads/20250930/sz300164.csv,sz300164.csv,sz,300164,2011-01-13,2025-09-30,3269,313109,True,utf-8,b12e24425332f4de9cd33517e29fbee6679b704e07d9e8950c05df68c031e0f7
/Users/mic/Downloads/20250930/sz300602.csv,sz300602.csv,sz,300602,2017-01-26,2025-09-30,2109,206543,True,utf-8,45062bbe49963ffe96bef9a924b94cb678f81c037c4df06956ca68b570ce3481
/Users/mic/Downloads/20250930/sz002913.csv,sz002913.csv,sz,002913,2017-12-01,2025-09-30,1903,187652,True,utf-8,28ff83eeee30e55e911369370ba5c45b2995dddb2b9e927d8e5fbe92ae609662
/Users/mic/Downloads/20250930/sh605305.csv,sh605305.csv,sh,605305,2021-05-06,2025-09-30,1073,105105,True,utf-8,6a5b54aeccff40dec00b053e0c7e09ad090898f780755890074b39090aba8b4e
/Users/mic/Downloads/20250930/sz301093.csv,sz301093.csv,sz,301093,2021-11-01,2025-09-30,954,92594,True,utf-8,00daf920c54bc4934729ad443b0534db7ea235f53840d610ac378f52ea2c42b9
/Users/mic/Downloads/20250930/sh601163.csv,sh601163.csv,sh,601163,2016-09-09,2025-09-30,2200,202379,True,utf-8,e74762e0c9ddf376d0fd81108bef13f7c394d8526a26d248b2ad7fd7e381fd49
/Users/mic/Downloads/20250930/sz002244.csv,sz002244.csv,sz,002244,2008-05-29,2025-09-30,4196,408681,True,utf-8,461a56436ee32274d4d59958ddf965686015c6e89300bd1fcb9aabefbff70953
/Users/mic/Downloads/20250930/sz002522.csv,sz002522.csv,sz,002522,2010-12-10,2025-09-30,3564,343140,True,utf-8,3cf21641cf76d817b647dce1743ced2f9e251225dede3f9a2a3c2dec14fe6a46
/Users/mic/Downloads/20250930/sh603012.csv,sh603012.csv,sh,603012,2015-03-20,2025-09-30,2560,243767,True,utf-8,d58f7a5f5293d8344cc75622d34caed5af3b42c7063d0d14e3c9ec2524b79d05
/Users/mic/Downloads/20250930/sh688021.csv,sh688021.csv,sh,688021,2019-11-06,2025-09-30,1435,138598,True,utf-8,37453811047dd135cf262aedd700ab7b7bbc77a18b818ec099043466879cb984
/Users/mic/Downloads/20250930/sh603006.csv,sh603006.csv,sh,603006,2014-06-30,2025-09-30,2673,254120,True,utf-8,53728aee7153509816e7db647b7be3f10742b570fcf1b2de7bc27c7a8f1c3a35
/Users/mic/Downloads/20250930/sh688035.csv,sh688035.csv,sh,688035,2022-09-19,2025-09-30,737,73886,True,utf-8,5afda43bac62e0bf499373f2b87e547011e56eb6302aed3205df2b9b8d653957
/Users/mic/Downloads/20250930/bj430047.csv,bj430047.csv,bj,430047,2010-12-31,2025-09-30,1809,172312,True,utf-8,56d067133908a3f9360caecb871ee02fab3cc1e8f993416809945a1438a5e663
/Users/mic/Downloads/20250930/sz002536.csv,sz002536.csv,sz,002536,2011-01-11,2025-09-30,3562,337004,True,utf-8,c7f7210806c79b1526656a5391718b0c61a6313ae9ac2d5d4d1b5abfde5fbc4f
/Users/mic/Downloads/20250930/sh601611.csv,sh601611.csv,sh,601611,2016-06-06,2025-09-30,2266,221830,True,utf-8,6722d94fa197b74978f6299f9bb8a1a512f40bd9690a2b1b8deee5f2c7213f42
/Users/mic/Downloads/20250930/sz301087.csv,sz301087.csv,sz,301087,2021-10-25,2025-09-30,959,94445,True,utf-8,c92d82533a9e138fcc860e841e72989d220bf76ecdc8fbc31830de1c49e0031a
/Users/mic/Downloads/20250930/sh600269.csv,sh600269.csv,sh,600269,2000-05-18,2025-09-30,6065,579376,True,utf-8,0bc9104405c31bb03678b3e9c4bdf597c60c275d2b36d38d4824c56f27ef9e66
/Users/mic/Downloads/20250930/sz300399.csv,sz300399.csv,sz,300399,2014-10-09,2025-09-30,2659,262520,True,utf-8,3a1819ef1620ca3f259782325f3be9336010cd9f230c4cc6ebab101b9559b35f
/Users/mic/Downloads/20250930/sh601177.csv,sh601177.csv,sh,601177,2010-10-11,2025-09-30,3635,347119,True,utf-8,0e723197e99dce8a3d90ed44068a5ae6e0ca16fa2e2e2aed9b962e3ce8df22ce
/Users/mic/Downloads/20250930/sz002250.csv,sz002250.csv,sz,002250,2008-06-19,2025-09-30,4172,411306,True,utf-8,b8ab3ea4447062d766f98d2260df64b42a23b055f239b8b5d46546948991d1d9
/Users/mic/Downloads/20250930/sh600241.csv,sh600241.csv,sh,600241,2000-11-28,2025-09-30,5756,533664,True,utf-8,322bc88e0509f3dd62670d625fcfd596e5cede5ec78400508d191353e66af39e
/Users/mic/Downloads/20250930/sz002278.csv,sz002278.csv,sz,002278,2009-08-11,2025-09-30,3703,360437,True,utf-8,3c22cc1ec16ffe99f8f944810e57e9b82c59a076987b6f4bc357c9cee2ed5f7a
/Users/mic/Downloads/20250930/sh605339.csv,sh605339.csv,sh,605339,2021-05-18,2025-09-30,1065,103796,True,utf-8,90cb0afce208fd3bdc30d649e72cf4b98e940c756ea06bb32eca9ec59456029b
/Users/mic/Downloads/20250930/sh603990.csv,sh603990.csv,sh,603990,2016-12-08,2025-09-30,2138,206201,True,utf-8,5a3e04fc75fe04bc5bffb2ce4a18454427287dee3679a65ee3f036236c2a867a
/Users/mic/Downloads/20250930/sh600527.csv,sh600527.csv,sh,600527,2003-11-27,2025-09-30,5261,498057,True,utf-8,559b5bc278643786f2179d123b472bea90181343d487cb0428be19e1f4fa7c1e
/Users/mic/Downloads/20250930/sh600533.csv,sh600533.csv,sh,600533,2002-03-28,2025-09-30,5535,517254,True,utf-8,95bf982f8594be29082fad201b06c2d5ad2adb3b65c219dfc75e9c45fd020286
/Users/mic/Downloads/20250930/sh688009.csv,sh688009.csv,sh,688009,2019-07-22,2025-09-30,1506,146527,True,utf-8,5797462acefeac509539a9fdbab95d26310d861f1323053d153fd94589d08555
/Users/mic/Downloads/20250930/sh600255.csv,sh600255.csv,sh,600255,2000-11-22,2025-09-30,5672,532731,True,utf-8,79dc299a1ec21379013d9693e981f4d8e3ff7c96bf9fe95124e7d211977e6bd7
/Users/mic/Downloads/20250930/sz002287.csv,sz002287.csv,sz,002287,2009-08-28,2025-09-30,3899,384797,True,utf-8,c85138e6de15450c9a73d0daf98a9d009a90f44d42d1d0666a69dd1242a5b466
/Users/mic/Downloads/20250930/sz301050.csv,sz301050.csv,sz,301050,2021-08-24,2025-09-30,996,98528,True,utf-8,57d6c4872b4588c7888fa3fd252e0349dccf4532e4dd01c6779e651a528ddd1f
/Users/mic/Downloads/20250930/bj430090.csv,bj430090.csv,bj,430090,2011-12-12,2025-09-30,1777,165784,True,utf-8,0028a679596a5b5fe925610d17013155efd781fbd7e9eae25e52805be6c9e4f9
/Users/mic/Downloads/20250930/sz300428.csv,sz300428.csv,sz,300428,2015-03-19,2025-09-30,2395,237453,True,utf-8,d91ec465c90c07242679b69a66dab3e8dc4049b6a8499f359ec3f07b5bbe03dc
/Users/mic/Downloads/20250930/bj835207.csv,bj835207.csv,bj,835207,2022-09-23,2025-09-30,733,68733,True,utf-8,0d298dd5eb737e8302ace5477f8f877bd1bc295fe50da981df4f529b89956467
/Users/mic/Downloads/20250930/sz002293.csv,sz002293.csv,sz,002293,2009-09-10,2025-09-30,3870,369642,True,utf-8,9ace267f2e5b93fe13ad5fb54e4b466390d30241fd23bb425b2f89d9339a662f
/Users/mic/Downloads/20250930/sh600282.csv,sh600282.csv,sh,600282,2000-09-19,2025-09-30,5937,575060,True,utf-8,b28511a2208560278e34aa9d64304e2cfde54b042c6ed72e3d167d1e0da7aa0a
/Users/mic/Downloads/20250930/sz300414.csv,sz300414.csv,sz,300414,2015-05-13,2025-09-30,2320,223638,True,utf-8,4e23233c655115dfe1e33105d93edf3e4cb0b0144dbce277de0a8cd823349732
/Users/mic/Downloads/20250930/sh605488.csv,sh605488.csv,sh,605488,2021-05-13,2025-09-30,1068,102481,True,utf-8,ede5acbca0dc646d51c0da9d1f55ee73795069ef46dccfcbf5bbe3c5bd855389
/Users/mic/Downloads/20250930/sz300400.csv,sz300400.csv,sz,300400,2014-10-10,2025-09-30,2673,262388,True,utf-8,c9a00733d4e0f1364bbbb6bcfdc74f8c1dfaa2cdb89a3440cb7cb4bfa9dc9eca
/Users/mic/Downloads/20250930/sh601188.csv,sh601188.csv,sh,601188,2010-03-19,2025-09-30,3767,360307,True,utf-8,aa7bb60d02cb63699e47c04d6ac9b1d5b25d7ff03b698cd8858c582baf6f97f1
/Users/mic/Downloads/20250930/sz300366.csv,sz300366.csv,sz,300366,2014-01-27,2025-09-30,2654,260369,True,utf-8,71d5ab4f8e4092dcb84701c4876f2b3c8100954f5764eb33d1172e243168e863
/Users/mic/Downloads/20250930/sz301078.csv,sz301078.csv,sz,301078,2021-10-14,2025-09-30,966,95782,True,utf-8,9aed32e55df2d6bf6a283b15896d482b7968af7ec4963cc33c936c4cdc7615ec
/Users/mic/Downloads/20250930/sz300401.csv,sz300401.csv,sz,300401,2014-10-09,2025-09-30,2657,262938,True,utf-8,2c1ca919a549fc565ffd6dabbd7483b9a57cb6a43784f038d9b9598115372a05
/Users/mic/Downloads/20250930/bj871478.csv,bj871478.csv,bj,871478,2023-05-12,2025-09-30,583,55679,True,utf-8,db8436372b3387ec7ba545b8068ef0ab6da687381867615748ec9ad86f5193a2
/Users/mic/Downloads/20250930/sz301079.csv,sz301079.csv,sz,301079,2021-10-19,2025-09-30,953,93451,True,utf-8,6de41a16ace151bad84d33c613ba773500d556a6a4b4d2448dd77bca1294cd67
/Users/mic/Downloads/20250930/sh600283.csv,sh600283.csv,sh,600283,2000-10-18,2025-09-30,5986,566079,True,utf-8,c1ff91fe27fe8ef03f5c3391fab207029a8feee7e6746ce3fe8ef713ed6c3072
/Users/mic/Downloads/20250930/sz300373.csv,sz300373.csv,sz,300373,2014-01-23,2025-09-30,2799,278611,True,utf-8,f75d6a1bf618f442070c6790a56183c1f6355937ab7a4b5cc3650cbc2a073b04
/Users/mic/Downloads/20250930/sz300415.csv,sz300415.csv,sz,300415,2015-01-23,2025-09-30,2591,252023,True,utf-8,c7d762beeaad7a1211f4ae03cb224a5ace7a0e4092745c2bb710ac863c4540fc
/Users/mic/Downloads/20250930/sz301045.csv,sz301045.csv,sz,301045,2021-08-13,2025-09-30,1003,97961,True,utf-8,3729a94fa8e1fbc7d6795cd97d6156c3c1782897b721f6f3f42c0abf96fe837c
/Users/mic/Downloads/20250930/sz002292.csv,sz002292.csv,sz,002292,2009-09-10,2025-09-30,3750,359084,True,utf-8,2e19bc94d358461f912893b677a6e1a25c31f314355f032e4a7f8014abdadcd2
/Users/mic/Downloads/20250930/sz301051.csv,sz301051.csv,sz,301051,2021-08-27,2025-09-30,993,94489,True,utf-8,ccaf62ca1284bab7fa8e498a3740f089ae80e25c279fffc9d8f435c22272c4c9
/Users/mic/Downloads/20250930/sz002286.csv,sz002286.csv,sz,002286,2009-08-28,2025-09-30,3749,358652,True,utf-8,9c02da3cce2d7f5a9e275b5f639823c8b64fb8b46edaddd0c304cd67bad4508b
/Users/mic/Downloads/20250930/sz300429.csv,sz300429.csv,sz,300429,2015-03-24,2025-09-30,2467,241592,True,utf-8,f3ca08f085c0a85e6590b552a5ed57ccc1bed4251416ceefca5db59eb4c338b3
/Users/mic/Downloads/20250930/sh688008.csv,sh688008.csv,sh,688008,2019-07-22,2025-09-30,1506,151286,True,utf-8,3a84425021e74a80b9fe313ccf826263d75da110c685ccb0c97c56117416cff4
/Users/mic/Downloads/20250930/sh603985.csv,sh603985.csv,sh,603985,2017-05-05,2025-09-30,2041,194761,True,utf-8,72565fe5b5d05aa5c32b692455cdf5e166e96617ee54c3189784f6fc5edfc5f8
/Users/mic/Downloads/20250930/sh603991.csv,sh603991.csv,sh,603991,2017-03-08,2025-09-30,2076,199710,True,utf-8,1b82f427bc2b6fe8fec90e8bce5c3e5e4612bd3159ab71687737d5b130b97834
/Users/mic/Downloads/20250930/sh605338.csv,sh605338.csv,sh,605338,2020-10-12,2025-09-30,1211,121571,True,utf-8,c160d95eefecc3a6d60f4a8dbc529e65c705401fda5c1ee722622fb265530798
/Users/mic/Downloads/20250930/sz002279.csv,sz002279.csv,sz,002279,2009-08-11,2025-09-30,3768,362018,True,utf-8,7cb3021345ab4d592b3d50d182ffc9b14c792b8847c13d10ae5fda6709ed3d60
/Users/mic/Downloads/20250930/sh600526.csv,sh600526.csv,sh,600526,2002-07-22,2025-09-30,5537,517083,True,utf-8,495ddcc2d6ceba747f8bc7e77bd807f6ee036b7d28ddaa68fe54c6b5f1ab0b52
/Users/mic/Downloads/20250930/sz002537.csv,sz002537.csv,sz,002537,2011-01-10,2025-09-30,3425,325024,True,utf-8,126bb39409bdee8a432090e722123e47ce83857164b90aa4f67db8a21009f977
/Users/mic/Downloads/20250930/sh603007.csv,sh603007.csv,sh,603007,2016-08-26,2025-09-30,2188,209603,True,utf-8,de4e77fdc4f4762a2e96ba3d1ef7c73c969b8af6ee8da72d50f6c6d6d5bddd49
/Users/mic/Downloads/20250930/sz002251.csv,sz002251.csv,sz,002251,2008-06-19,2025-09-30,4110,397557,True,utf-8,c3edba93debe30092f3fff2b1bb63d52c01cab7978fc533c7b9caedb56d6d3ca
/Users/mic/Downloads/20250930/sz300398.csv,sz300398.csv,sz,300398,2014-10-09,2025-09-30,2579,255547,True,utf-8,a365bf994bfe12c02e2ba1cbd388dee9549e6c4b4caa20604e22f2936eec59fa
/Users/mic/Downloads/20250930/sh600268.csv,sh600268.csv,sh,600268,1999-11-18,2025-09-30,6164,563203,True,utf-8,57373e1b060e83bcb6a6b8cd49a1aae49b5182514a5645c36bf697afa19160a2
/Users/mic/Downloads/20250930/sz301086.csv,sz301086.csv,sz,301086,2021-10-20,2025-09-30,962,91887,True,utf-8,ad1e65d4f0a3321e7ba3f0f4c29352e1e8f93afa7fa6022919d7f287e8b785fd
/Users/mic/Downloads/20250930/sz002245.csv,sz002245.csv,sz,002245,2008-06-05,2025-09-30,4160,401579,True,utf-8,e38b3c1fd04531ebbd2d01b5d9cbbddd01b18f6c66cf418d8a96ba2a0380a37b
/Users/mic/Downloads/20250930/sh601162.csv,sh601162.csv,sh,601162,2018-10-19,2025-09-30,1684,164559,True,utf-8,73ceb461dabd5b413d552343fe4d5d214899f53f545c11db4490d9288d801500
/Users/mic/Downloads/20250930/sz301092.csv,sz301092.csv,sz,301092,2021-11-02,2025-09-30,953,92314,True,utf-8,44b8246e2894aaf2a0ee0c1694c64656896ae0a04a8cbc2cb369ffa85d7fee86
/Users/mic/Downloads/20250930/sh688020.csv,sh688020.csv,sh,688020,2019-07-22,2025-09-30,1506,145860,True,utf-8,219890987ff4990ea60bb71fdfaa961b8f0cc099490be7ecbe1f0002f80b18f8
/Users/mic/Downloads/20250930/sh603013.csv,sh603013.csv,sh,603013,2018-05-09,2025-09-30,1800,176974,True,utf-8,aacb6f425306b101fbffa542055857e23d2e56aad2a2f480876125429811611c
/Users/mic/Downloads/20250930/sz002523.csv,sz002523.csv,sz,002523,2010-12-10,2025-09-30,3480,329475,True,utf-8,dacdb0ca1937d32de4bbbc5dda50553e279cc87c0f22b2a70ff85a1d209fc4d9
/Users/mic/Downloads/20250930/sz300165.csv,sz300165.csv,sz,300165,2011-01-25,2025-09-30,3361,319611,True,utf-8,6b6e7f47dc2e427b970ab2c006852fcf541fcb0c7ef2c2001497c89a5b7a3c89
/Users/mic/Downloads/20250930/sh600095.csv,sh600095.csv,sh,600095,1997-07-08,2025-09-30,6717,632272,True,utf-8,652ccd32b79de3ba81bad644e6bb706806bedbec8432f2c35e5eede94e8bafd5
/Users/mic/Downloads/20250930/sz000863.csv,sz000863.csv,sz,000863,1997-09-25,2025-09-30,5324,500141,True,utf-8,493c4eb2baff8ac487d0e103efa527fbe78b4860f210e604e8d665163137de89
/Users/mic/Downloads/20250930/sz002912.csv,sz002912.csv,sz,002912,2017-11-21,2025-09-30,1911,189010,True,utf-8,fda4dd2867c433ed3046b72ce605da5ea44582e70a095b6475e0bef619a5d161
/Users/mic/Downloads/20250930/sz300603.csv,sz300603.csv,sz,300603,2017-01-26,2025-09-30,1948,191908,True,utf-8,e2577308a967feba0a27d8270466b6daabf72a3fc4fba9da82a08cb84d613bbb
/Users/mic/Downloads/20250930/sz002906.csv,sz002906.csv,sz,002906,2017-10-13,2025-09-30,1938,192432,True,utf-8,270bac6f9d86774e1342a1f5f06ff13e3063a1e17d1a088fb31865ac06c9ca67
/Users/mic/Downloads/20250930/sz301509.csv,sz301509.csv,sz,301509,2023-08-03,2025-09-30,526,51131,True,utf-8,75366870eaef639c2849e6a945f51241447081333cca13b9c9f69b083fbfef52
/Users/mic/Downloads/20250930/sz300617.csv,sz300617.csv,sz,300617,2017-02-28,2025-09-30,2091,203525,True,utf-8,5581dfe56b21019523e4da1bddbc9a6a0f40425aa77595eb52e1cc10c2a238da
/Users/mic/Downloads/20250930/sh603588.csv,sh603588.csv,sh,603588,2014-12-29,2025-09-30,2514,243724,True,utf-8,bb3d901d7072e41a754083632f2dc5af3a1f1da9fb8fd039f41b4ce12e6ed089
/Users/mic/Downloads/20250930/sz000877.csv,sz000877.csv,sz,000877,1999-01-07,2025-09-30,6362,607287,True,utf-8,cdd454bea93ec79e7dd8bd5bc144e8dd69fa844564fb5def39439508a8c88eef
/Users/mic/Downloads/20250930/sz300171.csv,sz300171.csv,sz,300171,2011-02-01,2025-09-30,3555,343193,True,utf-8,d5341ac0652530de8143f722f6aed2a109cef693416caf625e92b2f62fa65da0
/Users/mic/Downloads/20250930/sh600081.csv,sh600081.csv,sh,600081,1997-07-03,2025-09-30,6763,640259,True,utf-8,a1d865ab1574d256b40bc58b338fb743858387d46f48b7039c0bc9c704fd13de
/Users/mic/Downloads/20250930/sh688593.csv,sh688593.csv,sh,688593,2023-06-01,2025-09-30,559,54348,True,utf-8,8de0cda7c47c48c5d6704491b10ad87f2b2071190f6dc7363ac67c421952ec4a
/Users/mic/Downloads/20250930/sz300159.csv,sz300159.csv,sz,300159,2011-01-07,2025-09-30,3421,331137,True,utf-8,238196cfa0b0443fa04a9694a38695151b6a2a82bfa677eb8627cc0c99374c0a
/Users/mic/Downloads/20250930/sz002090.csv,sz002090.csv,sz,002090,2006-12-08,2025-09-30,4422,425744,True,utf-8,6cc2df518d3fcffd675dc9a32813819c1fe3045e2d119b11f6cf40e05eaf5179
/Users/mic/Downloads/20250930/sh600917.csv,sh600917.csv,sh,600917,2014-09-30,2025-09-30,2671,257093,True,utf-8,cb163c81b957209e3203f32e0804b19e9a6b7e297874319ec47dddeec4048eaf
/Users/mic/Downloads/20250930/sz301535.csv,sz301535.csv,sz,301535,2025-03-27,2025-09-30,129,13533,True,utf-8,b7ae9d4e1b84ee40ff420063768b25cdca71e0f02ccac357d72220af8b4cdb14
/Users/mic/Downloads/20250930/sh600903.csv,sh600903.csv,sh,600903,2017-11-07,2025-09-30,1909,186953,True,utf-8,f17751cc2c76799e1c7b0a35b388697f1ff837a2bbc9f9ac764afcc12f98a658
/Users/mic/Downloads/20250930/sz002084.csv,sz002084.csv,sz,002084,2006-11-24,2025-09-30,4512,434475,True,utf-8,2d4f6841fac4e49f6a9421d5ccda4d50c438c1f07d2554c71456014560a05156
/Users/mic/Downloads/20250930/sz000678.csv,sz000678.csv,sz,000678,1997-01-06,2025-09-30,6580,623232,True,utf-8,473271f2216ae5010181adfc208ee92ab0f13e59092fc3a63d62a79bb1feedc8
/Users/mic/Downloads/20250930/sh600056.csv,sh600056.csv,sh,600056,1997-05-15,2025-09-30,6677,633141,True,utf-8,df0ce4319bc96973898209b7b2804878d1e2b376b24030171811b0d805d6b2d7
/Users/mic/Downloads/20250930/sz002709.csv,sz002709.csv,sz,002709,2014-01-23,2025-09-30,2817,278360,True,utf-8,a8db366523966f4cf3825759c9b7ffd2e59631204a1a70d6db1d7e1f4f4549cb
/Users/mic/Downloads/20250930/sh600730.csv,sh600730.csv,sh,600730,1996-07-26,2025-09-30,6878,646740,True,utf-8,d47511ec8b2e1aca910577ff2f78061c4afde65a956029d7ab69c9215f25348c
/Users/mic/Downloads/20250930/sz300818.csv,sz300818.csv,sz,300818,2020-02-12,2025-09-30,1372,132742,True,utf-8,de3c7de6f37e21a69bf6922dcb8ab8b063f136f2daa79a8bf8e3b32f65320908
/Users/mic/Downloads/20250930/sh603239.csv,sh603239.csv,sh,603239,2016-12-30,2025-09-30,2126,206914,True,utf-8,aed35fd10b9cec889046498c428a9213514d3bf08fc52184f04d997b8a87284c
/Users/mic/Downloads/20250930/sh600724.csv,sh600724.csv,sh,600724,1996-07-16,2025-09-30,6908,655565,True,utf-8,c073b1270b1858fb1801cd17da9526f0f5491bee92c16f52b858ed6a1c9825f6
/Users/mic/Downloads/20250930/sh688578.csv,sh688578.csv,sh,688578,2020-12-02,2025-09-30,1174,115586,True,utf-8,89fc5841bf482fceb9340519f0fe54ef8f371d111152aa7864ae82199115b7c7
/Users/mic/Downloads/20250930/sz002053.csv,sz002053.csv,sz,002053,2006-06-27,2025-09-30,4245,406462,True,utf-8,0883315a5a72df3aa41d94152814c8465350983e46f79ea7b7dd3cf0453dc015
/Users/mic/Downloads/20250930/sh688550.csv,sh688550.csv,sh,688550,2020-09-02,2025-09-30,1228,119993,True,utf-8,dee597e99a907580f2b6b73c2cd6060eed3770f186211c8c02bfc36a5d5e3a8e
/Users/mic/Downloads/20250930/sh603205.csv,sh603205.csv,sh,603205,2024-11-07,2025-09-30,222,22210,True,utf-8,3a36664ed863c03ef5a429aa1e5b86774875b6c9fddd9dd8c6f3530dfbb30925
/Users/mic/Downloads/20250930/sh688236.csv,sh688236.csv,sh,688236,2021-12-30,2025-09-30,911,88283,True,utf-8,4517a381eaf260c121232435eeb17445a64d3273a0d060abdc7a7de2f66e6b89
/Users/mic/Downloads/20250930/sz002735.csv,sz002735.csv,sz,002735,2014-12-03,2025-09-30,2410,232304,True,utf-8,65480f5a6b6b0c70234e6ce4cb05cf7df06f6a79817fea0a66099edba4f1b8b7
/Users/mic/Downloads/20250930/sz300824.csv,sz300824.csv,sz,300824,2020-06-19,2025-09-30,1284,123234,True,utf-8,9ed77f0eb2489d9387e5483e2051d0abe01051f72fa861875f1bf2f60c58d920
/Users/mic/Downloads/20250930/sz002721.csv,sz002721.csv,sz,002721,2014-01-27,2025-09-30,2438,237250,True,utf-8,c131e10b06a70ca729121b02e7307dd4ac8001634773a245df002884d8e23465
/Users/mic/Downloads/20250930/sh600718.csv,sh600718.csv,sh,600718,1996-06-18,2025-09-30,7019,682689,True,utf-8,bd34641be874b1b11405af50280f070dc06653fe8143ae435e1c0770f17129d2
/Users/mic/Downloads/20250930/sz300830.csv,sz300830.csv,sz,300830,2020-05-06,2025-09-30,1316,126169,True,utf-8,614938ff0d3e364c7215c90cf71352fa8d284cfb5bd2586f6b7c7ffd391480bb
/Users/mic/Downloads/20250930/sh603211.csv,sh603211.csv,sh,603211,2022-07-25,2025-09-30,776,75653,True,utf-8,7b7479df316bf162d3cb1e65f9dcff45849c96a941126486b1a7ace89f66538f
/Users/mic/Downloads/20250930/sh688222.csv,sh688222.csv,sh,688222,2020-04-16,2025-09-30,1327,130610,True,utf-8,d014a42aca15671a13bcb9c755fca168c85f44d73824961f2b34707b61309ad8
/Users/mic/Downloads/20250930/sz001228.csv,sz001228.csv,sz,001228,2022-04-29,2025-09-30,833,80776,True,utf-8,20dc542271780b74230c4aae4df0e8d271c0485c8cc0cf664a7f39dc75149739
/Users/mic/Downloads/20250930/sz000888.csv,sz000888.csv,sz,000888,1997-10-21,2025-09-30,6689,640160,True,utf-8,30647097c8d2b9546c648e1fb47df6ded213dbf466d153f2cd0d9a956c5c35f0
/Users/mic/Downloads/20250930/sh603577.csv,sh603577.csv,sh,603577,2016-12-22,2025-09-30,2133,204664,True,utf-8,363c97f3f22567d1d37cb3d6335faf020db1e9e436116635b1f0b2aa05fadb30
/Users/mic/Downloads/20250930/sz000650.csv,sz000650.csv,sz,000650,1996-12-10,2025-09-30,6622,627334,True,utf-8,9d490f7d5744849b19ff5807782f4e2a6ac81ae92fbafad7b595ecef0f170cbf
/Users/mic/Downloads/20250930/sz301290.csv,sz301290.csv,sz,301290,2022-11-30,2025-09-30,690,66861,True,utf-8,82c311278188c236ab6a8b78bc7f7c3ba18de10f53b84efd323029100fb92247
/Users/mic/Downloads/20250930/sh601360.csv,sh601360.csv,sh,601360,2012-01-16,2025-09-30,3204,315969,True,utf-8,8c4add40ff5b9c8e1f144dc9b30c250c4c623b6ce315300bb55f050e7f8c5cc5
/Users/mic/Downloads/20250930/sz002047.csv,sz002047.csv,sz,002047,2005-05-31,2025-09-30,4645,442669,True,utf-8,f06f3375372bee93971b62ac48f48ad30b484ef194df085d66b80804b4e85680
/Users/mic/Downloads/20250930/sz300011.csv,sz300011.csv,sz,300011,2009-10-30,2025-09-30,3685,355839,True,utf-8,76761433f85cbefd4219443d129097775c587191a6fae2db4ddfd02899f25107
/Users/mic/Downloads/20250930/sz000917.csv,sz000917.csv,sz,000917,1999-03-25,2025-09-30,6036,581674,True,utf-8,7d2f52e98fe9eefffb06d85584272c0f61284f8ae54afc2efdb1991ac1673551
/Users/mic/Downloads/20250930/sh605099.csv,sh605099.csv,sh,605099,2020-09-30,2025-09-30,1213,118347,True,utf-8,0d9018b4917f0216285f9e3a0c8d911cef7e6e6064135f3ea48b93483e1dc3b5
/Users/mic/Downloads/20250930/bj832145.csv,bj832145.csv,bj,832145,2021-11-15,2025-09-30,944,87319,True,utf-8,af8a4bbbd4da5f6dfb6ef5d4cc8f3733ec700b37ebf1fad83c6c30aa973e0c6c
/Users/mic/Downloads/20250930/sh601599.csv,sh601599.csv,sh,601599,2011-05-27,2025-09-30,3321,318306,True,utf-8,04dfd5826ceed11605dc775915090af5c5de770036646fbd36287945f282bbeb
/Users/mic/Downloads/20250930/sz300777.csv,sz300777.csv,sz,300777,2019-05-16,2025-09-30,1552,153659,True,utf-8,b2d9c3b769db06351f519dcff4f55d98e785c1139ed5cb9a3f0185ae12e3efe4
/Users/mic/Downloads/20250930/sz002866.csv,sz002866.csv,sz,002866,2017-04-26,2025-09-30,1976,194390,True,utf-8,2e9a21398570b496d872307242d95e40a3527c12728c3ede8744c975b766b9b7
/Users/mic/Downloads/20250930/sz301469.csv,sz301469.csv,sz,301469,2023-08-22,2025-09-30,513,50481,True,utf-8,16e5c8e42b7e699c184ca5fa20fda3d51ac4fd7c81487dab3958dc24c1fd3e3b
/Users/mic/Downloads/20250930/sz300763.csv,sz300763.csv,sz,300763,2019-03-19,2025-09-30,1590,156170,True,utf-8,deafcb5e3a022f368b01ffd1bc7a032daffaab131f8052e98221b97d5e93e21d
/Users/mic/Downloads/20250930/sh600693.csv,sh600693.csv,sh,600693,1993-11-22,2025-09-30,7649,722415,True,utf-8,edda9d2f42e8bfe8649c7c15a5dc67be858f41b5257b6bb5fe47c39253815b63
/Users/mic/Downloads/20250930/sz002872.csv,sz002872.csv,sz,002872,2017-05-19,2025-09-30,1974,186866,True,utf-8,c3f4a951e38bafa3fde3b80a36c4b495588a21c54d920bc562a31f48fc730531
/Users/mic/Downloads/20250930/sz000903.csv,sz000903.csv,sz,000903,1999-04-15,2025-09-30,6204,584475,True,utf-8,c0eac595d2f50e52448039feb223c748a2ac3f925457d7f61b38ad73d15c6f5a
/Users/mic/Downloads/20250930/sz300005.csv,sz300005.csv,sz,300005,2009-10-30,2025-09-30,3785,367080,True,utf-8,903f71d248e84e20de2c788ad5bb896ad64605d1f0bb0742867d4776954ac912
/Users/mic/Downloads/20250930/sz301333.csv,sz301333.csv,sz,301333,2022-08-02,2025-09-30,770,74718,True,utf-8,d8207ce81ea46f6e624dba448914932df65d4e3e2de86ec3abf2c0d8d7e4cd0b
/Users/mic/Downloads/20250930/sz002682.csv,sz002682.csv,sz,002682,2012-06-12,2025-09-30,3141,297097,True,utf-8,82aba97f875e91f737cfb3ee8a288577caab585e2affe0c94665208b4e1edc34
/Users/mic/Downloads/20250930/sh600863.csv,sh600863.csv,sh,600863,1994-05-20,2025-09-30,7501,708573,True,utf-8,4f27c2535819dc23a1113fc2a19d8e79cfd4210e7e46e69c3b9e41d861ea1e6b
/Users/mic/Downloads/20250930/sz300993.csv,sz300993.csv,sz,300993,2021-05-24,2025-09-30,1061,101627,True,utf-8,710c9f1894dd9016451c8e25e94fe0019df67d0ab99cbead15b22bfd8c7c6881
/Users/mic/Downloads/20250930/sh688381.csv,sh688381.csv,sh,688381,2022-08-23,2025-09-26,753,75679,True,utf-8,b3aaec4bfa15b53e84b466237e86b29931f002d1692a453d2c07acf3eb902fc0
/Users/mic/Downloads/20250930/sh688395.csv,sh688395.csv,sh,688395,2021-04-29,2025-09-30,1075,105006,True,utf-8,e8d818484fa516873f6abacb03e52b4743cab68385399a0b36091c772fe4f408
/Users/mic/Downloads/20250930/sz002696.csv,sz002696.csv,sz,002696,2012-09-05,2025-09-30,2970,286395,True,utf-8,a3f044212a1f76d84523a41f892c28b7ceb426ba4c92bf7ae8a71c40af213978
/Users/mic/Downloads/20250930/sh600877.csv,sh600877.csv,sh,600877,1995-10-13,2025-09-30,6884,654985,True,utf-8,1b04ff4ee999ae01232a89cdab1b456771b2c9f27f6d1327ad185d78686fd56d
/Users/mic/Downloads/20250930/sz300987.csv,sz300987.csv,sz,300987,2021-05-11,2025-09-30,1070,104593,True,utf-8,e19d81c8e4ad3208802eb4b3e0e7c790d7e300d8db83ec3d0e6c1a8c21ce331d
/Users/mic/Downloads/20250930/sz301327.csv,sz301327.csv,sz,301327,2022-09-19,2025-09-30,737,71738,True,utf-8,737704a4b788bd1cdee3cceb050407cebaf3f6e8eec2b05c37f0edd8bc1ee4f8
/Users/mic/Downloads/20250930/sz300039.csv,sz300039.csv,sz,300039,2010-01-08,2025-09-30,3813,365790,True,utf-8,c57bb3585cc32c86cadeafbb590b5036d5fc2a7f6524853d2130520bacbca616
/Users/mic/Downloads/20250930/sh688418.csv,sh688418.csv,sh,688418,2020-07-22,2025-09-30,1263,123370,True,utf-8,593f01ce2ba42bc47d9718625a47a4f11b4b15f6104fda88e9cc367a56a8112c
/Users/mic/Downloads/20250930/sh600644.csv,sh600644.csv,sh,600644,1993-04-26,2025-09-30,7775,732185,True,utf-8,b23583621a767c7667e1452bd41b1d8a026f737b06779b32d2be385c38283916
/Users/mic/Downloads/20250930/sz001360.csv,sz001360.csv,sz,001360,2023-04-10,2025-09-30,604,59425,True,utf-8,a0d44ea09d5a351fe587a8a327711d1557a1c392c4bd95c200b06fdb56b8d538
/Users/mic/Downloads/20250930/sh603359.csv,sh603359.csv,sh,603359,2017-09-01,2025-09-30,1953,190120,True,utf-8,b37f887f73c3c919a4f5f33d5f130619650cd73e78761a02625a2afd7de0e184
/Users/mic/Downloads/20250930/sz300978.csv,sz300978.csv,sz,300978,2021-04-26,2025-09-30,1078,105495,True,utf-8,8a141468a2d6d6e911b4583c283c75ffd135ac49a98303865d7480290d10ea2a
/Users/mic/Downloads/20250930/sh600650.csv,sh600650.csv,sh,600650,1993-06-07,2025-09-30,7784,728834,True,utf-8,0eaa3a99887c11f1fe5229b01e02c33bb84725df18103ef083c1dae9331c5a54
/Users/mic/Downloads/20250930/sh600888.csv,sh600888.csv,sh,600888,1996-02-15,2025-09-30,7043,665552,True,utf-8,624ed7c706c26c2cee4d48b08d9670b021af65fdc6dbbf722d9c05a3beed8aac
/Users/mic/Downloads/20250930/sz002669.csv,sz002669.csv,sz,002669,2012-04-16,2025-09-30,3062,298847,True,utf-8,c9180c9b334edbe855fa5ff234015715a66ab1ab7f8c78bf2eeed935620b757e
/Users/mic/Downloads/20250930/sh601228.csv,sh601228.csv,sh,601228,2017-03-29,2025-09-30,2070,200180,True,utf-8,1bd17c74541e2d735fed61160f91cecd0d8da40a69bb1bb1326719d0b39b1137
/Users/mic/Downloads/20250930/sh600136.csv,sh600136.csv,sh,600136,1998-03-03,2025-09-30,6040,563113,True,utf-8,36968911cad468ad44d582258d35e9357dfec9699dcfa2d11d125bed9cedbbdb
/Users/mic/Downloads/20250930/sz000718.csv,sz000718.csv,sz,000718,1997-04-08,2025-09-30,6504,623393,True,utf-8,64cbc677dd6cb144f35741aec3ce4ae3db4049322781615cb797b2c1e200869d
/Users/mic/Downloads/20250930/sz002127.csv,sz002127.csv,sz,002127,2007-04-18,2025-09-30,4140,398749,True,utf-8,301234483e0d8292d1cfa38664869dd12e246dfc8e18ae0e7755489972047837
/Users/mic/Downloads/20250930/sh601200.csv,sh601200.csv,sh,601200,2017-03-31,2025-09-30,2068,200629,True,utf-8,ccfcc4f70d5da2ef5b55139be355d597c8e10782939ab5341c760afc8b05ad19
/Users/mic/Downloads/20250930/sh605066.csv,sh605066.csv,sh,605066,2020-08-07,2025-09-30,1251,118524,True,utf-8,b8092210b4cfc975f4585f063dc8f56b93ccf28bc0bfa756ef7c2a863d5edb59
/Users/mic/Downloads/20250930/sz000056.csv,sz000056.csv,sz,000056,1996-07-08,2025-09-30,6791,636986,True,utf-8,65d79e70293a7f6571d8817bd806a1337f743a730fc147ec91094edf6333b475
/Users/mic/Downloads/20250930/sz300950.csv,sz300950.csv,sz,300950,2021-03-03,2025-09-30,1105,106601,True,utf-8,16fbb5d8f17003e0caac7431d82e1bb9d266be24b28a0ee0f64ea60ff08b8b8a
/Users/mic/Downloads/20250930/sz002899.csv,sz002899.csv,sz,002899,2017-09-15,2025-09-30,1951,187687,True,utf-8,332ef4b5eb6a767ad69005ea590ecf475bdc6193b62cc88add374985b7605349
/Users/mic/Downloads/20250930/sh600678.csv,sh600678.csv,sh,600678,1993-10-08,2025-09-30,7211,669687,True,utf-8,0d49a8cd35d6755817b56eedd6624520bcd08fdc1a6198f6ce97b1577c481fb1
/Users/mic/Downloads/20250930/sz300788.csv,sz300788.csv,sz,300788,2019-07-05,2025-09-30,1517,151949,True,utf-8,06fd0cc46dc3dff799477d50d7ca265d956f5a9b0de4cdd1cb654fb29fc764b8
/Users/mic/Downloads/20250930/sh601566.csv,sh601566.csv,sh,601566,2011-05-30,2025-09-30,3471,333338,True,utf-8,57c6a224721b85d895de5d8102c250805c4753a8fd82f1a51c843d121d2fdc4c
/Users/mic/Downloads/20250930/sz002641.csv,sz002641.csv,sz,002641,2011-12-08,2025-09-30,3355,315334,True,utf-8,2b3aa1577b1be8f98246aeb900648dff26f229f8b7d77d2f221cca99f79a4fbe
/Users/mic/Downloads/20250930/sz002655.csv,sz002655.csv,sz,002655,2012-02-17,2025-09-30,3095,301374,True,utf-8,a9eb3b8b41e62eb981f756afe144d6aa34d34c2fc368f6406d941876674fc5cf
/Users/mic/Downloads/20250930/sh688356.csv,sh688356.csv,sh,688356,2020-08-26,2025-09-30,1238,122605,True,utf-8,53967c1bcff24d68d1f190c6444e60efea609ed126475482db722e85235f1993
/Users/mic/Downloads/20250930/sh603365.csv,sh603365.csv,sh,603365,2017-11-20,2025-09-30,1912,186979,True,utf-8,72d04b49b007b3cda4ac5c7c7b84272f3b7d8cdff1da7a281eb37b383c326518
/Users/mic/Downloads/20250930/sz000042.csv,sz000042.csv,sz,000042,1994-09-21,2025-09-30,7236,689839,True,utf-8,6ec9ac670214a882b2bff04d9e597908f6b62844a35a6262885ee40d39c9c255
/Users/mic/Downloads/20250930/sz002133.csv,sz002133.csv,sz,002133,2007-04-27,2025-09-30,4451,423185,True,utf-8,cafc3d1b79a9977a47c6273c2abf04d73072d52dc64378dcf5bee218f80748d1
/Users/mic/Downloads/20250930/sz300575.csv,sz300575.csv,sz,300575,2016-12-20,2025-09-30,2135,202833,True,utf-8,75e13e83f22fdde758e41184bcd6a2c9dbdc38156910436de110adc76a14733d
/Users/mic/Downloads/20250930/sz300213.csv,sz300213.csv,sz,300213,2011-05-05,2025-09-30,3265,310565,True,utf-8,95ad87f75321ae16b12c7b017e61da04614352260f4b604611756e9f94caac07
/Users/mic/Downloads/20250930/sz300207.csv,sz300207.csv,sz,300207,2011-04-21,2025-09-30,3460,342225,True,utf-8,0fa1f6845f855f5d6cc3aca6d25dc3b2b8c6125369e97f11f3139afbf53986cb
/Users/mic/Downloads/20250930/sz301119.csv,sz301119.csv,sz,301119,2021-11-22,2025-09-30,939,88427,True,utf-8,a3bb95c4c5f2ddac3cde6f5b653c1d2384d01c03b58d143035d50354e9b17190
/Users/mic/Downloads/20250930/sh603826.csv,sh603826.csv,sh,603826,2017-04-14,2025-09-30,2060,201495,True,utf-8,8c5ac2e20b09636657442d57a47300a50277b6eb69972c7547081cf2d416be39
/Users/mic/Downloads/20250930/sh603198.csv,sh603198.csv,sh,603198,2015-05-28,2025-09-30,2518,233506,True,utf-8,41e60dfc747357334cf9d3bde085e8927afd6eb1a2b1cebada407a3fca08fb86
/Users/mic/Downloads/20250930/sh600491.csv,sh600491.csv,sh,600491,2004-05-24,2025-09-30,5129,489860,True,utf-8,d01008416c755a4768e8a00ac8c8d91e9969f33db00aa543e5f777b655e1f068
/Users/mic/Downloads/20250930/sz300561.csv,sz300561.csv,sz,300561,2016-11-17,2025-09-30,2091,204459,True,utf-8,9f23d3e0bef5e7670cc96cd0f7ca38709ade83a09bc6a755a5ebb05acbb89b37
/Users/mic/Downloads/20250930/sh688183.csv,sh688183.csv,sh,688183,2021-02-25,2025-09-30,1119,111621,True,utf-8,dd68097cb2a8a46fb169ac3be3335ab8ac9c43009c3545d1d2136ab9005631dd
/Users/mic/Downloads/20250930/sz002480.csv,sz002480.csv,sz,002480,2010-09-21,2025-09-30,3602,344919,True,utf-8,ec997ba276f7f0e3044e57b92e4abeb847479bb5513120ab00629d79c8385677
/Users/mic/Downloads/20250930/sz300549.csv,sz300549.csv,sz,300549,2016-09-30,2025-09-30,2187,214453,True,utf-8,e323c69f519d50d5b98f2d0e28b43356403d5a048ec1319bd2e8b322bd5dc3a9
/Users/mic/Downloads/20250930/sz301131.csv,sz301131.csv,sz,301131,2022-03-14,2025-09-30,865,85503,True,utf-8,b3d5ec054d977b3128649db3f768b1600fd5c5a9eefd62d4f2cd5221e12bb574
/Users/mic/Downloads/20250930/bj920019.csv,bj920019.csv,bj,920019,2024-10-11,2025-09-30,241,23442,True,utf-8,6f8f91a6d57fcad1a14fa2d3a9081717f8de6bc6ed6dac70ce632f244de450b2
/Users/mic/Downloads/20250930/sz301125.csv,sz301125.csv,sz,301125,2022-06-08,2025-09-30,809,77867,True,utf-8,1199ed37f7f904258dbe8f9712d37aae067e8a809daaf6373018dffe92fe48ab
/Users/mic/Downloads/20250930/sz002494.csv,sz002494.csv,sz,002494,2010-11-02,2025-09-30,3586,340469,True,utf-8,4fafd2d25b80a661c1023ea774e3b9423c15392c7310e2337430ad07fde107f5
/Users/mic/Downloads/20250930/sh688197.csv,sh688197.csv,sh,688197,2022-03-23,2025-09-30,858,82836,True,utf-8,a4c2ca37f35b4878f3da947eec3ab8b3c3242d8217de72dec80ad392ec09f55b
/Users/mic/Downloads/20250930/sh600446.csv,sh600446.csv,sh,600446,2003-12-24,2025-09-30,5098,491742,True,utf-8,e2d8adf09ab2b3c9940ce2c7b8228a4f1d9f32d98439831acea8407eba40bf41
/Users/mic/Downloads/20250930/sz003007.csv,sz003007.csv,sz,003007,2020-09-23,2025-09-30,1218,116482,True,utf-8,84c51f8301d67f84c06f5fd571ed66b0f4d32f25a8250a3216d540e930ee83f6
/Users/mic/Downloads/20250930/sh600320.csv,sh600320.csv,sh,600320,2000-12-21,2025-09-30,5937,570119,True,utf-8,b3ed15b5592b32d62cef7223844be8f150f57c384c28663f6916627436aff212
/Users/mic/Downloads/20250930/bj831855.csv,bj831855.csv,bj,831855,2022-12-29,2025-09-30,669,62461,True,utf-8,5c1488a9aa7388362474c53d3b17de0ec292a2a599fd8053dbfdc3bdf4c25c24
/Users/mic/Downloads/20250930/sz002319.csv,sz002319.csv,sz,002319,2009-12-11,2025-09-30,3615,336209,True,utf-8,2e25d42aeee5fd4b1036f0a3a73861f55c585b003e129a70cf4d9b1292a397c9
/Users/mic/Downloads/20250930/sh605258.csv,sh605258.csv,sh,605258,2020-12-03,2025-09-30,1173,112991,True,utf-8,c81cded74b3acd7dd996def6f81f74716f2854d4c148bf1344159f5e2164189f
/Users/mic/Downloads/20250930/sh603629.csv,sh603629.csv,sh,603629,2018-12-24,2025-09-30,1644,155248,True,utf-8,8b06c07345aa5d0fdb94f9b008202564430016b02373853ed4745b1376040948
/Users/mic/Downloads/20250930/sz003013.csv,sz003013.csv,sz,003013,2020-10-22,2025-09-30,1193,117301,True,utf-8,db6775bb03701216288b38efcbdbaf37f93d9a0eebeefb9541ae8066dfee4b58
/Users/mic/Downloads/20250930/sh600452.csv,sh600452.csv,sh,600452,2004-03-03,2025-09-30,5128,470483,True,utf-8,d56ae4199a700e89f25ff55ff76bc66dc141f45a1695f38e75aa98764a2ce52d
/Users/mic/Downloads/20250930/sh688168.csv,sh688168.csv,sh,688168,2019-09-06,2025-09-30,1472,142720,True,utf-8,f1e291ff9601e01c468dd6f4ae21263537a35d2dc1f9b191379eebb19621d6d2
/Users/mic/Downloads/20250930/sz002443.csv,sz002443.csv,sz,002443,2010-07-06,2025-09-30,3449,326810,True,utf-8,fec89e7cde38411ee8064ff5c6e872afbae1f3b5ea8cf1d17719d297962f8e94
/Users/mic/Downloads/20250930/sh603173.csv,sh603173.csv,sh,603173,2023-01-30,2025-09-30,653,60966,True,utf-8,94b387e12f098a8fafa7817d3a823603117707a1d8e66d29b470bd269357ebce
/Users/mic/Downloads/20250930/sh688626.csv,sh688626.csv,sh,688626,2021-03-31,2025-09-30,1095,104158,True,utf-8,fec371ef702f0a06175205334f5c3971b18ed5fbb1d4b3b89e4e7d7bd6baf77a
/Users/mic/Downloads/20250930/sh603615.csv,sh603615.csv,sh,603615,2017-02-13,2025-09-30,2102,199861,True,utf-8,518437fd40526dfd7ec5ac7358dfbb8215469445fd3d2218be9352638cdf8ec4
/Users/mic/Downloads/20250930/sz000532.csv,sz000532.csv,sz,000532,1994-01-03,2025-09-30,7541,735635,True,utf-8,de27197d96b8d3024d933e0c4c9f3ee76e8e2800e8e17209c125ca3f907fb9d4
/Users/mic/Downloads/20250930/sh601002.csv,sh601002.csv,sh,601002,2007-01-26,2025-09-30,4513,432344,True,utf-8,6bcde167cd596d3132c9f76a476c1f8dee5e0278bce379f0f03347c7d2d3b767
/Users/mic/Downloads/20250930/sh600308.csv,sh600308.csv,sh,600308,2000-09-28,2025-09-30,5998,571318,True,utf-8,a4ea8692b416da04e09b08bc64674c05ad7e1c83da9d7d2a57f5263a2a16b95a
/Users/mic/Downloads/20250930/sh601016.csv,sh601016.csv,sh,601016,2014-09-29,2025-09-30,2662,258326,True,utf-8,35a9df17ee4bde0cedae64f7232730f81630f614c54fc99bd8c0830a87cdf76e
/Users/mic/Downloads/20250930/sz002331.csv,sz002331.csv,sz,002331,2010-01-06,2025-09-30,3483,333553,True,utf-8,e833d8a40e0077e5a34b6d4b50c5cf16c2104de4055400aefe21559bb291c86c
/Users/mic/Downloads/20250930/sh603601.csv,sh603601.csv,sh,603601,2015-01-22,2025-09-30,2544,244353,True,utf-8,374120875adab9f8e8340ea95e53d8fbe6776396b083dee77317fd3b11ee75af
/Users/mic/Downloads/20250930/sz000526.csv,sz000526.csv,sz,000526,1993-11-01,2025-09-30,7143,675227,True,utf-8,b07eaf327abdbb714151e090232576d7de706accce50ec4cf25cdae42e70b5f2
/Users/mic/Downloads/20250930/sh603167.csv,sh603167.csv,sh,603167,2012-09-06,2025-09-30,3175,308783,True,utf-8,4ccc8bfb90dfa583c5b4775328089e9390c7dc9fc5ae216379562f2a55e1d76b
/Users/mic/Downloads/20250930/sz002457.csv,sz002457.csv,sz,002457,2010-08-03,2025-09-30,3678,356230,True,utf-8,3fa247439ff689df30470f9ba340385fe1d31c3c252660f0139e56286d7c6e18
/Users/mic/Downloads/20250930/sz002327.csv,sz002327.csv,sz,002327,2009-12-30,2025-09-30,3815,362523,True,utf-8,a8d5ebf95ebb8668daec6b1a846a561a14583edded41afcc3944f4afd56bbd64
/Users/mic/Downloads/20250930/sh601000.csv,sh601000.csv,sh,601000,2010-07-05,2025-09-30,3615,358069,True,utf-8,251ef7338e1c894e77a33a9c2a0c9ef01e571cb797d8b187b25ada8241e8fcab
/Users/mic/Downloads/20250930/sz003039.csv,sz003039.csv,sz,003039,2021-03-08,2025-09-30,1107,108897,True,utf-8,f73ebeaf68b89f7a5fad2657a14f3013e0e8c504f208cd51678b80ca04c32f1d
/Users/mic/Downloads/20250930/sz000530.csv,sz000530.csv,sz,000530,1993-12-08,2025-09-30,7604,720984,True,utf-8,190831abcc960c31677a4e47f2540675313914a7d6f298e4856c4de67a2f7580
/Users/mic/Downloads/20250930/sh603617.csv,sh603617.csv,sh,603617,2017-07-03,2025-09-30,2007,185959,True,utf-8,451d69e2c14b662bca210b24ab5aadc09032d86f89a602311dec9b8eaa8011ad
/Users/mic/Downloads/20250930/sh605266.csv,sh605266.csv,sh,605266,2020-12-01,2025-09-30,1175,115696,True,utf-8,6d938d3312122803c9649890312725f72ed5b8a93cea52f4b36f33290bf04917
/Users/mic/Downloads/20250930/sh605500.csv,sh605500.csv,sh,605500,2020-12-22,2025-09-30,1160,104780,True,utf-8,8be6eb60a95578438d7b4e5f42c94d065cec8c0d7c4c25b349128de00405b3a9
/Users/mic/Downloads/20250930/sh603171.csv,sh603171.csv,sh,603171,2021-06-30,2025-09-30,1035,101194,True,utf-8,42e0301d89d188af9e3be8f68c713b508cad8f16d34d10d895a782e7ca099ae6
/Users/mic/Downloads/20250930/sh600478.csv,sh600478.csv,sh,600478,2003-09-18,2025-09-30,5087,481804,True,utf-8,85e5b0b14be489b0eba76104153d7c38b8b367505147c0f09e8e22ba17b63e4d
/Users/mic/Downloads/20250930/sh601766.csv,sh601766.csv,sh,601766,2008-08-18,2025-09-30,4063,406469,True,utf-8,740d5ffabbb62d0ef2e06922ccc361135fb5d94800f80d012c6a3ef7ef3dcba7
/Users/mic/Downloads/20250930/sz300588.csv,sz300588.csv,sz,300588,2017-01-05,2025-09-30,2119,203163,True,utf-8,e91b38426647c55d0156de4dc20d7d4c850b8db4a47acea43a457cb16ecfeac7
/Users/mic/Downloads/20250930/sz002441.csv,sz002441.csv,sz,002441,2010-07-06,2025-09-30,3650,348019,True,utf-8,de20afa9a989df9d53cbf1e4328a7b060bfce47483485664d0938e7e6c8f4f9a
/Users/mic/Downloads/20250930/sz002455.csv,sz002455.csv,sz,002455,2010-08-03,2025-09-30,3635,349901,True,utf-8,92d9f487661218ce226f60d14cd09f1caf36b2f5cd30cbf61b8c7ee4931897a3
/Users/mic/Downloads/20250930/sh688156.csv,sh688156.csv,sh,688156,2020-09-22,2025-09-30,1219,118511,True,utf-8,29237be221d82cae60ab816c4dc230f3f63baf86391631557a96c6fd77d8e59b
/Users/mic/Downloads/20250930/sh603165.csv,sh603165.csv,sh,603165,2017-01-17,2025-09-30,2115,206791,True,utf-8,0e86a8aeb66afd8a4c4ebf4c1cb2fcd52482f050ae7674ba7e3dd52553b5baa4
/Users/mic/Downloads/20250930/sz000524.csv,sz000524.csv,sz,000524,1993-11-18,2025-09-30,7496,710648,True,utf-8,fbab9796541abd6fa7bfc5350002660edd2d702b183f15c6c4e2c0aba739b5ae
/Users/mic/Downloads/20250930/sh688630.csv,sh688630.csv,sh,688630,2021-04-01,2025-09-30,1094,108276,True,utf-8,8b819a57f47ac19b015a3b1892d8ddc024374e520d6329e6412b0ea9a9afec85
/Users/mic/Downloads/20250930/sz002333.csv,sz002333.csv,sz,002333,2010-01-12,2025-09-30,3782,359598,True,utf-8,3ab05ad49cca0bb806db431e91bd911b5a7168a50b1063ca1cec5e6a0eb7776c
/Users/mic/Downloads/20250930/sh688618.csv,sh688618.csv,sh,688618,2020-12-30,2025-09-30,1154,114702,True,utf-8,7acfa496e4a915516fa9b225ded0a6d136830171e748ca874864b7bb0d89ff4a
/Users/mic/Downloads/20250930/sh600322.csv,sh600322.csv,sh,600322,2001-09-10,2025-09-30,5772,551574,True,utf-8,859a030e4553bc2b795631a09c7dc0862d9768451774ff9eb71461adea67cfc8
/Users/mic/Downloads/20250930/sz003005.csv,sz003005.csv,sz,003005,2020-09-22,2025-09-30,1214,118592,True,utf-8,f9f6dba502daf2ccd23e1534e84ae4a7273ac5b65d21f044a975564a54f89b23
/Users/mic/Downloads/20250930/sh600444.csv,sh600444.csv,sh,600444,2004-02-19,2025-09-30,5031,481787,True,utf-8,dd0413b7fdc8e5200f1b06192fd5d473e33c05432fae8728386ebc1e1b89703a
/Users/mic/Downloads/20250930/sh603159.csv,sh603159.csv,sh,603159,2016-08-12,2025-09-30,2218,206280,True,utf-8,721616400ec561a237d616d3c4602301762c7921004d091f66d6ec2c40fcbcb1
/Users/mic/Downloads/20250930/sh601996.csv,sh601996.csv,sh,601996,2011-09-29,2025-09-30,3301,314689,True,utf-8,fe234b580bb88b4cd2991fcad52498aa5243133d0a0b4096c176441fff7be3e8
/Users/mic/Downloads/20250930/sz002469.csv,sz002469.csv,sz,002469,2010-09-08,2025-09-30,3563,336451,True,utf-8,8afa36ff570fed92b5f81c853dbc21d18fef6beaec0563d5da323315c6858a01
/Users/mic/Downloads/20250930/sh600336.csv,sh600336.csv,sh,600336,2000-12-29,2025-09-30,5916,556159,True,utf-8,9ce81fdfd9dd7527f91f2744f6262655d05f700474145020a196dadf7de21b72
/Users/mic/Downloads/20250930/sz003011.csv,sz003011.csv,sz,003011,2020-09-30,2025-09-30,1213,119307,True,utf-8,79ada90b34219278af7db5e07a961b4b2b4003f737a86401c54dc5027793d303
/Users/mic/Downloads/20250930/sz000518.csv,sz000518.csv,sz,000518,1993-09-08,2025-09-30,7231,684709,True,utf-8,78027a9407a4dceda73209735f35d40d554cd635ac15b862f22ce1fe76a2a342
/Users/mic/Downloads/20250930/sz301133.csv,sz301133.csv,sz,301133,2021-11-26,2025-09-30,935,92191,True,utf-8,2061d1ad0f9bdb848ca9985b3c4a7af86d6ee77475914f7a42cb26687a319f13
/Users/mic/Downloads/20250930/sz002482.csv,sz002482.csv,sz,002482,2010-09-29,2025-09-30,3590,342337,True,utf-8,d1a5fc92925dc4d4bfeb8918c8a8e9fe2730155b4f2022cdb046cec266a75517
/Users/mic/Downloads/20250930/sh688181.csv,sh688181.csv,sh,688181,2020-01-06,2025-09-30,1393,135607,True,utf-8,b619a3605f238c2a9d5d5153ce47bb4b8844abb586e18166cd79ee150c6714df
/Users/mic/Downloads/20250930/sh688195.csv,sh688195.csv,sh,688195,2021-03-26,2025-09-30,1088,107305,True,utf-8,38a74b383a00e85d81d694c26108e32f0deb457f419b8ec1524ee34d7f865a8e
/Users/mic/Downloads/20250930/sz002496.csv,sz002496.csv,sz,002496,2010-11-09,2025-09-30,3590,341779,True,utf-8,df6e65e11d107c94751e19100d33a0a05f05bc4af0e791f45a9daff836a0b84c
/Users/mic/Downloads/20250930/sh601969.csv,sh601969.csv,sh,601969,2014-12-09,2025-09-30,2589,254198,True,utf-8,28eae5df23eb11f644d3a9a3cfc03a9d47ef179fb42f256c7f8a47798a2df994
/Users/mic/Downloads/20250930/sz301127.csv,sz301127.csv,sz,301127,2021-12-30,2025-09-30,911,88727,True,utf-8,7ab057f765e77732ee0637a001e72ce8b4438776904efd6b2d487fbfe5caa5af
/Users/mic/Downloads/20250930/sz300239.csv,sz300239.csv,sz,300239,2011-07-06,2025-09-30,3384,319961,True,utf-8,8a0b495ce80b260527316e9c0c28251a9ca111e5c54984229a5351dd937a7b83
/Users/mic/Downloads/20250930/sh603818.csv,sh603818.csv,sh,603818,2015-04-22,2025-09-30,2507,240849,True,utf-8,d57367787d7ec991121f612d792005ee6727583610a873d476cf6c2b4d73c16e
/Users/mic/Downloads/20250930/sz300211.csv,sz300211.csv,sz,300211,2011-05-05,2025-09-30,3465,327662,True,utf-8,4a8a2bc716a98e9e9b84e85d72b65c8b65d0bfa5696085784d20a4e0e05764d0
/Users/mic/Downloads/20250930/sh605299.csv,sh605299.csv,sh,605299,2020-12-15,2025-09-30,1165,109679,True,utf-8,de07c7bcbe4f67fd227c503246b0e20dee127c729ee2270691ec4dea5c1375ce
/Users/mic/Downloads/20250930/sz300577.csv,sz300577.csv,sz,300577,2016-12-21,2025-09-30,2134,209517,True,utf-8,1edf71cb6df9397d09ebb10f342864fa821798a0d1a263164d0dfdb3776517af
/Users/mic/Downloads/20250930/sh601799.csv,sh601799.csv,sh,601799,2011-02-01,2025-09-30,3511,351635,True,utf-8,3d0f016a30979acda452be9c780e69fcea7cc55323ec67c320cdd679f3fc042e
/Users/mic/Downloads/20250930/sh600487.csv,sh600487.csv,sh,600487,2003-08-22,2025-09-30,5192,506917,True,utf-8,fe28edbc2492da9934bd56ebc3f2d764b6c4101e0b183ab7425d6057412d1373
/Users/mic/Downloads/20250930/sz300563.csv,sz300563.csv,sz,300563,2016-11-14,2025-09-30,2161,208645,True,utf-8,1f4d8efc64d0d32665bbb7806d8d3d50b991d2d9ccffc0ac047a47729171eb62
/Users/mic/Downloads/20250930/sh600493.csv,sh600493.csv,sh,600493,2004-04-21,2025-09-30,5153,482300,True,utf-8,e6c9578feda88c08a8fdd4287fd1eda98969a84a0635d54b16caf770a2d5bf5c
/Users/mic/Downloads/20250930/bj920027.csv,bj920027.csv,bj,920027,2025-06-10,2025-09-30,81,7877,True,utf-8,1a0c4d3754ec75247fc90397f8469798e98b960f230d3ac25f5b0ad18d197eb3
/Users/mic/Downloads/20250930/sz300205.csv,sz300205.csv,sz,300205,2011-04-21,2025-09-30,3479,337409,True,utf-8,084c81d64aff8196cd1c566ac959eb9e65e6ade424231e290dd09d7738f9d861
/Users/mic/Downloads/20250930/sz002643.csv,sz002643.csv,sz,002643,2011-12-20,2025-09-30,3228,316314,True,utf-8,e62df5b81b5a66d4cc81aaf53ebb08c5f68e5c60e51cbae67c2eab201d85dbae
/Users/mic/Downloads/20250930/sz300952.csv,sz300952.csv,sz,300952,2021-03-11,2025-09-30,1109,107732,True,utf-8,f3f8614dc5ed6aeb39c827420170424fc559c8668c1c8144cf0b5702597d7c61
/Users/mic/Downloads/20250930/sh603373.csv,sh603373.csv,sh,603373,2023-12-20,2025-09-30,433,43935,True,utf-8,d38eb6ae7b225d2b2b2d91fac79671151575839b31b5c37a86da54c5e99f018b
/Users/mic/Downloads/20250930/sh688426.csv,sh688426.csv,sh,688426,2022-10-25,2025-09-30,716,68821,True,utf-8,efdffd254176b431e7fbe8dac16ac1a43b7b1bb6ed4661cc576116c955f75814
/Users/mic/Downloads/20250930/sz002125.csv,sz002125.csv,sz,002125,2007-04-03,2025-09-30,4347,410173,True,utf-8,ffc22754111b07d8bb440dbaf66dfa15c49a05f397eaf43e4b5547ded0570fd0
/Users/mic/Downloads/20250930/sh600108.csv,sh600108.csv,sh,600108,1997-08-18,2025-09-30,6727,646084,True,utf-8,89cd83c76c94f90a468a5af51284ee65f4c31889606524a7d839a20fab6dcb8e
/Users/mic/Downloads/20250930/sh601216.csv,sh601216.csv,sh,601216,2011-02-22,2025-09-30,3427,340791,True,utf-8,fbeb668ee8c1f2f230f66f55ab6ae264b8d36ad946df503c13ef1eb1a58932f7
/Users/mic/Downloads/20250930/sz002131.csv,sz002131.csv,sz,002131,2007-04-27,2025-09-30,4120,399405,True,utf-8,53b97b08311bfdafd5c3cdb8130e5d54baf676eb2485ec093d09784fa5e8748e
/Users/mic/Downloads/20250930/sh688432.csv,sh688432.csv,sh,688432,2022-11-10,2025-09-30,704,71521,True,utf-8,2f454dc92298055ae4ba737389212a9636df80a569081b883a0b5ab85244e25f
/Users/mic/Downloads/20250930/sz000726.csv,sz000726.csv,sz,000726,2000-12-25,2025-09-30,5909,558794,True,utf-8,e6de8ece828bcd7c320d797ab8041fcc21e3789961cc1a6cbcea795d11a280c3
/Users/mic/Downloads/20250930/sh603367.csv,sh603367.csv,sh,603367,2017-09-29,2025-09-30,1943,192591,True,utf-8,a2328c8130ed1f1fcf7cece9051d6f6a490817ac94f3c7f572ec36c8d61a346a
/Users/mic/Downloads/20250930/sz002657.csv,sz002657.csv,sz,002657,2012-02-28,2025-09-30,3236,318693,True,utf-8,cc303260dae6075eca267c974adcbb929245c00f452dab66cd339178b2f36c7a
/Users/mic/Downloads/20250930/sz300946.csv,sz300946.csv,sz,300946,2021-02-08,2025-09-30,1127,109058,True,utf-8,b30347d323ae7edeaedcd7f65f60dcfd88fa2734e34ea6f004558a1513ed9875
/Users/mic/Downloads/20250930/sz000068.csv,sz000068.csv,sz,000068,1997-06-11,2025-09-30,6238,592012,True,utf-8,7bbfb6f51e7e3fbc22483ca206c76778ecac53a4533d9301257926307e8d0b9f
/Users/mic/Downloads/20250930/sz001376.csv,sz001376.csv,sz,001376,2023-11-03,2025-09-30,466,45649,True,utf-8,fe5777faa295e98c0401ab911d209fd4b657df9dcca03a926c84339b5e142464
/Users/mic/Downloads/20250930/sh600120.csv,sh600120.csv,sh,600120,1997-12-01,2025-09-30,6500,611897,True,utf-8,ea083f1947cf9f0df6427dff05af5dd85b4e9bbb8343fb5a375243c42a5f4a17
/Users/mic/Downloads/20250930/sz002119.csv,sz002119.csv,sz,002119,2007-03-02,2025-09-30,4387,420175,True,utf-8,e0d8a802864ffd4d7db3521985e27daa09f9bb0b1e4a4eb23b3af22750d0b0c2
/Users/mic/Downloads/20250930/sh605058.csv,sh605058.csv,sh,605058,2020-10-21,2025-09-30,1204,120278,True,utf-8,5b20f344ca0c97ab06e1eec194c654a12ad2199735904c4d4f0fd06a9fae4834
/Users/mic/Downloads/20250930/sh603429.csv,sh603429.csv,sh,603429,2017-01-24,2025-09-30,2062,207719,True,utf-8,d1b7d0b5741ef6095c91fbfd9d08312f376b03fd96e2e812c1e222e9bb448e30
/Users/mic/Downloads/20250930/sh688368.csv,sh688368.csv,sh,688368,2019-10-14,2025-09-30,1432,143744,True,utf-8,7ce88d2e90e57a89371be6d3df33d88423e6b0c41228d5395d8218fe257c953e
/Users/mic/Downloads/20250930/sh688383.csv,sh688383.csv,sh,688383,2021-04-28,2025-09-30,1076,107903,True,utf-8,d4adb5a67b6ede73676b78fba481dbbd56bac0151736582c0028035b4a80bde7
/Users/mic/Downloads/20250930/sz001389.csv,sz001389.csv,sz,001389,2024-04-02,2025-09-30,366,35857,True,utf-8,96301c25c810a5b5785470cb8b54d32f853cc606cd0fafe32cffe704d0ad5dec
/Users/mic/Downloads/20250930/sz002858.csv,sz002858.csv,sz,002858,2017-03-24,2025-09-30,2065,201111,True,utf-8,b449e5f868e8a9644a6a8fb4fa2da23c5646531c438a157258abaf3bc12d8b05
/Users/mic/Downloads/20250930/sz300991.csv,sz300991.csv,sz,300991,2021-05-20,2025-09-30,1063,103209,True,utf-8,6bff4f0c5c201c492e768c89d224b559115306d4459d5225288db1dab3085d03
/Users/mic/Downloads/20250930/sh600861.csv,sh600861.csv,sh,600861,1994-05-20,2025-09-30,7541,717038,True,utf-8,b1c7403b907aeb11f0f7f20bf2b3dbfbd72d688ee10319afbb6515bf885b4936
/Users/mic/Downloads/20250930/sz300749.csv,sz300749.csv,sz,300749,2018-09-25,2025-09-30,1688,160337,True,utf-8,bd2fa0522d6f7830d0087f9bea1c3c3f6b1b543937383fc130a43b50147491b6
/Users/mic/Downloads/20250930/sz301331.csv,sz301331.csv,sz,301331,2022-09-21,2025-09-30,735,73647,True,utf-8,23279fa46916bd7dc04daaa29ebd8745dfa1847224bf933c75f0778e110bad59
/Users/mic/Downloads/20250930/sz000929.csv,sz000929.csv,sz,000929,1999-06-23,2025-09-30,6123,590086,True,utf-8,b7a7b99c8538e20ba08f7384f2b823dddbf7a3aafc1fa7d186837842cc5f06e8
/Users/mic/Downloads/20250930/sz301325.csv,sz301325.csv,sz,301325,2023-05-12,2025-09-30,583,57157,True,utf-8,b41ce0553df7c01bf2bdce1a9784cc85cf393c43c6c70206c2cbe1715ab74069
/Users/mic/Downloads/20250930/sz300985.csv,sz300985.csv,sz,300985,2021-04-29,2025-09-30,1075,104718,True,utf-8,8c797327a28e9ea9fa853ab40cf1bc107266714d76e9f0670c2b917b3e25aa41
/Users/mic/Downloads/20250930/sz002694.csv,sz002694.csv,sz,002694,2012-08-16,2025-09-30,2931,278207,True,utf-8,c91498c4f22ae6d999bc2964d080aa0333c48f36213d3c05fecd6b901cac32fe
/Users/mic/Downloads/20250930/sh600875.csv,sh600875.csv,sh,600875,1995-10-10,2025-09-30,7099,678856,True,utf-8,264cd72b4e9ee61cd56436796c6cf1ec7d0028ffde7878fb30cf3921507cc76a
/Users/mic/Downloads/20250930/sh600685.csv,sh600685.csv,sh,600685,1993-10-28,2025-09-30,7403,715990,True,utf-8,8b24400555c7fade9e293ff5d6fb9cafa184af3cc18b220a54e2375df8d06abd
/Users/mic/Downloads/20250930/sz002864.csv,sz002864.csv,sz,002864,2017-11-16,2025-09-30,1908,188655,True,utf-8,97076f3148abc70e2a84d44a1f62fdfef1614da546a659d1b8006a671af80991
/Users/mic/Downloads/20250930/sz300775.csv,sz300775.csv,sz,300775,2019-05-21,2025-09-30,1549,154586,True,utf-8,3c58d6ae7615c3f16747084744c99e661bb18b5a7bf8256e8f3d8d04921e0ef4
/Users/mic/Downloads/20250930/sz000915.csv,sz000915.csv,sz,000915,1999-06-09,2025-09-30,6330,605939,True,utf-8,4c4df6f6e9bdeb1cb75307116a1657b47ff0dd01830dda4d782b570f0fd6ef24
/Users/mic/Downloads/20250930/sz300013.csv,sz300013.csv,sz,300013,2009-10-30,2025-09-30,3686,347549,True,utf-8,603d56d1891ff9544ca9ff706fa5f0be27f51a1112d2edc940c73af34d48de30
/Users/mic/Downloads/20250930/sz300007.csv,sz300007.csv,sz,300007,2009-10-30,2025-09-30,3741,367337,True,utf-8,b1178cb3d311954352c2a217bd6825b15a00b5a29efa413d66e16ae5af5ade40
/Users/mic/Downloads/20250930/sz301319.csv,sz301319.csv,sz,301319,2022-09-29,2025-09-30,729,71547,True,utf-8,70c2fc26f4542546404b51eb6569b846070ad26ee8076a265ea8d8e803e8ad4c
/Users/mic/Downloads/20250930/sz000901.csv,sz000901.csv,sz,000901,1999-04-01,2025-09-30,6195,590246,True,utf-8,b016bfc119d1f7153a432902940c08ff30b4bbfcab0fb12039112c483638aac0
/Users/mic/Downloads/20250930/sh603398.csv,sh603398.csv,sh,603398,2015-12-09,2025-09-30,2265,219493,True,utf-8,1e83e6f3c2963f2aeb1eb1a7c3a23aaeb6e44cfc60f2a7ebfab0fc94c2033fbc
/Users/mic/Downloads/20250930/sh600691.csv,sh600691.csv,sh,600691,1993-11-19,2025-09-30,7398,691825,True,utf-8,10a4377e05e8a81d6e3fb98c4e31aa8aa06ef4667b91e922b20359f5abdb162e
/Users/mic/Downloads/20250930/sz002870.csv,sz002870.csv,sz,002870,2017-05-15,2025-09-30,1995,195846,True,utf-8,e9d72a3e1b849ef1f9d977c1982b3798e28e2d776e13d215c12126af1071c143
/Users/mic/Downloads/20250930/sz300761.csv,sz300761.csv,sz,300761,2019-02-18,2025-09-30,1611,159083,True,utf-8,1ebd329359ec8fdb4cf6485a536372467f9b82e87ebeaf53922288e26a38f936
/Users/mic/Downloads/20250930/sz300826.csv,sz300826.csv,sz,300826,2020-04-03,2025-09-30,1335,128034,True,utf-8,dc7ff38026016b8a0774a584c72769088fba92e216f46225c2bbbebc15fdab72
/Users/mic/Downloads/20250930/sz002737.csv,sz002737.csv,sz,002737,2014-12-30,2025-09-30,2616,259437,True,utf-8,96064b11a04b571962d89b60705951d941b8bb7ba691254eab3fe6cd92a2f4cc
/Users/mic/Downloads/20250930/sh688234.csv,sh688234.csv,sh,688234,2022-01-12,2025-09-30,903,89592,True,utf-8,11aafcb7cf2c291af38b6412254cdce04c8d5f66d077912cee034c96fa4dafcd
/Users/mic/Downloads/20250930/sh603207.csv,sh603207.csv,sh,603207,2024-08-26,2025-09-30,268,25022,True,utf-8,bb601c50c2724b7baab1b344f6abe28c646df0258edd54951f2bc6cb577b3436
/Users/mic/Downloads/20250930/sh688552.csv,sh688552.csv,sh,688552,2023-05-18,2025-09-30,579,56254,True,utf-8,c8985df5636d46c340ca9a687a7f955304e843b99fab6152c2e6dccdba81ba3f
/Users/mic/Downloads/20250930/sz002051.csv,sz002051.csv,sz,002051,2006-06-19,2025-09-30,4458,429533,True,utf-8,3eb976ada61950746f03371867765ea7a961fcecd85a7c2097a211caf1f1aa91
/Users/mic/Downloads/20250930/sz300198.csv,sz300198.csv,sz,300198,2011-04-07,2025-09-30,3250,310270,True,utf-8,f36199874c42352b6b3a575383186fcd244716f0d762995401c518ab8670f392
/Users/mic/Downloads/20250930/sz301286.csv,sz301286.csv,sz,301286,2022-06-14,2025-09-30,805,77872,True,utf-8,036e4ca32f94aa1923291677664144bc731263edd68bd38b42333313ea4e03a3
/Users/mic/Downloads/20250930/sz002045.csv,sz002045.csv,sz,002045,2005-05-23,2025-09-30,4843,467168,True,utf-8,06152b36d1ce045eb5678f9b878cb389f16c6b0e457fd67c3f26ca810cc805a3
/Users/mic/Downloads/20250930/sz301292.csv,sz301292.csv,sz,301292,2023-07-07,2025-09-30,545,53970,True,utf-8,9d5f0a57958199acd4a1ea4217e422b6258f7481717840074e80c74a2125aa7d
/Users/mic/Downloads/20250930/sz000652.csv,sz000652.csv,sz,000652,1996-11-28,2025-09-30,6712,649651,True,utf-8,3b70b2b66b667b0bb89f8a5876215d7fddc40580d3a6c8b265086728cd6b7487
/Users/mic/Downloads/20250930/sh688220.csv,sh688220.csv,sh,688220,2022-01-14,2025-09-30,901,89649,True,utf-8,c4350cb19ad5679270d5535abb54d7f7a31233ce60ddabc6537d45ffd9125c7a
/Users/mic/Downloads/20250930/sh603213.csv,sh603213.csv,sh,603213,2021-11-11,2025-09-30,937,90591,True,utf-8,f83a636fa02f50c8ae17ebf5677e115782232854d79634c81dcf8c5e44d54667
/Users/mic/Downloads/20250930/sz300832.csv,sz300832.csv,sz,300832,2020-05-12,2025-09-30,1312,131447,True,utf-8,0566a685d4aa35e10e246b921a3c2b996adb3032ee1ba4a8c413e7e309510773
/Users/mic/Downloads/20250930/sz002723.csv,sz002723.csv,sz,002723,2014-01-29,2025-09-30,2745,265599,True,utf-8,f8f157f1be1decf31db0522701bcc78c1505a34a34bd030991745d7f51053401
/Users/mic/Downloads/20250930/sz001202.csv,sz001202.csv,sz,001202,2021-04-29,2025-09-30,1075,103596,True,utf-8,03841b279c1656c11062cc43b7cdaf91820395bdc04fb697e867ffce6fb18405
/Users/mic/Downloads/20250930/sh688208.csv,sh688208.csv,sh,688208,2020-02-13,2025-09-30,1371,135700,True,utf-8,030d387f80381be718ab46fa28bde5b9441c3fbefabf3b125e8c3450199d01ff
/Users/mic/Downloads/20250930/sh600732.csv,sh600732.csv,sh,600732,1996-08-16,2025-09-30,6416,607977,True,utf-8,f3fd5f64eb1963ebfe579f97b52cd87dbc8285c7961ccd4313a12993ef67d226
/Users/mic/Downloads/20250930/sh600054.csv,sh600054.csv,sh,600054,1997-05-06,2025-09-30,6820,640409,True,utf-8,7c8c29b57676a7250c81cfcff5dd72a23d747688b061a755055bca915a802fd7
/Users/mic/Downloads/20250930/sh605138.csv,sh605138.csv,sh,605138,2021-10-27,2025-09-30,957,91374,True,utf-8,60229ac1139816a4cf9efdb2ec1c536bee2bc89fedff693e8dee60d9f1310e8d
/Users/mic/Downloads/20250930/sz002079.csv,sz002079.csv,sz,002079,2006-11-16,2025-09-30,4515,437843,True,utf-8,ee85a80186519340ab1a3b7e7f9d76aea75961856fec7e1ddcc04b70ea91d3b5
/Users/mic/Downloads/20250930/sh600726.csv,sh600726.csv,sh,600726,1996-07-01,2025-09-30,6978,654403,True,utf-8,0ec34862643fc11c3b3c0a3f2762ef407da0bfbd29fe960a9e095ab4493b6c36
/Users/mic/Downloads/20250930/sz001216.csv,sz001216.csv,sz,001216,2021-10-19,2025-09-30,963,95084,True,utf-8,dedd7aba3d927d4f5346368a9d381c23698b99e3095ca07ed5bfa07c0136ca10
/Users/mic/Downloads/20250930/sz002092.csv,sz002092.csv,sz,002092,2006-12-08,2025-09-30,4373,424486,True,utf-8,f41d2158591f95f742243d3767de0b82fdb54303b532f2af023f25a23920def6
/Users/mic/Downloads/20250930/sh688591.csv,sh688591.csv,sh,688591,2023-08-25,2025-09-30,505,50464,True,utf-8,f1229fbbe2a74cc24b1a25f13c9e72a513d1a2ba7353a01034160c6c04cd48ff
/Users/mic/Downloads/20250930/sz000685.csv,sz000685.csv,sz,000685,1997-01-23,2025-09-30,6826,648240,True,utf-8,9b9a2cc37bfff19b80123e8370f599acc397e3d72472955820b4ba84f18b3000
/Users/mic/Downloads/20250930/sh688585.csv,sh688585.csv,sh,688585,2020-09-28,2025-09-25,1204,114890,True,utf-8,65515beee2eef4e484cf84301451e0516bbc4fb7c07d71467ec1b30f4430f834
/Users/mic/Downloads/20250930/sz000691.csv,sz000691.csv,sz,000691,1997-02-28,2025-09-30,6330,596418,True,utf-8,0397b51def83f5b95b6e9120dcef42bb8b3f4cbe65c2f5cbef83b92b83743637
/Users/mic/Downloads/20250930/sz301251.csv,sz301251.csv,sz,301251,2023-09-06,2025-09-30,502,48897,True,utf-8,caaea74a8343818521da37c98dc1256136589483025e4aa64280453d3cbdd71b
/Users/mic/Downloads/20250930/sz002086.csv,sz002086.csv,sz,002086,2006-11-28,2025-09-30,4448,423953,True,utf-8,184360d9c105caf676cfe14115002e08baff2efa5793795439653a1855a3036a
/Users/mic/Downloads/20250930/sz300629.csv,sz300629.csv,sz,300629,2017-03-24,2025-09-30,2030,198210,True,utf-8,761910994f942609e2caff891b64f0c62b57db401f2224df2bd1fe7a04a38c55
/Users/mic/Downloads/20250930/sh600901.csv,sh600901.csv,sh,600901,2018-03-01,2025-09-30,1845,180484,True,utf-8,730fac326403160414bf0f24bc8400c899856940320d40d68153c0e2c3e675a2
/Users/mic/Downloads/20250930/sz002938.csv,sz002938.csv,sz,002938,2018-09-18,2025-09-30,1707,171733,True,utf-8,d77d4497c7f056013ceedf580b5e6efba7ce35f7eb68a3867779c5391b77ec14
/Users/mic/Downloads/20250930/sz300601.csv,sz300601.csv,sz,300601,2017-02-07,2025-09-30,2106,212813,True,utf-8,5b880c476f7982d376a7e0d829a533716cbb6c5cb04d0cfd39def3957854b847
/Users/mic/Downloads/20250930/sh600929.csv,sh600929.csv,sh,600929,2018-03-26,2025-09-30,1823,174574,True,utf-8,21b97299bd09dfab692c73058db944005dcf183a6f093279ff103e50901aee67
/Users/mic/Downloads/20250930/sz002910.csv,sz002910.csv,sz,002910,2017-10-31,2025-09-30,1924,186183,True,utf-8,f3e259baeedb998c20d5bc6c6e411d2b759cced2dc24564669e25f0cecaaebfd
/Users/mic/Downloads/20250930/sh600097.csv,sh600097.csv,sh,600097,1997-06-19,2025-09-30,6604,635941,True,utf-8,1f934dca50f6498cd2ef96484845b4e1c8ff35738f3227c7d1f4ca5e5bca5eea
/Users/mic/Downloads/20250930/sz301279.csv,sz301279.csv,sz,301279,2022-04-13,2025-09-30,845,82278,True,utf-8,e4ec5d5882f4b57a4768be88a173b0a11556571c393275a1ef1c513f5b8743d6
/Users/mic/Downloads/20250930/sz300167.csv,sz300167.csv,sz,300167,2011-01-25,2025-09-30,3481,331588,True,utf-8,40b4973e1fc4281efa701eb9fc92d423d654dd75fb22478e112a64add2961557
/Users/mic/Downloads/20250930/sz300173.csv,sz300173.csv,sz,300173,2011-02-01,2025-09-30,3243,308570,True,utf-8,af5a731399878814576e18aa352cca0bd298111289b97f2a2e0f1813505dbb86
/Users/mic/Downloads/20250930/sz000875.csv,sz000875.csv,sz,000875,2002-09-26,2025-09-30,5374,516810,True,utf-8,c5af15d8a8b65483cbca3b212995ec6889357455490e0e64effb52efac35cd59
/Users/mic/Downloads/20250930/sz300615.csv,sz300615.csv,sz,300615,2017-02-15,2025-09-30,2100,204052,True,utf-8,13ca363b734d13c2317f6ff9353631649db45ca23dbc146414f1481f605e70bf
/Users/mic/Downloads/20250930/sz002253.csv,sz002253.csv,sz,002253,2008-06-23,2025-09-30,4171,408606,True,utf-8,d5155a43dc597f380de1a36e02f6df686a8fd838bd4531f9be0507cd5962f5f6
/Users/mic/Downloads/20250930/sh688750.csv,sh688750.csv,sh,688750,2024-11-20,2025-09-30,213,20764,True,utf-8,0f137a1669529bd167ad90ed134bf0016938809482e87fe6601607ec55045a68
/Users/mic/Downloads/20250930/sh603005.csv,sh603005.csv,sh,603005,2014-02-10,2025-09-30,2834,283148,True,utf-8,6e38404bf4113bf8e190fca794ef499ee6c6f4ddfd96a8ca40da44744ba9e843
/Users/mic/Downloads/20250930/sh688036.csv,sh688036.csv,sh,688036,2019-09-30,2025-09-30,1457,146243,True,utf-8,9c960804572d07d4e4afc29051efed5b3ba21d92b09dc71363cfb17a7db43712
/Users/mic/Downloads/20250930/sz002535.csv,sz002535.csv,sz,002535,2011-01-11,2025-09-30,3459,330349,True,utf-8,b6b07c4371692b765b1fe697ca6357ab2527dd4120391a7eabf580aef1c7984c
/Users/mic/Downloads/20250930/sz002521.csv,sz002521.csv,sz,002521,2010-12-10,2025-09-30,3589,342263,True,utf-8,6506d7c55c7269232bf291a70beb68e21fa3da4affda1be600111cdfaf832929
/Users/mic/Downloads/20250930/sh601606.csv,sh601606.csv,sh,601606,2018-08-06,2025-09-30,1738,171945,True,utf-8,29bebc9c2b0292c1a7910c5a2de81729b34dc5703e82977b50ac41ff2848aa5c
/Users/mic/Downloads/20250930/sh600518.csv,sh600518.csv,sh,600518,2001-03-19,2025-09-30,5844,566605,True,utf-8,bba4da0709e62f67bafa16f5a7d8ac93987c6ec27f5a9d9b37ab445b1b1eb2f4
/Users/mic/Downloads/20250930/sh603011.csv,sh603011.csv,sh,603011,2014-11-07,2025-09-30,2555,250024,True,utf-8,dd609f386979573f1175ff29d423d381eddbe598cbef5dcf3fe4fb0de5eb6c2c
/Users/mic/Downloads/20250930/sh688022.csv,sh688022.csv,sh,688022,2019-07-22,2025-09-30,1506,149797,True,utf-8,98d843b2456af64a3ee8660652de9d3f4d67523fff9c8cf33e3e5181473110f6
/Users/mic/Downloads/20250930/sh603777.csv,sh603777.csv,sh,603777,2016-10-12,2025-09-30,2184,214850,True,utf-8,9337b430a02eee6c4dbca95557408c84c0bda2a2ce954224bbcb38b3398be0c9
/Users/mic/Downloads/20250930/sz301090.csv,sz301090.csv,sz,301090,2021-10-26,2025-09-30,958,93460,True,utf-8,90999a5135014e08008c3402a24dd45148fb1642c8b0888d47b752a447fad7c1
/Users/mic/Downloads/20250930/sz002247.csv,sz002247.csv,sz,002247,2008-06-12,2025-09-30,4083,387922,True,utf-8,7bc10b3586553442b35fbefe49d7b7694d1f23cbb4f1e75d2795662a701aad0e
/Users/mic/Downloads/20250930/sh603987.csv,sh603987.csv,sh,603987,2016-11-21,2025-09-30,2156,209362,True,utf-8,e881ecab199f0c2c54b3c9fb9e348c41da0f0a0dcd89e7f93e6905953573b07c
/Users/mic/Downloads/20250930/sh600256.csv,sh600256.csv,sh,600256,2000-05-26,2025-09-30,6037,584298,True,utf-8,6e31ac07b8d1f30bec0f42917ea3421133caa1ad21e786901d1a5ac738e9d17c
/Users/mic/Downloads/20250930/sh600530.csv,sh600530.csv,sh,600530,2001-07-02,2025-09-30,5618,518723,True,utf-8,1a8e8f64ec2d1c4b855f8071863393464792de469cb17c7afece5ae4c4408385
/Users/mic/Downloads/20250930/sh603039.csv,sh603039.csv,sh,603039,2017-01-13,2025-09-30,2049,201023,True,utf-8,ecf9fa3870cb00065e4e94f2898451fa24ab0b5f7316193a5f5e752cda32f0a1
/Users/mic/Downloads/20250930/sh603993.csv,sh603993.csv,sh,603993,2012-10-09,2025-09-30,3135,307673,True,utf-8,de07f64a6476176e91611d98d743db96c7218552db7b0f7a7b27b0992b9c661e
/Users/mic/Downloads/20250930/sh688778.csv,sh688778.csv,sh,688778,2021-08-05,2025-09-30,1009,103205,True,utf-8,4e31ee7a6728a242a1ad1836f42a63a49f84c4374cba24371eba51abd12d5248
/Users/mic/Downloads/20250930/sh603978.csv,sh603978.csv,sh,603978,2017-08-07,2025-09-30,1979,189580,True,utf-8,42d38ebcef32f023c885c986f09c6a9361983a08889c2f7b20bd2757df706d3d
/Users/mic/Downloads/20250930/sh688793.csv,sh688793.csv,sh,688793,2021-07-15,2025-09-30,1024,98660,True,utf-8,ed12b24aa2614e5ea4e547898a469e64544854abd172fc83624c5343e5134726
/Users/mic/Downloads/20250930/sz300359.csv,sz300359.csv,sz,300359,2014-01-21,2025-09-30,2677,257780,True,utf-8,ae9bf0be990f739b6d1c674c5e552f361bd0d66510ed1a7e57f2062657582d54
/Users/mic/Downloads/20250930/sz002290.csv,sz002290.csv,sz,002290,2009-09-03,2025-09-30,3758,370222,True,utf-8,dbb78411d1a7eab9750f20ed7c3c83883808944d68693a39b128d1e68d656fc4
/Users/mic/Downloads/20250930/sz301047.csv,sz301047.csv,sz,301047,2021-08-16,2025-09-30,1002,99869,True,utf-8,184a5bfbc210b9d89fc38619c116321a6c47fb94c06d9a0175bf14ad7718d82f
/Users/mic/Downloads/20250930/sz002284.csv,sz002284.csv,sz,002284,2009-08-28,2025-09-30,3868,372218,True,utf-8,cf1fb2092e94429f350c420db828ce2819e020021597fce9a4b199f199507a39
/Users/mic/Downloads/20250930/sz301053.csv,sz301053.csv,sz,301053,2021-09-01,2025-09-30,990,97422,True,utf-8,3ebe2bc0a8774bcc74ecb2959e1e67d8cdcff547cdb2d02259507f18d9defc90
/Users/mic/Downloads/20250930/sh688787.csv,sh688787.csv,sh,688787,2021-08-13,2025-09-30,1003,97986,True,utf-8,a9ff0ffe9db738f8fda2d12a491e742c5633d8fc23ec5b99b6778f664af5066a
/Users/mic/Downloads/20250930/sz300365.csv,sz300365.csv,sz,300365,2014-01-23,2025-09-30,2781,271188,True,utf-8,9fcc5c0a75e18e95e083c1c2509c7d2716efa0997b542484dabdbe887e4b3e95
/Users/mic/Downloads/20250930/sh600295.csv,sh600295.csv,sh,600295,2001-04-26,2025-09-30,5717,530168,True,utf-8,ea3d61263aea45014651a627ea2baf3f75c08e4a8579254e1c563fcfcdf4017c
/Users/mic/Downloads/20250930/sz300403.csv,sz300403.csv,sz,300403,2014-10-30,2025-09-30,2659,256261,True,utf-8,8e4512d02fafd3a76a2f5a3a814eb6e0aaa2730f8256c883797304fde9022c6f
/Users/mic/Downloads/20250930/sz300417.csv,sz300417.csv,sz,300417,2015-01-23,2025-09-30,2600,252813,True,utf-8,a613b49ca7c6c26972f535542ff4d232965cce66b30d399ef4c059ccbc5f7d63
/Users/mic/Downloads/20250930/sh603788.csv,sh603788.csv,sh,603788,2015-01-20,2025-09-30,2589,252954,True,utf-8,fb2e520ea1b6c3754741b6ecf4ca7c02880a9f076719fe9a22385616aaabc49a
/Users/mic/Downloads/20250930/bj832225.csv,bj832225.csv,bj,832225,2015-08-12,2025-09-30,1359,130914,True,utf-8,8b7f125643f55b1050a95dbf0a717099ad4a93aaf82a9f5822e08ed34dbcceb4
/Users/mic/Downloads/20250930/sh603950.csv,sh603950.csv,sh,603950,2020-05-26,2025-09-30,1302,126894,True,utf-8,ca1db3b824c556c5bcb5fac66ce7c0521a49f0ad49b7f21a292b84ee1fa8fe0f
/Users/mic/Downloads/20250930/sz300371.csv,sz300371.csv,sz,300371,2014-01-23,2025-09-30,2844,273476,True,utf-8,2eba5b8ec600fdd30c1fbccb3a70f4d49378b0cfad50fe357ce25d9595eea53e
/Users/mic/Downloads/20250930/sh600281.csv,sh600281.csv,sh,600281,2000-11-09,2025-09-30,5882,554581,True,utf-8,9734dff5e3c6eb5fe625d63664e0d74780444f4727448fb42913e66d7189987b
/Users/mic/Downloads/20250930/sz300416.csv,sz300416.csv,sz,300416,2015-01-22,2025-09-30,2592,252328,True,utf-8,2389f98c6f2d8239fa75094450c4a964595c48ae86e3b12550cfc6fabdd8014d
/Users/mic/Downloads/20250930/bj839371.csv,bj839371.csv,bj,839371,2023-01-18,2025-09-30,656,62768,True,utf-8,eb0c29025d9457fcf16ff44b836a36c6f4076bdba6c829d54ff899c84112d3a8
/Users/mic/Downloads/20250930/sh600280.csv,sh600280.csv,sh,600280,2000-09-26,2025-09-30,5917,557665,True,utf-8,e1611d864affcf297731a0965117f0637f94de9b47bfa145a692e0ca1a4a9a09
/Users/mic/Downloads/20250930/sz300370.csv,sz300370.csv,sz,300370,2014-01-23,2025-09-30,2746,263027,True,utf-8,1b72bac5d0f5e0e42fdb2bad4ba978d6e012733991928e8991cb625ee2854148
/Users/mic/Downloads/20250930/sh603789.csv,sh603789.csv,sh,603789,2015-04-27,2025-09-30,2520,237188,True,utf-8,4cd208981c3c604cb1e3812c5e08ef20ad7c853b46bbfe49e49564a795639132
/Users/mic/Downloads/20250930/sz300364.csv,sz300364.csv,sz,300364,2015-01-21,2025-09-30,2441,239023,True,utf-8,f883e72ebb882c6613b24eabb653d8ade8aa30a8c77a403e900eebff936fe83c
/Users/mic/Downloads/20250930/sz300402.csv,sz300402.csv,sz,300402,2014-10-10,2025-09-30,2586,251053,True,utf-8,4d0ef4259ba4d9061a08f20c636f5a657768990b20e6f0a7e0a1fe501b4757b8
/Users/mic/Downloads/20250930/sh688786.csv,sh688786.csv,sh,688786,2021-08-26,2025-09-30,994,96919,True,utf-8,1007ecf07caf739e1880e6bd3aa5e71fb5fb15c8abd0f874cf7074204adddb02
/Users/mic/Downloads/20250930/sz301052.csv,sz301052.csv,sz,301052,2021-08-30,2025-09-30,992,97611,True,utf-8,017f650f6bf31ee7771975d602458967db76f5a8839cd5fd9588658b3b67292c
/Users/mic/Downloads/20250930/sz002285.csv,sz002285.csv,sz,002285,2009-08-28,2025-09-30,3870,373765,True,utf-8,cc578b597627f7a853f629ffe22851b2d7710232a545545d1c0dcc0cfb18c71c
/Users/mic/Downloads/20250930/sz301046.csv,sz301046.csv,sz,301046,2021-08-17,2025-09-30,1001,100797,True,utf-8,9205ed1215e4a073abc99cafa688491a56926403de72dd458e28dda239320569
/Users/mic/Downloads/20250930/sz002291.csv,sz002291.csv,sz,002291,2009-09-03,2025-09-30,3761,364398,True,utf-8,31e9ab4273fac0bb9909ce9d06a4c8fd7e805037021e586ae2d17f58c92799ea
/Users/mic/Downloads/20250930/sz300358.csv,sz300358.csv,sz,300358,2014-01-21,2025-09-30,2721,265059,True,utf-8,badbcc399cc04f89dbd380628deb4ba2860c93e8accc540b0545a8d37871a181
/Users/mic/Downloads/20250930/sh603979.csv,sh603979.csv,sh,603979,2015-06-30,2025-09-30,2496,244277,True,utf-8,8f6bdd3af0e698a9b9f2eb2c7365d236d8c8c78adf0d1039ee8fa9ab42fcd687
/Users/mic/Downloads/20250930/sh601808.csv,sh601808.csv,sh,601808,2007-09-28,2025-09-30,4366,438091,True,utf-8,4d956f8a3904cacec569b8d0649bc1612c6f1fee4abd2ed6f342e9c094a088a9
/Users/mic/Downloads/20250930/sh600525.csv,sh600525.csv,sh,600525,2002-12-02,2025-09-30,5255,503119,True,utf-8,c636b934d2cc9c4faf701467ebf2f17024704c8a34254416972d52c223fc012f
/Users/mic/Downloads/20250930/sh688779.csv,sh688779.csv,sh,688779,2021-08-11,2025-09-30,1005,99554,True,utf-8,7772f2302e83203d1802e2af30bbe98c845fefa3346c7597aedf6a9a9f8b7316
/Users/mic/Downloads/20250930/sh603992.csv,sh603992.csv,sh,603992,2019-08-26,2025-09-30,1481,146273,True,utf-8,ac96b513e9dae188459325258ada460f463cd9538fbde99bf634dc0f7c17c395
/Users/mic/Downloads/20250930/sh600243.csv,sh600243.csv,sh,600243,2000-11-20,2025-09-30,5855,549937,True,utf-8,38771eaee868e54ff96bd9abe35aa2a7e698e5021723828a7842395e45c56f49
/Users/mic/Downloads/20250930/sh600257.csv,sh600257.csv,sh,600257,2000-06-12,2025-09-30,5898,544178,True,utf-8,1f4c40db3b33afe2233f11fab9a4a94398d1f1699f325f7f5b313c3217a774d4
/Users/mic/Downloads/20250930/sh603986.csv,sh603986.csv,sh,603986,2016-08-18,2025-09-30,2010,205644,True,utf-8,fba30e4147b7ea7dc8bc86f274bb8e03bcad8f321e958437ea5d18ccbc5d67d2
/Users/mic/Downloads/20250930/sh603038.csv,sh603038.csv,sh,603038,2017-01-16,2025-09-30,2114,202374,True,utf-8,8c418063f776c7d2218f61aa582503e2f6d3b2ba4626193b098c1a2907edbbcc
/Users/mic/Downloads/20250930/sh600531.csv,sh600531.csv,sh,600531,2002-07-30,2025-09-30,5556,527688,True,utf-8,b66201971de626efcb955497f3af51ed26839b1760844a14476abed86cf854a8
/Users/mic/Downloads/20250930/sz002508.csv,sz002508.csv,sz,002508,2010-11-23,2025-09-30,3605,351752,True,utf-8,05c63dc55a6a9e3720c02f1ba41d97856ceb5e8736a57bf90ad4871f038d8bf2
/Users/mic/Downloads/20250930/sh688023.csv,sh688023.csv,sh,688023,2019-11-05,2025-09-30,1436,143705,True,utf-8,7ef20b56df665567d51d3fac812b138114f82ac186c071228c1d6790a017fe54
/Users/mic/Downloads/20250930/sh603010.csv,sh603010.csv,sh,603010,2014-10-10,2025-09-30,2380,234907,True,utf-8,b5a93be75ba96a07b061e6883fe9bc86174037948b7bd9d706feee41022e9ea7
/Users/mic/Downloads/20250930/sh600519.csv,sh600519.csv,sh,600519,2001-08-27,2025-09-30,5774,596004,True,utf-8,50249e076bd080ad2c0081728c25d5455d90c182f0629b92d96a3733c00ff70a
/Users/mic/Downloads/20250930/sh601607.csv,sh601607.csv,sh,601607,2010-03-09,2025-09-30,3774,381142,True,utf-8,c23758a05a579b581471208be1792425fad918585a5c9de53efb3df0340745ce
/Users/mic/Downloads/20250930/sz002520.csv,sz002520.csv,sz,002520,2010-12-10,2025-09-30,3393,322229,True,utf-8,4cc1039793bd8463ba14a98f2f6cf2aa0e5891a158c7f9d7664bc682c2cdceae
/Users/mic/Downloads/20250930/sz002246.csv,sz002246.csv,sz,002246,2008-06-05,2025-09-30,3980,380624,True,utf-8,c4b18107e7fc2bd954878012b1a48a720ee1f3bbe2e78d32e6ab567ece8fc5d2
/Users/mic/Downloads/20250930/sz301091.csv,sz301091.csv,sz,301091,2021-10-29,2025-09-30,955,93103,True,utf-8,de8af0a7fbaa4445eec5905258b5323be0f3583499886990b32ef5e8ce2c414e
/Users/mic/Downloads/20250930/sh603776.csv,sh603776.csv,sh,603776,2017-08-17,2025-09-30,1959,192874,True,utf-8,10f889aae5628bc275253343cb10c02c87612cae2c6ffd4b65092a5f0c506938
/Users/mic/Downloads/20250930/sz002252.csv,sz002252.csv,sz,002252,2008-06-23,2025-09-30,3706,354017,True,utf-8,4efc1c3781a918f433d0dfacdcc101762446eaa4718c99ef85454ae1c143fa7d
/Users/mic/Downloads/20250930/sz301085.csv,sz301085.csv,sz,301085,2021-10-18,2025-09-30,964,92942,True,utf-8,c7df7e1663d59540d006f07e008570ea36e5aa4ed293b73d911c2968fbd63822
/Users/mic/Downloads/20250930/sz002534.csv,sz002534.csv,sz,002534,2011-01-10,2025-09-30,3526,341700,True,utf-8,59d64a905871f08622bb6ad0ca06a31e009f362db340dc1ae988d0d856efe5f6
/Users/mic/Downloads/20250930/sh688037.csv,sh688037.csv,sh,688037,2019-12-16,2025-09-30,1404,141634,True,utf-8,2c6bb710f38f76d4df64e7f3b11a75333b345544225ed04bf08b73bc16317133
/Users/mic/Downloads/20250930/sh603004.csv,sh603004.csv,sh,603004,2023-12-27,2025-09-30,428,41642,True,utf-8,d14d3ea8decf39e428000f33d7bbde6fb04a7188c50c769804510997bc8889fe
/Users/mic/Downloads/20250930/sz300172.csv,sz300172.csv,sz,300172,2011-02-01,2025-09-30,3559,336185,True,utf-8,5a3a45e6e545203e71c833f204a75661fd5f499205283a6486df44fe912898ef
/Users/mic/Downloads/20250930/sh600082.csv,sh600082.csv,sh,600082,1997-06-20,2025-09-30,6761,634463,True,utf-8,e46b9716a9779846ce013b07081bbad8f80360820275a8b53e0db53795e7c371
/Users/mic/Downloads/20250930/sz002905.csv,sz002905.csv,sz,002905,2017-10-16,2025-09-30,1937,185031,True,utf-8,4712819d99d8247ffaf830c7b882787563a043cbf4ec6cb3faf200dc58a6ad8e
/Users/mic/Downloads/20250930/sz300614.csv,sz300614.csv,sz,300614,2021-05-25,2025-09-30,1060,105268,True,utf-8,5ca355c2b6bba30576a884a53626e0f0d68753dbccc5bc3e058368a3ed10db3b
/Users/mic/Downloads/20250930/sz002911.csv,sz002911.csv,sz,002911,2017-11-22,2025-09-30,1910,182976,True,utf-8,48ea30ce33117949b631ca1b2850ac910f4b36e40736a2a744441df95cf51f41
/Users/mic/Downloads/20250930/sh600928.csv,sh600928.csv,sh,600928,2019-03-01,2025-09-30,1602,156027,True,utf-8,3464fc91a26b8e8f8fc3a0a1e49363460db937e7f9d3fee89e233d5c303d6762
/Users/mic/Downloads/20250930/sz300600.csv,sz300600.csv,sz,300600,2017-01-25,2025-09-30,2108,201330,True,utf-8,39306da1fb963c70e971bfed0a722137f1dd349cbcf0388f6085ce48920f3339
/Users/mic/Downloads/20250930/sz300166.csv,sz300166.csv,sz,300166,2011-01-25,2025-09-30,3341,325532,True,utf-8,e9a9eb351e40c93ca834c9d228277a94eb77357b51c286efcaaacee61efa49b0
/Users/mic/Downloads/20250930/sh601388.csv,sh601388.csv,sh,601388,2012-04-23,2025-09-30,3116,299547,True,utf-8,78d98bb374bd88f4cf15ebded21ecbf78225a7a568c2de32ae4dae3ec9821ee6
/Users/mic/Downloads/20250930/sz301278.csv,sz301278.csv,sz,301278,2022-08-04,2025-09-30,768,72667,True,utf-8,84b4f2083cfc4b7b2fe736b18829daa5c0877c90c1791296668f2d63fd35e375
/Users/mic/Downloads/20250930/sh600096.csv,sh600096.csv,sh,600096,1997-07-09,2025-09-30,6518,617945,True,utf-8,b133158ed9d935dd70d59ec5aac79424e5048d9664a6be74d2da3f9e555114ce
/Users/mic/Downloads/20250930/bj835985.csv,bj835985.csv,bj,835985,2022-08-08,2025-09-30,766,72862,True,utf-8,81dee67f96360a682db02cfc9d01e6b933319303ea8764cb16a849cf24182c9f
/Users/mic/Downloads/20250930/sz000860.csv,sz000860.csv,sz,000860,1998-11-04,2025-09-30,6426,626072,True,utf-8,d0da0936c35cefffd4cf6d0f811d14d74f2ca35e49c380b767a9b732ee295f9d
/Users/mic/Downloads/20250930/sz000690.csv,sz000690.csv,sz,000690,1997-01-28,2025-09-30,6838,646175,True,utf-8,0f8c1e54959ca18f1bf6d3bc5ec54e9421bc89d3f43bf5d9bd7f8b023cd6c653
/Users/mic/Downloads/20250930/sz000848.csv,sz000848.csv,sz,000848,1997-11-13,2025-09-30,6670,630698,True,utf-8,336a6f80f89124de9d5de82d69373cdf138165ca6d134635d70c452d843efdff
/Users/mic/Downloads/20250930/sh688584.csv,sh688584.csv,sh,688584,2024-02-08,2025-09-30,398,40560,True,utf-8,46a03349dd06275ef1395d81acfc0c3efe9d4befee2a82b2f5c069622aba2799
/Users/mic/Downloads/20250930/sz301536.csv,sz301536.csv,sz,301536,2024-03-28,2025-09-30,369,36217,True,utf-8,ccd8a20cf3d73635dfa6f105597c6fc4cb57ea3391cd748e33c606aae2a352ba
/Users/mic/Downloads/20250930/sz002939.csv,sz002939.csv,sz,002939,2018-10-26,2025-09-30,1685,166638,True,utf-8,9d58defeb09ad38327369e1baec13ae1fb66d595314fed67ab517f751d20c740
/Users/mic/Downloads/20250930/sh600900.csv,sh600900.csv,sh,600900,2003-11-18,2025-09-30,4891,489536,True,utf-8,c95309de81dc22398c9afa27715b56d949c8e7e2bf79614652997c728cb12967
/Users/mic/Downloads/20250930/sz300628.csv,sz300628.csv,sz,300628,2017-03-17,2025-09-30,2078,207605,True,utf-8,7f21061a89aa99120656b092ad5db3165cc46dec53144c28ed119dd833969ec8
/Users/mic/Downloads/20250930/sz301522.csv,sz301522.csv,sz,301522,2024-10-16,2025-09-30,238,23262,True,utf-8,54ba4b852160c442ae116f69b21b0efff320afddc70bcf25977714d8055e50d4
/Users/mic/Downloads/20250930/sh688590.csv,sh688590.csv,sh,688590,2020-12-07,2025-09-30,1171,115272,True,utf-8,2577f4283b9fb97f633ce3459ffaab190ee83b253c865a86effbda48d9387e55
/Users/mic/Downloads/20250930/sz002093.csv,sz002093.csv,sz,002093,2006-12-15,2025-09-30,4514,433893,True,utf-8,43bb71027e67d5037eaef5f600193016966e4e3fff52df045f7e2dfee9be64b9
/Users/mic/Downloads/20250930/sz002078.csv,sz002078.csv,sz,002078,2006-11-16,2025-09-30,4531,442143,True,utf-8,12c80cc925ad5d27dd81c80a048f8bbf6fe3700c74232b0a71d2a80b719b4ccf
/Users/mic/Downloads/20250930/sz001217.csv,sz001217.csv,sz,001217,2021-09-29,2025-09-30,972,96720,True,utf-8,a964181a6ad9dbfa4d0dd49a0190c4cdd06b5778f36e0bd22444738a98c77a70
/Users/mic/Downloads/20250930/sh600727.csv,sh600727.csv,sh,600727,1996-07-02,2025-09-30,6563,627287,True,utf-8,7ccb4ab2665a1e4aab4fde73a860d0c0f26ecca578ecd2fb88f0c0e940e8403e
/Users/mic/Downloads/20250930/sh600733.csv,sh600733.csv,sh,600733,1996-08-16,2025-09-30,6471,605869,True,utf-8,41b3c3860ef9711f79e72deba76877c2ab088d81b705d90ecc66cc68543bc781
/Users/mic/Downloads/20250930/sh688209.csv,sh688209.csv,sh,688209,2022-04-19,2025-09-30,831,81735,True,utf-8,ded65bf9fc6d3180921de10f8dd0f80ebf451821958355aad278ac1b131ef76a
/Users/mic/Downloads/20250930/sz001203.csv,sz001203.csv,sz,001203,2021-05-10,2025-09-30,1071,105174,True,utf-8,8a72355d89ffee8e09cccbe601b7380803d9188a658d0c99f19010bd55b9e143
/Users/mic/Downloads/20250930/sh600055.csv,sh600055.csv,sh,600055,1997-05-19,2025-09-30,6662,630555,True,utf-8,f988c09e0ba807cb26319b74803b0fd0310faeca2c89529071df2db2232d42b2
/Users/mic/Downloads/20250930/sz301293.csv,sz301293.csv,sz,301293,2023-05-05,2025-09-30,588,58184,True,utf-8,4d2d47e661e793ae84638a7f0fd957478d74df49440f916dd2a737cc7fa9dfd3
/Users/mic/Downloads/20250930/sz002044.csv,sz002044.csv,sz,002044,2005-05-18,2025-09-30,4592,446368,True,utf-8,2edd9f3a811c4b0da2de13434c4650a4bf95baa6354d223185aedfd02c19a3fb
/Users/mic/Downloads/20250930/sz002722.csv,sz002722.csv,sz,002722,2014-01-28,2025-09-30,2750,272380,True,utf-8,b4c3e0ad93b929776a7ba9bb8aac8c8dbd6bbe3fcc0081ab9f9167fcd1124986
/Users/mic/Downloads/20250930/sz300833.csv,sz300833.csv,sz,300833,2020-05-20,2025-09-30,1306,126159,True,utf-8,98af60bbe15ea1c7402ab1d95c5a88176fdacff5f74c72109a2466ea8e7fc525
/Users/mic/Downloads/20250930/sh603212.csv,sh603212.csv,sh,603212,2020-04-30,2025-09-30,1317,129830,True,utf-8,cb7264d1ba93ab4535387e29497ae995981ec571cb6133ac63616aa47e6976d7
/Users/mic/Downloads/20250930/sh688221.csv,sh688221.csv,sh,688221,2020-10-28,2025-09-30,1199,116306,True,utf-8,2bbaa274dcb843fff97d8162879a4d2800fd7a999302e1898c6a03695a9e4cd2
/Users/mic/Downloads/20250930/sh603206.csv,sh603206.csv,sh,603206,2022-05-06,2025-09-30,831,80954,True,utf-8,c6a9b803b47382bddb28195642fa1db977e9cd04b38c832eb586127727c38a0f
/Users/mic/Downloads/20250930/sh688235.csv,sh688235.csv,sh,688235,2021-12-15,2025-09-30,922,93724,True,utf-8,a7f7befaa3cc42c36e36df76dbaf3f46a556b2ed4fc4b2ee3a12ef84ef99599a
/Users/mic/Downloads/20250930/sz002736.csv,sz002736.csv,sz,002736,2014-12-29,2025-09-30,2600,258402,True,utf-8,0db6bd9fb9c4a4fb5a92973ff7e398a5abeedb5331214f9ca05a9bd9104931c2
/Users/mic/Downloads/20250930/sz300827.csv,sz300827.csv,sz,300827,2020-04-10,2025-09-30,1316,129435,True,utf-8,19fe9acae549324bf95c7e95d1f8ff8f6cc34534536c9c6683e198c50fe6bc9e
/Users/mic/Downloads/20250930/sz301287.csv,sz301287.csv,sz,301287,2023-06-14,2025-09-30,560,53942,True,utf-8,82317bcce63d857e7dc846748307c782caaf7e2d514c0cd311c0de2925b0f063
/Users/mic/Downloads/20250930/sh601377.csv,sh601377.csv,sh,601377,2010-10-13,2025-09-30,3615,353379,True,utf-8,4648d15605ce3dbc0442d98f362cf1cb7c03ac694b10f9a5e613461ac7274114
/Users/mic/Downloads/20250930/sz300199.csv,sz300199.csv,sz,300199,2011-04-07,2025-09-30,3366,327472,True,utf-8,2304ebe25ccd0bc4a53cd9d1b4ee32fc7aacecb72ff9bd737abdc1dde5c3b8bb
/Users/mic/Downloads/20250930/sz002050.csv,sz002050.csv,sz,002050,2005-06-07,2025-09-30,4715,458382,True,utf-8,7e7098043244e0a3207d6f1721cc353d9c74faaa1c763347d3a09060e30b46c1
/Users/mic/Downloads/20250930/sh605111.csv,sh605111.csv,sh,605111,2020-09-28,2025-09-30,1215,120350,True,utf-8,7c98c41842e0acfbdb8a6360b68ba7d0f0b63c7467bbd6f54cb5afb266438332
/Users/mic/Downloads/20250930/sh688553.csv,sh688553.csv,sh,688553,2021-10-26,2025-09-30,958,94684,True,utf-8,ec88da6c9353720ff8795eb5cb4b6d37c51c0fb415bf166d35b4877e2ee62147
/Users/mic/Downloads/20250930/sz000900.csv,sz000900.csv,sz,000900,1999-01-28,2025-09-30,6212,592283,True,utf-8,8b9fb551f65bc8d88f42be3543ffb51957b29a82c2cf5d5197573c6869797498
/Users/mic/Downloads/20250930/sz301318.csv,sz301318.csv,sz,301318,2022-08-10,2025-09-30,764,74257,True,utf-8,c41ab4833b0328f2c71ae5ef7f8a7308caeeacc9f433734e9a964b0594053137
/Users/mic/Downloads/20250930/sz300006.csv,sz300006.csv,sz,300006,2009-10-30,2025-09-30,3737,354520,True,utf-8,f211667eba9e5fbc172eaac9ef7246cffcb28632bb7cfdef45a1c23622a94c8b
/Users/mic/Downloads/20250930/sz300760.csv,sz300760.csv,sz,300760,2018-10-16,2025-09-30,1693,180746,True,utf-8,b308d4ba4b8ba479a44004e2c949d8036eec001d5566757c93d144924d65d287
/Users/mic/Downloads/20250930/sh600848.csv,sh600848.csv,sh,600848,1994-03-24,2025-09-30,7206,683179,True,utf-8,a8ef2715bb5c62ab1786a201621440749bd3aaf85af7391761828f6d87409725
/Users/mic/Downloads/20250930/sz002871.csv,sz002871.csv,sz,002871,2017-05-11,2025-09-30,2042,192785,True,utf-8,dc86ab2d2359605f0e47aea7c6824fee012a1d9c8bd97a2df78fa13ba7f1fc95
/Users/mic/Downloads/20250930/sh600690.csv,sh600690.csv,sh,600690,1993-11-19,2025-09-30,7577,743066,True,utf-8,542c6121143bf5c9290229f5624b5aaab879b015ca7e9cbed860f06bc0bdb662
/Users/mic/Downloads/20250930/sh603399.csv,sh603399.csv,sh,603399,2012-08-24,2025-09-30,2974,288144,True,utf-8,19ca22484039d66b9914dd3bcbf1a8266efb927465eaab47733c1b70006c1c61
/Users/mic/Downloads/20250930/sz300774.csv,sz300774.csv,sz,300774,2021-08-04,2025-09-30,1010,97288,True,utf-8,edf62d17802fdf8fb39cbe9619bfe1c28021bccf3bd6c4c0fe56c9d0ad7ce9ce
/Users/mic/Downloads/20250930/sz002865.csv,sz002865.csv,sz,002865,2017-04-25,2025-09-30,2053,201691,True,utf-8,a2abb99d4faffa1dafe2bce7f78cbba6c61e41c894ffa00dbd1e835940c76d46
/Users/mic/Downloads/20250930/sh600684.csv,sh600684.csv,sh,600684,1993-10-28,2025-09-30,7716,741407,True,utf-8,82bf16e33ac2ce3f557c0430398cc3bbcb0556ce3d19fbdb26313aec8d35ffdc
/Users/mic/Downloads/20250930/sz300012.csv,sz300012.csv,sz,300012,2009-10-30,2025-09-30,3772,367795,True,utf-8,657995ce09290f5c9a1cba55084e39023056ba7945a21759480b4db8668f47db
/Users/mic/Downloads/20250930/bj830779.csv,bj830779.csv,bj,830779,2023-06-01,2025-09-30,569,54652,True,utf-8,86f82f42da8a229387408819ae489fa7a85cd3848f45cd22cd136f85191bce72
/Users/mic/Downloads/20250930/bj873132.csv,bj873132.csv,bj,873132,2023-11-16,2025-09-30,457,45938,True,utf-8,4e6d13d906f8ab5f728409f8b3e59dbe1feeb8c21dcb9507e0a63b57bcbd7039
/Users/mic/Downloads/20250930/sh688396.csv,sh688396.csv,sh,688396,2020-02-27,2025-09-30,1361,138343,True,utf-8,3906733530465153dbeb27cdb1be088d3e6de98f82aabd34bacbca1018ea5e77
/Users/mic/Downloads/20250930/sh600874.csv,sh600874.csv,sh,600874,1995-06-30,2025-09-30,7260,691822,True,utf-8,4cb622f178cf9a24b0b2f18c500727207f5646cad596689600f5d8f981d0b534
/Users/mic/Downloads/20250930/sz002695.csv,sz002695.csv,sz,002695,2012-09-05,2025-09-30,3161,309493,True,utf-8,842f5eb28b2f062810a6779869aeac574efe233b7e1cacf5c616b86c0de4773a
/Users/mic/Downloads/20250930/sz300984.csv,sz300984.csv,sz,300984,2021-06-18,2025-09-30,1043,100427,True,utf-8,3e3b5a98058da6767018dee68cdcda89cafc2e6a68b67b384c8b391e5f404076
/Users/mic/Downloads/20250930/sz300748.csv,sz300748.csv,sz,300748,2018-09-21,2025-09-30,1704,169843,True,utf-8,4e3893b9763713eb67d93a7b7674535d851bf2b4122365d6646dd52e756f7175
/Users/mic/Downloads/20250930/sh600860.csv,sh600860.csv,sh,600860,1994-05-06,2025-09-30,7351,667188,True,utf-8,c5ef3971eb985d61560637b3ce2a9598f33d67bf9a466421f74cb96b2963a454
/Users/mic/Downloads/20250930/sz002681.csv,sz002681.csv,sz,002681,2012-06-05,2025-09-30,3087,295012,True,utf-8,1dbcde21139bf7581c164b7d919e0758b5891ea583ee3858b98134b60859882d
/Users/mic/Downloads/20250930/sz300990.csv,sz300990.csv,sz,300990,2021-05-12,2025-09-30,1069,103424,True,utf-8,d83c08f1843c1f4e1cf6acc57cf5b722e380abee8c792873df7eb5c6ccf1f9d7
/Users/mic/Downloads/20250930/sz301456.csv,sz301456.csv,sz,301456,2023-07-14,2025-09-30,540,53045,True,utf-8,00d80926ff71d70d99f3913a1bc772a89873ed54a63217148d78637067a8aaff
/Users/mic/Downloads/20250930/sz002859.csv,sz002859.csv,sz,002859,2017-04-07,2025-09-30,2065,205270,True,utf-8,0a75b5bc6ee57666f3393e917661be2c1391809bbcafdad0c939a62bc9b64bf4
/Users/mic/Downloads/20250930/sz000096.csv,sz000096.csv,sz,000096,2000-07-24,2025-09-30,6057,583272,True,utf-8,bca73b9e97ff4498d20876195263658cd10dc105018300220b94fc68bcdd2ef1
/Users/mic/Downloads/20250930/sz001388.csv,sz001388.csv,sz,001388,2025-07-01,2025-09-30,66,6502,True,utf-8,00bda7cdc68b0c2ff1aaee003219a4bfbca416f9f0023f5f249a1b02a9e758a9
/Users/mic/Downloads/20250930/sh688382.csv,sh688382.csv,sh,688382,2022-07-25,2025-09-30,776,75955,True,utf-8,e37ed2373e24306140a8b9a760424d4727a012025e8a0a8926c34cf39292858a
/Users/mic/Downloads/20250930/sz000928.csv,sz000928.csv,sz,000928,1999-03-12,2025-09-30,6253,592931,True,utf-8,c7367e78511b52ad93efcfc06e132fce1fc5976f18328a2e88fb5c0a1cfda2d7
/Users/mic/Downloads/20250930/sz301330.csv,sz301330.csv,sz,301330,2022-08-17,2025-09-30,759,75139,True,utf-8,09456175cb13e3b25456a8e874743d71b05d1184bb09c0527ae73d7a8b4cefe3
/Users/mic/Downloads/20250930/sh600135.csv,sh600135.csv,sh,600135,1998-01-22,2025-09-30,6624,636889,True,utf-8,f5c75bb9473a308a0fdc9f06ff6b395300cfae67a112f131eeacb05571e51216
/Users/mic/Downloads/20250930/sh688369.csv,sh688369.csv,sh,688369,2019-10-31,2025-09-30,1439,140003,True,utf-8,5588a0527b48d94927ca8c4d3cf12a0f7fc3b7416f3f210fb556aa8b40650048
/Users/mic/Downloads/20250930/sh600653.csv,sh600653.csv,sh,600653,1991-02-26,2025-09-30,8111,770848,True,utf-8,eaac0717ee64aa59c8f4ddc4a6ef99bb65768b06b80f4c1e2015c724b804e427
/Users/mic/Downloads/20250930/sz000069.csv,sz000069.csv,sz,000069,1997-09-10,2025-09-30,6662,647821,True,utf-8,a02c1bae1b3c89db83ecdf7e9a52b707f895c25c6f144e7e41692b03cb9009d2
/Users/mic/Downloads/20250930/sh600121.csv,sh600121.csv,sh,600121,1998-01-07,2025-09-30,6532,620803,True,utf-8,ce2d750a12ba216172eb6869e2596684dc04392e7e2b55c86bd77b2faed767a6
/Users/mic/Downloads/20250930/sz000727.csv,sz000727.csv,sz,000727,1997-05-20,2025-09-30,6663,636216,True,utf-8,39503dfbc202d4a514a2d4e679fda776679181143dedf166e76eb2fb930d125d
/Users/mic/Downloads/20250930/sh603400.csv,sh603400.csv,sh,603400,2025-06-20,2025-09-30,73,7151,True,utf-8,2646031e7fefeb785c4fc02c5d3751af4bf8a919c1feec9a5280a5fcf407ffbc
/Users/mic/Downloads/20250930/sh688433.csv,sh688433.csv,sh,688433,2023-04-17,2025-09-30,599,58870,True,utf-8,7912e035f4c83caa49c91588719abbb883ad703260c3069502336e61530aea4b
/Users/mic/Downloads/20250930/sz002130.csv,sz002130.csv,sz,002130,2007-04-20,2025-09-30,4389,419816,True,utf-8,67301414d5acebe83adcf68792709459e233da34e5ae9b1d933fc98e8ea31654
/Users/mic/Downloads/20250930/sh600109.csv,sh600109.csv,sh,600109,1997-08-07,2025-09-30,6649,636815,True,utf-8,a3afad802ff05b5a6cb3621c8ba0cf2008d396c5345a97a8d7268c0e69a30c72
/Users/mic/Downloads/20250930/sz300947.csv,sz300947.csv,sz,300947,2021-02-10,2025-09-30,1125,109355,True,utf-8,f7e9d455ef508833c47bc2f8d230392945c4abdfeebffe8f6e61d5f607ebbc05
/Users/mic/Downloads/20250930/bj839946.csv,bj839946.csv,bj,839946,2016-11-25,2025-09-30,1132,104826,True,utf-8,b47bdcbc4f87fa26dff7b9261077703bb9297f0320795a87705ad39aa1c89ca2
/Users/mic/Downloads/20250930/sz002656.csv,sz002656.csv,sz,002656,2012-02-28,2025-09-30,2932,275912,True,utf-8,43d23ab5c4e48b98ab55dfb9ab4775bbe70fd140138c0f02df474790500b5c31
/Users/mic/Downloads/20250930/sh688355.csv,sh688355.csv,sh,688355,2021-05-12,2025-09-30,1069,104817,True,utf-8,4bc5999908be70abde7abc4f5992ee6302347b2bcbf01e4b83be339a4d6d0590
/Users/mic/Downloads/20250930/sh603366.csv,sh603366.csv,sh,603366,2012-05-21,2025-09-30,3250,293119,True,utf-8,7efcf32f9f246a92cade48c7f4acd0d8687c10f0589956e8441e22d8ae1a7e11
/Users/mic/Downloads/20250930/sz000055.csv,sz000055.csv,sz,000055,1996-04-15,2025-09-30,7068,667028,True,utf-8,8775daccb00103b3c0dec4cb064940e6daff4ce4094a2e8541dc120623c4594e
/Users/mic/Downloads/20250930/sz300953.csv,sz300953.csv,sz,300953,2021-03-18,2025-09-30,1104,108479,True,utf-8,3a6c14427df8f02fb1d2d31565062612864aa1d89dfa478a6927430a57249614
/Users/mic/Downloads/20250930/sz002642.csv,sz002642.csv,sz,002642,2011-12-20,2025-09-30,3090,295124,True,utf-8,40a90c207c15b34a06c24248bfc3c1508e838da6ed7b955288ef948db13ca7f2
/Users/mic/Downloads/20250930/sz002124.csv,sz002124.csv,sz,002124,2007-04-03,2025-09-30,4425,424468,True,utf-8,9946dd54d4f129a17a7f2be4051ac49faf38b512ddb92ad2231a695a0b1eedbc
/Users/mic/Downloads/20250930/sz000733.csv,sz000733.csv,sz,000733,1997-07-03,2025-09-30,6776,662714,True,utf-8,5ec5bc269f2205c455095503f186242e523412d2c1f788dcd5c5f18f9bb26ca1
/Users/mic/Downloads/20250930/sz300562.csv,sz300562.csv,sz,300562,2016-11-16,2025-09-30,2156,211885,True,utf-8,73940a2d334ae1f93c34b60c15d6034b5c84c727a8ac9236c1948941bd67399b
/Users/mic/Downloads/20250930/sz300204.csv,sz300204.csv,sz,300204,2011-04-15,2025-09-30,3516,342492,True,utf-8,1ca87e88cfc4ed295bdb6fd3307db193f3ad87bb0b4282be611d69cabdf26887
/Users/mic/Downloads/20250930/sh603825.csv,sh603825.csv,sh,603825,2017-08-02,2025-09-30,1898,184384,True,utf-8,06a68e1299eae3b85c7e99aa6cb9f4ad9d470371b6060b5c0f5bf9a4e74af32a
/Users/mic/Downloads/20250930/sh605298.csv,sh605298.csv,sh,605298,2021-03-01,2025-09-30,1117,106938,True,utf-8,217c17a521979bc6606beeb213361fb99f9d15673b22b08240663ef339d4e91e
/Users/mic/Downloads/20250930/sz300210.csv,sz300210.csv,sz,300210,2011-04-26,2025-09-30,3461,331826,True,utf-8,ead3ee817b9b48b1367f07307828ddedab049e2849e2c5a53f2933fafcb73e54
/Users/mic/Downloads/20250930/sh600486.csv,sh600486.csv,sh,600486,2002-04-25,2025-09-30,5637,539281,True,utf-8,c70abd600bcdb2b774d10bd8c6b18f1b8e1ecdb9fc5451e35b6e7e0e03fad5ad
/Users/mic/Downloads/20250930/sz301668.csv,sz301668.csv,sz,301668,2025-09-26,2025-09-30,3,361,True,utf-8,433b0b81a0efdce8aedbc7f1e801172ae4c8e0f3533f859f571c7fa129ac4b6b
/Users/mic/Downloads/20250930/sh601798.csv,sh601798.csv,sh,601798,2011-06-22,2025-09-30,3401,324592,True,utf-8,32a303349e998412e67be831c4ac1658b77e4937800649cedee9bc250610d7fb
/Users/mic/Downloads/20250930/sz300576.csv,sz300576.csv,sz,300576,2016-12-20,2025-09-30,2125,204002,True,utf-8,9778eb0a71b1a63614b0053483218ecc9c51dac87b2fc172fc88076176526a07
/Users/mic/Downloads/20250930/sh601968.csv,sh601968.csv,sh,601968,2015-06-11,2025-09-30,2487,238515,True,utf-8,35f8f31e88e13fb2fc6805898711cb0abd0806bca0b5576650a0ea695596dfc7
/Users/mic/Downloads/20250930/sz002497.csv,sz002497.csv,sz,002497,2010-11-09,2025-09-30,3562,343102,True,utf-8,a5aff778a8a9021b9c9cf1ba0005a619537e78d1a54cd2307f3a081cf756437d
/Users/mic/Downloads/20250930/sh603819.csv,sh603819.csv,sh,603819,2016-11-25,2025-09-30,2145,206678,True,utf-8,b655383fd2ecbdde562766af473dcafd43c54a9c3587f520f8bd29a15b65cec0
/Users/mic/Downloads/20250930/sz300238.csv,sz300238.csv,sz,300238,2011-07-06,2025-09-30,3228,325637,True,utf-8,410e71dbd927b51327051b24524dc96046d975397c1ebc12eb338e5adab30e8b
/Users/mic/Downloads/20250930/sz301126.csv,sz301126.csv,sz,301126,2021-12-07,2025-09-30,928,90361,True,utf-8,9c886f87fb0c839ebffdadb5974040b95c0ae028fb0b4d696308799b53d07750
/Users/mic/Downloads/20250930/sz301132.csv,sz301132.csv,sz,301132,2022-08-10,2025-09-30,764,74204,True,utf-8,70ffd23971558125d3c20e2be24529211482fe1b55174080e24e5ae0530f8cc0
/Users/mic/Downloads/20250930/sh688180.csv,sh688180.csv,sh,688180,2020-07-15,2025-09-30,1268,127205,True,utf-8,8815278dd3a344990bb663603848ca3b8fcede0c48d85d8af6b9a09b7c9fd73a
/Users/mic/Downloads/20250930/sz002483.csv,sz002483.csv,sz,002483,2010-09-29,2025-09-30,3490,327946,True,utf-8,9cc4eff2a15ca518878d4505dc6938b01d40ab71fe8defa17496f649cb4c1b67
/Users/mic/Downloads/20250930/sz002468.csv,sz002468.csv,sz,002468,2010-09-08,2025-09-30,3523,345022,True,utf-8,cdb9cb52b22833b851100c437e6c51788e0879d59c176d03b50482747ec47d8d
/Users/mic/Downloads/20250930/sh601997.csv,sh601997.csv,sh,601997,2016-08-16,2025-09-30,2218,213229,True,utf-8,84d2cec54d82559738df590355f185d2878ba5cf86ca7f7eb80cd0f439f4644d
/Users/mic/Downloads/20250930/sh603158.csv,sh603158.csv,sh,603158,2015-03-20,2025-09-30,2526,241283,True,utf-8,05d371bf7b4c2392fe8039c54916448043d05fb5a885a08ba750c991576044e4
/Users/mic/Downloads/20250930/sz000519.csv,sz000519.csv,sz,000519,1993-10-08,2025-09-30,7482,716275,True,utf-8,c8c4958f208ee8dd8c90e7cba6536f0714b1aac31536e525e9555c0f7cf2d4bf
/Users/mic/Downloads/20250930/sz003010.csv,sz003010.csv,sz,003010,2020-09-25,2025-09-30,1216,115273,True,utf-8,4bbff80c411ca2ae761164744fb08836a593236b544eed3366e954818014a33a
/Users/mic/Downloads/20250930/sh600337.csv,sh600337.csv,sh,600337,2000-11-27,2025-09-30,5907,558294,True,utf-8,651bd42f5e7027c7d23294d2fea469a44bd60bc153f4a836c1d2491d5b2be16e
/Users/mic/Downloads/20250930/sz003004.csv,sz003004.csv,sz,003004,2020-11-26,2025-09-30,1177,114102,True,utf-8,b55d4761e872b86d54a26e7170839adec50c241aa9177b714352149e3c79a169
/Users/mic/Downloads/20250930/sh600323.csv,sh600323.csv,sh,600323,2000-12-25,2025-09-30,5877,581003,True,utf-8,16bffe7e5aa573fc1d6967490b1b7454d8c21c04505100324811b26d7b03c4d1
/Users/mic/Downloads/20250930/bj831856.csv,bj831856.csv,bj,831856,2015-11-12,2025-09-30,1271,117621,True,utf-8,2c704997e2b14145903b7bdcbe61edf4d6815f0b7fa540162c7acadf0c17fb76
/Users/mic/Downloads/20250930/sh688619.csv,sh688619.csv,sh,688619,2021-02-23,2025-09-30,1121,107726,True,utf-8,9f99d4d05323566f4db36628c2b365cf60fe42302758da504242d4473f583730
/Users/mic/Downloads/20250930/sh688157.csv,sh688157.csv,sh,688157,2020-06-09,2025-09-30,1282,124473,True,utf-8,79b06ab447b91ac839563050ab44f369f520d3d60ed3a24923f4aa88c32fc6c9
/Users/mic/Downloads/20250930/sz002454.csv,sz002454.csv,sz,002454,2010-07-20,2025-09-30,3640,347250,True,utf-8,ebeb5417174af50355eec38867b83ae59883889b5955f3476598611b1f051a8b
/Users/mic/Downloads/20250930/sh601015.csv,sh601015.csv,sh,601015,2014-11-05,2025-09-30,2646,253569,True,utf-8,6870fefdfa6f7032ba84771c45f5cc88137a8790bf1042306351255851a5061d
/Users/mic/Downloads/20250930/sz002332.csv,sz002332.csv,sz,002332,2010-01-12,2025-09-30,3793,368009,True,utf-8,e126516b7ba024e40635e72c8e95b8eb66cad444d51a13d002274e72ab2f658f
/Users/mic/Downloads/20250930/sh688631.csv,sh688631.csv,sh,688631,2023-06-28,2025-09-30,552,55665,True,utf-8,df358007b19475e36a71cadd8b7e71de9dc96e1eb4f2d1cc7afc7ab6251bf643
/Users/mic/Downloads/20250930/sh603602.csv,sh603602.csv,sh,603602,2017-08-10,2025-09-30,1917,186093,True,utf-8,36440056f36beb1dda04b77a852b3ccd919ec403dd50f89f8dfd24c69663d401
/Users/mic/Downloads/20250930/bj872953.csv,bj872953.csv,bj,872953,2023-08-23,2025-09-30,512,48884,True,utf-8,1aa13db69c9a0ca1f9431a270fef78d33b643df4f33402343e81da5e34f8f733
/Users/mic/Downloads/20250930/sz000525.csv,sz000525.csv,sz,000525,1993-10-28,2025-09-30,7618,726260,True,utf-8,ff4bcfe3d8da1e3cddd76d1f70dd8eea26e8698899cf1377c066bad384d52b44
/Users/mic/Downloads/20250930/sh688625.csv,sh688625.csv,sh,688625,2021-06-07,2025-09-30,1051,102002,True,utf-8,f317b85f52c131b0ba95545c9dbbcde2e7a165446642545098714a636c54d732
/Users/mic/Downloads/20250930/sh603616.csv,sh603616.csv,sh,603616,2015-06-11,2025-09-30,2490,239135,True,utf-8,a4ddb7202d43ca0b37dfb393b96a1782766bce0ab2c2a62ec06dea314a08144a
/Users/mic/Downloads/20250930/sz000531.csv,sz000531.csv,sz,000531,1994-01-06,2025-09-30,7507,710184,True,utf-8,96b67bd0ce863df0543d0db6a93f7d26f752d5c6212434544f275e9b29340fe4
/Users/mic/Downloads/20250930/sz003038.csv,sz003038.csv,sz,003038,2021-02-10,2025-09-30,1125,110121,True,utf-8,ffadef75cfefda4cd8b88d7cfeca2c93bd89e455efdadb6498c6138dfe6d2e93
/Users/mic/Downloads/20250930/sh601001.csv,sh601001.csv,sh,601001,2006-06-23,2025-09-30,4502,441173,True,utf-8,182a35ae807d87c9985ea4cbe6991932fe0eddc42822cd12d75224800fb99d00
/Users/mic/Downloads/20250930/sz002326.csv,sz002326.csv,sz,002326,2009-12-22,2025-09-30,3718,360597,True,utf-8,1a4765925d4d03b6febc3d0e835532d87100ed53211f3d4277412b78e12a3e16
/Users/mic/Downloads/20250930/sz002440.csv,sz002440.csv,sz,002440,2010-07-06,2025-09-30,3640,352411,True,utf-8,d291b05867276f68369a9f54077b7443db18a47489a7612df2ffb041ec696483
/Users/mic/Downloads/20250930/sz300589.csv,sz300589.csv,sz,300589,2017-01-13,2025-09-30,2118,207717,True,utf-8,94d94e21fe7205fd31dd012af1f9cbe70cbab4ff984bee1c0c5d96125e0a24f5
/Users/mic/Downloads/20250930/sh600479.csv,sh600479.csv,sh,600479,2004-03-12,2025-09-30,5174,491221,True,utf-8,020a197c42df03832b2685d2b5921f0677421db4ccdc847020346141b0db55dd
/Users/mic/Downloads/20250930/sh603170.csv,sh603170.csv,sh,603170,2022-07-15,2025-09-30,782,76620,True,utf-8,d23ff38418ff6fd033c990e5bf8380ea8d9c078ee749cc630c0aa8ad8a1e3668
/Users/mic/Downloads/20250930/sh688143.csv,sh688143.csv,sh,688143,2022-12-12,2025-09-30,674,66787,True,utf-8,41a79bda53e2df25a2480242911dbf57fc76997b6fc4617d3f545162ec310137
/Users/mic/Downloads/20250930/sz002478.csv,sz002478.csv,sz,002478,2010-09-21,2025-09-30,3564,339047,True,utf-8,4451baab2c91b3bc77bcc881743b096e410ff6e7e7cdb1987ab4c8d48193b357
/Users/mic/Downloads/20250930/sz000509.csv,sz000509.csv,sz,000509,1993-05-07,2025-09-30,7310,692553,True,utf-8,95903999ebad8c06a850d8e09c1692c27bcb7a58a71f09d0d278fe0159546db8
/Users/mic/Downloads/20250930/sz003000.csv,sz003000.csv,sz,003000,2020-09-14,2025-09-30,1225,120224,True,utf-8,003153078fb5a2655f2a8eee82e00477008e8d2f00abd972fccbe515c6e5eeac
/Users/mic/Downloads/20250930/sh600327.csv,sh600327.csv,sh,600327,2002-06-25,2025-09-30,5586,533713,True,utf-8,7163b39a09b29bccfb4118df2d59a0283207a9b47d8563c3c41228cd10ecdf57
/Users/mic/Downloads/20250930/sh600333.csv,sh600333.csv,sh,600333,2000-12-11,2025-09-30,5921,559149,True,utf-8,a0ba447f1b125b3eb2612595a2a065364a7371da258d091daec1cc0e8a64c74d
/Users/mic/Downloads/20250930/sh688609.csv,sh688609.csv,sh,688609,2021-03-23,2025-09-30,1101,103311,True,utf-8,50796d531044bd5768acebada40c532702d6dea41f10e070632c30e053d96022
/Users/mic/Downloads/20250930/sh600455.csv,sh600455.csv,sh,600455,2004-03-29,2025-09-30,4493,428128,True,utf-8,4688ba1804f3822197efcee3b5eee642c98e99a312f018d979719b59152c131b
/Users/mic/Downloads/20250930/sh688147.csv,sh688147.csv,sh,688147,2022-12-23,2025-09-30,673,66403,True,utf-8,5f4e366383917aef99a01bfc96a5afb1dfa9a0be1146c9d685a9dd916b398c41
/Users/mic/Downloads/20250930/sz002444.csv,sz002444.csv,sz,002444,2010-07-13,2025-09-30,3690,364528,True,utf-8,ce9527b29f42cc8f18f5f5f4020f7fb1ef7bac0d72035a21fde6dd5bc2352b8b
/Users/mic/Downloads/20250930/sh601005.csv,sh601005.csv,sh,601005,2007-02-28,2025-09-30,4070,392110,True,utf-8,59d96c80773ceac1e2faa081db2233ea4fa608a42364e678586262bd24d55a68
/Users/mic/Downloads/20250930/sz002322.csv,sz002322.csv,sz,002322,2009-12-18,2025-09-30,3700,361886,True,utf-8,dde6b17266f953c8e3ecfc8414655c7b0d4f51cb5ff1aee323570562534cc091
/Users/mic/Downloads/20250930/sh603612.csv,sh603612.csv,sh,603612,2017-07-18,2025-09-30,1985,197547,True,utf-8,65d705b540ae3bcdc174437d2590393557c7e504239ea66c7330074246f35314
/Users/mic/Downloads/20250930/sh688621.csv,sh688621.csv,sh,688621,2021-06-21,2025-09-30,1023,99230,True,utf-8,ab9169c82d0ccad9ff501a747654c4b46a0cb44a91ee133dd3cc3412aacc67aa
/Users/mic/Downloads/20250930/sh603606.csv,sh603606.csv,sh,603606,2014-10-15,2025-09-30,2661,259321,True,utf-8,54ac8b5cf86b8c84057723a0fdfbd6536c707c5069f2fff50499c4087b4950e8
/Users/mic/Downloads/20250930/sz000521.csv,sz000521.csv,sz,000521,1993-10-18,2025-09-30,7650,725290,True,utf-8,6393eb8bb0538dbb834b5bdc00aa04d2bee2a7768d561c66b8d39a97d1cd1b87
/Users/mic/Downloads/20250930/sh605277.csv,sh605277.csv,sh,605277,2021-01-06,2025-09-30,1150,111595,True,utf-8,0377203b364daea49d26cd4f85eb56b88908de67fe537854d16e8b2bd233e49a
/Users/mic/Downloads/20250930/sh601011.csv,sh601011.csv,sh,601011,2011-03-09,2025-09-30,3513,337639,True,utf-8,7e6068ba03a7b554c158bc759aa854c0f7e4b9217f9c85d495af773d65cc5ea8
/Users/mic/Downloads/20250930/sz003028.csv,sz003028.csv,sz,003028,2020-12-28,2025-09-30,1156,111858,True,utf-8,b300539fa15fe1178a9cfeebf3d224b21f503cb1188fb9a1d484fab4f62954bd
/Users/mic/Downloads/20250930/sh600469.csv,sh600469.csv,sh,600469,2003-10-21,2025-09-30,5104,480803,True,utf-8,910039a5b54ee44046d7767f45c3465254d647e3bbae728424e1a1ea5feb03bb
/Users/mic/Downloads/20250930/sh601777.csv,sh601777.csv,sh,601777,2010-11-25,2025-09-30,3564,341871,True,utf-8,cd70ec965259c11b54b93acb290c9c73f855c25eae7c7b41edab6460254666d7
/Users/mic/Downloads/20250930/sz300599.csv,sz300599.csv,sz,300599,2017-01-23,2025-09-30,2102,201996,True,utf-8,7dd1805d9cdc619f16c424982386d235c19614cc8351977f03ee0ba671a94501
/Users/mic/Downloads/20250930/sh688153.csv,sh688153.csv,sh,688153,2022-04-12,2025-09-30,846,83396,True,utf-8,85486830a78d928103d7d3a2e7712e1335d7249305a1b808e121644d49526074
/Users/mic/Downloads/20250930/sh603160.csv,sh603160.csv,sh,603160,2016-10-17,2025-09-30,2171,225173,True,utf-8,405700255c0f78f91054e49f7a2642bb176be0aff3c7d03c512f72164e314343
/Users/mic/Downloads/20250930/sz300572.csv,sz300572.csv,sz,300572,2016-12-06,2025-09-30,2140,211132,True,utf-8,60d6e8d78f470d6360bd401243384f1b5cc8e49467f7ff542d10b64099fc0861
/Users/mic/Downloads/20250930/sh600482.csv,sh600482.csv,sh,600482,2004-07-14,2025-09-30,4954,483217,True,utf-8,9c0cd5a2e7e78ffc6b2edb6129de3cab0556985c64cf1f5bc5325d6a053f1855
/Users/mic/Downloads/20250930/sz300214.csv,sz300214.csv,sz,300214,2011-05-11,2025-09-30,3451,325938,True,utf-8,faed5c38980d3ac0ef05c6743a08d5c8ee78930c3181d2e7c191844438ee5141
/Users/mic/Downloads/20250930/sh605288.csv,sh605288.csv,sh,605288,2020-06-01,2025-09-30,1298,122090,True,utf-8,d33834a57ced1d1e63f1115bdab0da47ffeb5ce18d5a41bbd5debc02e94af02e
/Users/mic/Downloads/20250930/bj920022.csv,bj920022.csv,bj,920022,2025-09-19,2025-09-30,8,840,True,utf-8,8225f4660982c9d8d74ae84900ecf24e35477329d592abaebeb037b16d663059
/Users/mic/Downloads/20250930/sz300200.csv,sz300200.csv,sz,300200,2011-04-07,2025-09-30,3470,334072,True,utf-8,67d43bcb97b246abb916409a2c86801813f4e38ae97256bc39cffda974ee1c11
/Users/mic/Downloads/20250930/sz300566.csv,sz300566.csv,sz,300566,2016-11-15,2025-09-30,2150,210505,True,utf-8,e9d8d4973777d5e2858785ede4edc911484393944af5a817742f405d41bae67f
/Users/mic/Downloads/20250930/sh601788.csv,sh601788.csv,sh,601788,2009-08-18,2025-09-30,3896,392611,True,utf-8,7ebadd4839a87e1c4925b534d2a02b8787e47aaf6fd5d3522ceaac772eeaa0c5
/Users/mic/Downloads/20250930/sz301678.csv,sz301678.csv,sz,301678,2025-06-20,2025-09-30,73,7232,True,utf-8,1b507850271b24cdd5bf8eec9a8cef47ba50ae10be2e98d6207185d14655a0dc
/Users/mic/Downloads/20250930/sh600496.csv,sh600496.csv,sh,600496,2002-06-05,2025-09-30,5570,522122,True,utf-8,e0bae2ff3f237d90f120bc9c0516936503c8866a225b9c088c8308585d7f0e8d
/Users/mic/Downloads/20250930/sz002487.csv,sz002487.csv,sz,002487,2010-10-15,2025-09-30,3615,345474,True,utf-8,41026120d1a8da4e5e55ef7ea730b7bc259fc6e52d1093f5f171ec34a7568136
/Users/mic/Downloads/20250930/sh688184.csv,sh688184.csv,sh,688184,2022-09-19,2025-09-30,736,72194,True,utf-8,ac50c394e0379c6e8431601dc4628a8a1c93b9bebe5fd43f48e0e9f87dca8c70
/Users/mic/Downloads/20250930/sh603809.csv,sh603809.csv,sh,603809,2017-11-28,2025-09-30,1906,182710,True,utf-8,18dd6adadf996ade6fef6f10b08d4859cb266ed9c91636738dc61bdcb00877e1
/Users/mic/Downloads/20250930/sz301136.csv,sz301136.csv,sz,301136,2022-01-11,2025-09-30,904,88563,True,utf-8,6fd69e1cfc34afb8a0eeb1307dce4e9abe82990fe5c853a81a31cbfee3402e3f
/Users/mic/Downloads/20250930/sz300228.csv,sz300228.csv,sz,300228,2011-06-08,2025-09-30,3412,329339,True,utf-8,214ee2a3324d6f4d530b317aa883e82e5cd8e385e885dab5bf7f76e1942106f2
/Users/mic/Downloads/20250930/sz301122.csv,sz301122.csv,sz,301122,2022-01-26,2025-09-30,893,86412,True,utf-8,b9058cce36e6b1617b942e82885ab910349b6a7634278ccc938d10cf4afc87be
/Users/mic/Downloads/20250930/bj871245.csv,bj871245.csv,bj,871245,2022-01-06,2025-09-30,907,90265,True,utf-8,326e01360aeca7b46738973f32c5a682546058e23076bbe736f1f7a07dfe8620
/Users/mic/Downloads/20250930/sh688190.csv,sh688190.csv,sh,688190,2021-11-26,2025-09-30,935,90452,True,utf-8,a83e06a197b3c8f2fecafccccfbc09cde74683c1c6bbc2c1b4cb72b8298d3d20
/Users/mic/Downloads/20250930/sz002493.csv,sz002493.csv,sz,002493,2010-11-02,2025-09-30,3616,352298,True,utf-8,da3f86eccba1a91af8ad65881ffdefff9a4b08ebdd8e7a468dbb35c4065e213b
/Users/mic/Downloads/20250930/sh600125.csv,sh600125.csv,sh,600125,1998-05-11,2025-09-30,6587,620183,True,utf-8,9eff22527a7899907e87616dad83679cb4cce2ac9392bd421794f315eea0c8b3
/Users/mic/Downloads/20250930/sz001373.csv,sz001373.csv,sz,001373,2023-06-01,2025-09-30,569,55043,True,utf-8,f71ff8deaea5a43d75ff182b9cde2dc4e177c20922748e7b998bd711ccbe90cd
/Users/mic/Downloads/20250930/sh688379.csv,sh688379.csv,sh,688379,2020-08-19,2025-09-30,1243,120983,True,utf-8,9eea468268fe32895512b2bb34d2f549d2cc5d269276a68fc1dd4b37c3497b12
/Users/mic/Downloads/20250930/sh600643.csv,sh600643.csv,sh,600643,1993-04-26,2025-09-30,7537,716339,True,utf-8,d950543a73916ad92798c69b6917ccf8adf245ba79c8a41d46d8cf2d1ecbb39e
/Users/mic/Downloads/20250930/sh600657.csv,sh600657.csv,sh,600657,1993-05-24,2025-09-30,7481,707923,True,utf-8,a1f610d25edabce942158242b23965b953fa3d30ce93cb2de3efb3cc0c0ea92c
/Users/mic/Downloads/20250930/sz001367.csv,sz001367.csv,sz,001367,2023-04-10,2025-09-30,604,58184,True,utf-8,3a557bbaa0d8ae277b6b81304b43d063c9e472d0f4618c34a4e81bd96a6037cb
/Users/mic/Downloads/20250930/sh600131.csv,sh600131.csv,sh,600131,1998-04-02,2025-09-30,6562,632039,True,utf-8,e38c634ce753c083570ae620b04ce2375a8016c88d9392b8955b4f19d680deba
/Users/mic/Downloads/20250930/sz002108.csv,sz002108.csv,sz,002108,2007-01-24,2025-09-30,4480,430226,True,utf-8,9cecf0e508e37ea691a17ecb0f3258b39cbdd164085c2489349249e1bd541246
/Users/mic/Downloads/20250930/sz000737.csv,sz000737.csv,sz,000737,1997-04-28,2025-09-30,6777,642919,True,utf-8,67582d6a1c2af6c615d8667067b1768d4244167d59dd46df8c2df0cbf1510856
/Users/mic/Downloads/20250930/sh600119.csv,sh600119.csv,sh,600119,1998-01-15,2025-09-30,6630,627407,True,utf-8,2427858d83bcebbd55eba06a71ed89ea043627af898c6b5a5feec30c3cc5a661
/Users/mic/Downloads/20250930/sz002120.csv,sz002120.csv,sz,002120,2007-03-06,2025-09-30,4391,425799,True,utf-8,3ebb8d0796cc7924c7421c02f9b438670bb88545f225725a2f31f02f01ddcaf6
/Users/mic/Downloads/20250930/sz002646.csv,sz002646.csv,sz,002646,2011-12-22,2025-09-30,3346,328696,True,utf-8,3eaadcfe29f20929dd30a5ded791b9c5f245e922a4a2c30f41f41d04d6d3188d
/Users/mic/Downloads/20250930/sz300957.csv,sz300957.csv,sz,300957,2021-03-25,2025-09-30,1099,111077,True,utf-8,93f72a9d4e6828dd6ac3cc76e4b80eee5c05b52f6caa83f24778b34cc4cfd126
/Users/mic/Downloads/20250930/sz301491.csv,sz301491.csv,sz,301491,2025-08-06,2025-09-30,40,3942,True,utf-8,e75d6f599a012c384dff01ccf9408cef2706588d2865f596c5e9a457e65be5d7
/Users/mic/Downloads/20250930/sh688345.csv,sh688345.csv,sh,688345,2021-06-11,2025-09-30,1047,98012,True,utf-8,91a4a44b5da427a21c413b8e3bfc9edae700de3d24c82b3715199f522f9ea91f
/Users/mic/Downloads/20250930/sz000045.csv,sz000045.csv,sz,000045,1994-08-15,2025-09-30,7294,697610,True,utf-8,9b4057106e971c7b19e9c7e879248abc07b81b3c8fdfc079dae27a82ac28459b
/Users/mic/Downloads/20250930/sh688351.csv,sh688351.csv,sh,688351,2022-08-31,2025-09-30,749,73662,True,utf-8,d2f7ba9e07f3d0484e7bfd77a496c43c3abb150aa325da71e6b002f46c07b420
/Users/mic/Downloads/20250930/sz002652.csv,sz002652.csv,sz,002652,2012-01-19,2025-09-30,3041,291597,True,utf-8,ffb693e1d2b7adc6ba1919a5aedcb35f22c3929abf6719957dec5ae1427d32aa
/Users/mic/Downloads/20250930/sz300943.csv,sz300943.csv,sz,300943,2021-02-10,2025-09-30,1115,108996,True,utf-8,6aa7708d4d0224c555e46fda7e20918340f3cb9ae9012da5e4317fc3bb7945c3
/Users/mic/Downloads/20250930/sz002134.csv,sz002134.csv,sz,002134,2007-05-16,2025-09-30,4321,409639,True,utf-8,12a57593054a03f656128e1f3d908fc62173b5bdfc48b688c82788a4a25c0902
/Users/mic/Downloads/20250930/sz000723.csv,sz000723.csv,sz,000723,1997-05-15,2025-09-30,6311,600724,True,utf-8,ef39491b68c140187881709522e5a3035739b4f8a9b211d3a3aa38a5800668eb
/Users/mic/Downloads/20250930/bj873693.csv,bj873693.csv,bj,873693,2023-10-27,2025-09-30,471,45532,True,utf-8,57b44cb7ee8f11101e79f91bd7d1a3b84c0e655222e910060ecb3636a09ea010
/Users/mic/Downloads/20250930/sz000910.csv,sz000910.csv,sz,000910,1999-06-30,2025-09-30,6279,585673,True,utf-8,54764a022895089872a27d114807c28ff0715eae4e5d61c656b70264bc4ab6a5
/Users/mic/Downloads/20250930/sz300016.csv,sz300016.csv,sz,300016,2009-10-30,2025-09-30,3780,362186,True,utf-8,f6eb100967a087c0f996c3dc84ebec862a66e42d4fcbf54317bc18b6ed09d57a
/Users/mic/Downloads/20250930/sz301308.csv,sz301308.csv,sz,301308,2022-08-05,2025-09-30,767,75953,True,utf-8,ec459b84503aec2ab2f01af4517a2738fe165a3b73827ca4beb88d81dd25d90b
/Users/mic/Downloads/20250930/sz002861.csv,sz002861.csv,sz,002861,2017-04-13,2025-09-30,2059,202047,True,utf-8,00399a60797e0f99fbf86236112edfea5ea7b12291f529d45180a9fd86c36cf8
/Users/mic/Downloads/20250930/sz300770.csv,sz300770.csv,sz,300770,2019-04-19,2025-09-30,1568,158798,True,utf-8,ee7cc7aae2c4cf891519907f050d68e9e48d5f0982d9bc8829e550be667e6e27
/Users/mic/Downloads/20250930/sh600858.csv,sh600858.csv,sh,600858,1994-05-06,2025-09-30,7213,678902,True,utf-8,09f27b2181ad2c66dee70ac1c14312b17e69e762e789f02fa6a8fd1836af1964
/Users/mic/Downloads/20250930/sh603389.csv,sh603389.csv,sh,603389,2016-12-15,2025-09-30,2104,198979,True,utf-8,dc83100dab1f5c7dbded36c8323beebab0b302be0944245ae845711a4d16e215
/Users/mic/Downloads/20250930/sh600694.csv,sh600694.csv,sh,600694,1993-11-22,2025-09-30,7614,732553,True,utf-8,162f167ae42bc6426eaf6d3bea0a959535aba651c921b3f9210ec683986ec04f
/Users/mic/Downloads/20250930/sz002875.csv,sz002875.csv,sz,002875,2017-06-01,2025-09-30,2024,194002,True,utf-8,993a45f0eeb04f798a90900ee5c5d068e158e0f20b7bdedd4b439a0129572053
/Users/mic/Downloads/20250930/bj837748.csv,bj837748.csv,bj,837748,2023-08-16,2025-09-30,517,49758,True,utf-8,1ddc19ce36f57aa9871c8ef76c0c2370ec33680ecb0a43139437cecd7d47def5
/Users/mic/Downloads/20250930/sz300002.csv,sz300002.csv,sz,300002,2009-10-30,2025-09-30,3750,369327,True,utf-8,4207f3a363cf1eb654cf2ffc901bd1eec960003684d41c52e81ba5740666831e
/Users/mic/Downloads/20250930/bj837006.csv,bj837006.csv,bj,837006,2023-05-18,2025-09-30,579,55779,True,utf-8,e73779b91de61b75194750b3d4d9f01c647b87b37a1497e8048c9cbc7f856781
/Users/mic/Downloads/20250930/sh688386.csv,sh688386.csv,sh,688386,2020-10-16,2025-09-30,1207,116609,True,utf-8,629b6bb5616c124f8f4abb6c7abf30a5d9e56b5f16eff1bac3eb10152ea2a053
/Users/mic/Downloads/20250930/bj873122.csv,bj873122.csv,bj,873122,2022-09-27,2025-09-30,731,70077,True,utf-8,86d26af51e10d4b36c568e4ddeea310c14248a8436ee624a0dbe4d716ab53a1c
/Users/mic/Downloads/20250930/sz300994.csv,sz300994.csv,sz,300994,2021-08-12,2025-09-30,1004,98325,True,utf-8,7167dd5eda7439f8135997213dd1d69197feaafac24d94fab6e26c6659b5257a
/Users/mic/Downloads/20250930/sz002685.csv,sz002685.csv,sz,002685,2012-06-12,2025-09-30,3020,286072,True,utf-8,1d21e8586a0aec3fe14fd51be9879a46f86903fbd315e90bf2a4cc58dae2dbdb
/Users/mic/Downloads/20250930/sh600864.csv,sh600864.csv,sh,600864,1994-08-09,2025-09-30,7324,687271,True,utf-8,cc54281423084a92fa16cc55c23d77ca397e5398a5887171ef12ae581c3736df
/Users/mic/Downloads/20250930/sz300980.csv,sz300980.csv,sz,300980,2021-04-21,2025-09-30,1081,107496,True,utf-8,f64e218c77aa9ef421068ed4fb0b41836f11e8fcb30edacd9c9eae573b636ed3
/Users/mic/Downloads/20250930/bj831305.csv,bj831305.csv,bj,831305,2015-07-17,2025-09-30,1528,145947,True,utf-8,72b0f3c2593df23870da59a87ec43a04886dfeaadc103e8e81e5d1e3d1a92ea0
/Users/mic/Downloads/20250930/sz301446.csv,sz301446.csv,sz,301446,2023-07-25,2025-09-30,533,49338,True,utf-8,741f38cca41da5d3fd5645e05d95a25a7a973a8f819cfea36423910bae6e6b1d
/Users/mic/Downloads/20250930/sz002849.csv,sz002849.csv,sz,002849,2017-02-17,2025-09-30,2098,204592,True,utf-8,a59d3732d705342502bceb1ef0f972526ed2e6f5ad35470103d52dd9c584062a
/Users/mic/Downloads/20250930/sz300758.csv,sz300758.csv,sz,300758,2019-02-22,2025-09-30,1607,157013,True,utf-8,941dd2377ab181b7090a573c6fd32dda19e01de662c6a4dce3b8848cb93b572a
/Users/mic/Downloads/20250930/sz002691.csv,sz002691.csv,sz,002691,2012-07-31,2025-09-30,2995,285895,True,utf-8,7e65bf0083e458613dff26117867d8509ba5e84de80aca243bc975ea8a07717d
/Users/mic/Downloads/20250930/sh688392.csv,sh688392.csv,sh,688392,2022-09-27,2025-09-30,731,71726,True,utf-8,9836d839f52e5b65830c8d8a771735d778fd00711dd54318dd13612d47720edf
/Users/mic/Downloads/20250930/sz000938.csv,sz000938.csv,sz,000938,1999-11-04,2025-09-30,6037,577177,True,utf-8,1ceb2708f50595016c7890e4d38e267185c9bc5ea78bb892ed37b43e473f6d27
/Users/mic/Downloads/20250930/sz301320.csv,sz301320.csv,sz,301320,2023-06-09,2025-09-30,563,54685,True,utf-8,1680420adca4b78bdbfce4e93f73d1134757d58d80ca95cbe7bb1c426b550a67
/Users/mic/Downloads/20250930/sz002068.csv,sz002068.csv,sz,002068,2006-09-15,2025-09-30,4587,439586,True,utf-8,abb2b43c3f99d479a818261faa271b67d531d31f89ef0e5716281f97d6f15cae
/Users/mic/Downloads/20250930/sh600051.csv,sh600051.csv,sh,600051,1997-04-10,2025-09-30,6696,630199,True,utf-8,23ae74c7947325ae5cfc9dbab99a4efd500e5bb6e8a1da702448bb186ed0154a
/Users/mic/Downloads/20250930/sh603558.csv,sh603558.csv,sh,603558,2015-01-27,2025-09-30,2496,237719,True,utf-8,0f18b28874973bd9734869dd7c84d7a90bddede4e42b9e1442a56934bf9f05b2
/Users/mic/Downloads/20250930/sz001207.csv,sz001207.csv,sz,001207,2021-06-23,2025-09-30,1040,103543,True,utf-8,18eb64cc786cb803cb5dad74328b02bd072362fe386cf581cba986c25a851be4
/Users/mic/Downloads/20250930/sh600737.csv,sh600737.csv,sh,600737,1996-07-31,2025-09-30,6946,671408,True,utf-8,5c0890ae8dd43a13b8a044610265423b8deb16f4e9820e9a302f0beffd60700e
/Users/mic/Downloads/20250930/sh688219.csv,sh688219.csv,sh,688219,2020-11-18,2025-09-30,1184,115507,True,utf-8,d8b4c16cd184ca9482a6c21f1b2abd71a1c9f0417d10201f30b0f919b943c5a1
/Users/mic/Downloads/20250930/sz001213.csv,sz001213.csv,sz,001213,2021-09-08,2025-09-30,985,97727,True,utf-8,b6161fb472d37fd13adc69e95ca177c994b37d938b6687cad452d054a352a57c
/Users/mic/Downloads/20250930/sh688557.csv,sh688557.csv,sh,688557,2020-12-02,2025-09-30,1174,113583,True,utf-8,9f4187f75d78a7a5e67f9c74b484206b79182b253c63f6fa0b0a3fcee9b20da3
/Users/mic/Downloads/20250930/sz002054.csv,sz002054.csv,sz,002054,2006-07-25,2025-09-30,4628,443304,True,utf-8,0e6fa048af93ab516aed005697f2267ec6ab801a7067e25c7714a2c573ca980b
/Users/mic/Downloads/20250930/sz301283.csv,sz301283.csv,sz,301283,2022-09-02,2025-09-30,747,71093,True,utf-8,37c88a71bbca2d43c6ab2290fa13c232f460e31d24f12bb9d1a2092f0866831d
/Users/mic/Downloads/20250930/sz300823.csv,sz300823.csv,sz,300823,2020-03-19,2025-09-30,1346,130118,True,utf-8,fb52d4b35a74e22a290ec47db53864ace2e167a4f565ad9cf93ce97c56d19db5
/Users/mic/Downloads/20250930/sz002732.csv,sz002732.csv,sz,002732,2014-12-05,2025-09-30,2621,257584,True,utf-8,8197a1ea31247b55d74335e0fa89e2269df6c615dd47e51634a651b80601ae38
/Users/mic/Downloads/20250930/sh688231.csv,sh688231.csv,sh,688231,2022-07-22,2025-09-30,777,77435,True,utf-8,532da1e7f73266a60bc8c3eae8a7cfbcb049e5d0a2fc8041f8e54220c5543958
/Users/mic/Downloads/20250930/sh603202.csv,sh603202.csv,sh,603202,2025-04-24,2025-09-30,110,10957,True,utf-8,b7f914fd2c20aa966c260c26872bd87e297ea0b8e3f356d8704f9185ec5f1893
/Users/mic/Downloads/20250930/sh688225.csv,sh688225.csv,sh,688225,2022-02-09,2025-09-30,888,86844,True,utf-8,5a4cee6a01cee9b5539e25c42fcd996294f76857fcc32b598d0553f3f3192cc2
/Users/mic/Downloads/20250930/sh603216.csv,sh603216.csv,sh,603216,2021-12-15,2025-09-30,922,88764,True,utf-8,ee212666e1e79df9612a9a870f211512bee77a5b36854a97fce87118fde8c64e
/Users/mic/Downloads/20250930/sz300837.csv,sz300837.csv,sz,300837,2020-06-05,2025-09-30,1294,122517,True,utf-8,16d396c14e56be8e0710bc6ad7e9d41ee6e9093a89761e62c8fd6d04569ddf86
/Users/mic/Downloads/20250930/sz002726.csv,sz002726.csv,sz,002726,2014-06-26,2025-09-30,2669,258655,True,utf-8,ab3848e1a0f5716cac3546677ad47caf987a72a72b7b3daa2475b8bddd95ebbb
/Users/mic/Downloads/20250930/sz300189.csv,sz300189.csv,sz,300189,2011-03-16,2025-09-30,3268,308729,True,utf-8,77381220be14085939d5433cb3b6d87237a9f0e5b0ad91f29a57aeb696588933
/Users/mic/Downloads/20250930/sz002040.csv,sz002040.csv,sz,002040,2005-03-25,2025-09-30,4801,459278,True,utf-8,f4caddd362ebb430821a91a1d97d55d99d77fe60cdf2469db731110723f184f4
/Users/mic/Downloads/20250930/sz301297.csv,sz301297.csv,sz,301297,2022-12-30,2025-09-30,658,64915,True,utf-8,8cc54d2a2b7b3559c42175aaf7f050b1de22b6d81e67c4e43c8e8add9888ab49
/Users/mic/Downloads/20250930/sh600079.csv,sh600079.csv,sh,600079,1997-06-06,2025-09-30,6765,655763,True,utf-8,49ef04b3e0a18578554e72e977d5f3194f021c73913d31271591ca0a7ae21df8
/Users/mic/Downloads/20250930/sz000657.csv,sz000657.csv,sz,000657,1996-12-05,2025-09-30,5930,559324,True,utf-8,d7a5929767ec47a32c75249134038286773c5ef040b9bf2d66232d334da45611
/Users/mic/Downloads/20250930/sh688543.csv,sh688543.csv,sh,688543,2023-06-21,2025-09-30,555,55206,True,utf-8,232df492cb073b255f557fe1222093e8b6e0ad10054e10b29064a0bf5ddabd7a
/Users/mic/Downloads/20250930/sz300162.csv,sz300162.csv,sz,300162,2011-01-13,2025-09-30,3416,324328,True,utf-8,2f4e9e4e5154b57ffda056fbf8fe9ffae3305d688e289281983d506ff07335c3
/Users/mic/Downloads/20250930/sz300604.csv,sz300604.csv,sz,300604,2017-04-17,2025-09-30,2048,203076,True,utf-8,23cdf9be9e70edb951bca24a35083039912fa390862fa1033b8610add82982b4
/Users/mic/Downloads/20250930/sz002915.csv,sz002915.csv,sz,002915,2017-12-05,2025-09-30,1896,186141,True,utf-8,a7272cdd8f7d28bf6a7cf66a874f39bb7bde3db43af5e63b23dea10938a9e46e
/Users/mic/Downloads/20250930/bj872374.csv,bj872374.csv,bj,872374,2022-11-29,2025-09-30,691,64929,True,utf-8,d588f0c905fd5efbdef760129c166bb10d45a52bdd29acf157bca1272a7f64de
/Users/mic/Downloads/20250930/sh600938.csv,sh600938.csv,sh,600938,2022-04-21,2025-09-30,839,85408,True,utf-8,99d1af94d8695fa142501522a62ddb91072ff53d6475f943b2daa8a858a6cead
/Users/mic/Downloads/20250930/sz300610.csv,sz300610.csv,sz,300610,2017-02-13,2025-09-30,2102,200781,True,utf-8,06d9a5bed75b6972eea53af478b4ceaca7dde7a69f68f84797330ae09e2334a0
/Users/mic/Downloads/20250930/sz002901.csv,sz002901.csv,sz,002901,2017-09-22,2025-09-30,1948,193099,True,utf-8,78eede3891d6b8a8a5929b086629261d5a6f77df805ae44e2c074c095e88e9ac
/Users/mic/Downloads/20250930/sz301268.csv,sz301268.csv,sz,301268,2022-04-07,2025-09-30,849,84468,True,utf-8,3c206585717651996983891ecf50818dff6b5a5d46b7a76db549928ee3112829
/Users/mic/Downloads/20250930/sh601398.csv,sh601398.csv,sh,601398,2006-10-27,2025-09-30,4582,465202,True,utf-8,4272ab8d62d3cd65f14e6f4eb60c44a631ac35b612456c3121feb0fb534b910e
/Users/mic/Downloads/20250930/sz300176.csv,sz300176.csv,sz,300176,2011-02-15,2025-09-30,3417,327264,True,utf-8,5e7673c796297c369ba87fa360f869c74d2d8895e199040be1db104015fa5822
/Users/mic/Downloads/20250930/sz002097.csv,sz002097.csv,sz,002097,2006-12-22,2025-09-30,4439,427480,True,utf-8,df04ea01831ad45a1eee6ea72de9c14ee0002c2ce2fcbef36f524a7b0174c4d2
/Users/mic/Downloads/20250930/sz000858.csv,sz000858.csv,sz,000858,1998-04-27,2025-09-30,6518,660491,True,utf-8,f42f0312ff1411d3f9f599bc4da62a53d26b2d15571ae17be70c479538652a04
/Users/mic/Downloads/20250930/sz000680.csv,sz000680.csv,sz,000680,1997-01-22,2025-09-30,6867,662186,True,utf-8,1787a3d3c27dd6b36af7d71d1ef365f5892285e5f8fa2128471f26fc2090a251
/Users/mic/Downloads/20250930/sz300638.csv,sz300638.csv,sz,300638,2017-04-13,2025-09-30,2054,198220,True,utf-8,7a130d4aa029bf8b557bb2b2692fe1f297c8aa1783b17a7d74484b3d9608ff2d
/Users/mic/Downloads/20250930/sz301526.csv,sz301526.csv,sz,301526,2023-12-26,2025-09-30,429,41246,True,utf-8,2e677f6880ba9c44554c1666cf05643c5b64ee611a71a06c9d02512439df0acf
/Users/mic/Downloads/20250930/sz002929.csv,sz002929.csv,sz,002929,2018-03-01,2025-09-30,1845,181883,True,utf-8,98fe7f1b78584662b4778cef8e6a2c9abf8b3d41a17bc1770a3212c52fab2414
/Users/mic/Downloads/20250930/sh688580.csv,sh688580.csv,sh,688580,2020-07-21,2025-09-30,1264,123572,True,utf-8,b9e52ccd379893064f87f38c5840e9bfa03178fec7161521a99f364665ab857c
/Users/mic/Downloads/20250930/sz002083.csv,sz002083.csv,sz,002083,2006-11-24,2025-09-30,4563,438325,True,utf-8,a904781ddaef21d8536b97477a697094d4a02061ef72e5b571bbd8ca894588a2
/Users/mic/Downloads/20250930/sh600535.csv,sh600535.csv,sh,600535,2002-08-23,2025-09-30,5544,544668,True,utf-8,dafd39a1a64fde94f42ff68f06b4d7f3d307c8171a9e88a920c69e838615ba04
/Users/mic/Downloads/20250930/sh603982.csv,sh603982.csv,sh,603982,2019-05-22,2025-09-30,1548,148689,True,utf-8,5b7e3ec88c753ad9dafa8b9f6d0cacec13d1fb9e67039c13dd558bf0de84c4a9
/Users/mic/Downloads/20250930/sh603028.csv,sh603028.csv,sh,603028,2016-03-31,2025-09-30,2292,218770,True,utf-8,b6c47b5dc3bc7f2f7abc4424b48686aff2cbbb2e1c8cfb8770124a8b8cd3bd3b
/Users/mic/Downloads/20250930/sz002518.csv,sz002518.csv,sz,002518,2010-12-07,2025-09-30,3570,347133,True,utf-8,4485e1abca5314368d6abe197e35f8124f1efea06e2dda653e9bbbdb33fe5cc2
/Users/mic/Downloads/20250930/sh600521.csv,sh600521.csv,sh,600521,2003-03-04,2025-09-30,5423,530267,True,utf-8,be1c3f73a85c959a46b7300bcfe2365d3ce9ddccc7f4727a86d2b610508f4a64
/Users/mic/Downloads/20250930/sh603000.csv,sh603000.csv,sh,603000,2012-04-27,2025-09-30,3266,325663,True,utf-8,c687e93352af3082c4b4e0346fc826bec91e3ec8b8bf495a8018b360f72edd73
/Users/mic/Downloads/20250930/sh688033.csv,sh688033.csv,sh,688033,2019-07-22,2025-09-30,1506,147365,True,utf-8,c0cdd5d92ae67da90ed9c5747add69775c4a364e0a36f2d0bfc13b2110e1cee8
/Users/mic/Downloads/20250930/sz002530.csv,sz002530.csv,sz,002530,2010-12-31,2025-09-30,3416,329555,True,utf-8,86b18691ec53d662c9697e5dcd3191ef474e5b89ff93d17c1094333825e0e26f
/Users/mic/Downloads/20250930/sh600509.csv,sh600509.csv,sh,600509,2002-02-28,2025-09-30,5638,535747,True,utf-8,ead9ca68a47c1bb271aab857a5b83b579ae6c506cd5e7f1ec39992db70928c1f
/Users/mic/Downloads/20250930/sz301081.csv,sz301081.csv,sz,301081,2021-10-20,2025-09-30,962,91023,True,utf-8,695a1d9af07869e020c82c4ade9a843924caade66286ec79635c73bc85dc6fcd
/Users/mic/Downloads/20250930/sz002256.csv,sz002256.csv,sz,002256,2008-06-25,2025-09-30,3812,363811,True,utf-8,ef8f1dbcfb35b973b773005b51e5993dc1ef4c9fb5cceb9fd531706f51481326
/Users/mic/Downloads/20250930/sh688755.csv,sh688755.csv,sh,688755,2025-05-16,2025-09-30,97,10179,True,utf-8,35b8bdb5c5eec0656e2724a4a523895e53eaae65d6389380cef849f8d2bce145
/Users/mic/Downloads/20250930/sh603766.csv,sh603766.csv,sh,603766,2012-08-10,2025-09-30,3153,302984,True,utf-8,fca0e6ae5892e78aaeea8ace468750b301fce097f71936f2fc93271760d2d35f
/Users/mic/Downloads/20250930/sh605303.csv,sh605303.csv,sh,605303,2021-03-01,2025-09-30,1117,107099,True,utf-8,d73009e93122f86468b0819dd2907b33b91b9f1528100be1532503e58bf3a816
/Users/mic/Downloads/20250930/sz301095.csv,sz301095.csv,sz,301095,2022-08-05,2025-09-30,767,75824,True,utf-8,d849f4b3e1a11dc0397bbaf6ab93ae9b5abe8c94c7d77cb01106d357f7429592
/Users/mic/Downloads/20250930/sz002242.csv,sz002242.csv,sz,002242,2008-05-28,2025-09-30,4181,412501,True,utf-8,1acb08952118662be16ba6ccb4afc7388ae292e647fc4bb4fde70c851bd96090
/Users/mic/Downloads/20250930/sz002524.csv,sz002524.csv,sz,002524,2010-12-17,2025-09-30,3340,321004,True,utf-8,3d668f81de40dceb903ab4b2749637c3cd8b55dab78be8e0231276328f99cb4b
/Users/mic/Downloads/20250930/sh603014.csv,sh603014.csv,sh,603014,2025-05-19,2025-09-30,96,9370,True,utf-8,c92f3c539fe49187680c4d40f9cd595cd5248e1cee7a0f3ee997212d6c812f6d
/Users/mic/Downloads/20250930/sz000333.csv,sz000333.csv,sz,000333,2013-09-18,2025-09-30,2865,295486,True,utf-8,1d37953d8a46b4277c2f41b5a3953a176a4e8c237ba7225cad6afbb44a249b91
/Users/mic/Downloads/20250930/sh688027.csv,sh688027.csv,sh,688027,2020-07-09,2025-09-30,1268,127804,True,utf-8,bde170c2b3034f46a7c9259b516937ad35adf1e914b45857e8d1780b4b6f8541
/Users/mic/Downloads/20250930/sz300406.csv,sz300406.csv,sz,300406,2014-10-30,2025-09-30,2659,264843,True,utf-8,a82b0a3d0205f4a5374eb1a163c2d053a75b1da5e9f7437f7095cc878c0a3e58
/Users/mic/Downloads/20250930/sz300360.csv,sz300360.csv,sz,300360,2014-01-21,2025-09-30,2757,268910,True,utf-8,c152451343b3f01d7c508c3a357805ad49bf76eb95cc9e919e48b89ce3a8ff88
/Users/mic/Downloads/20250930/sh603799.csv,sh603799.csv,sh,603799,2015-01-29,2025-09-30,2562,259127,True,utf-8,e741265780fcbcb234f3a89b196da9267b39c9edb627d772310d625e4b0af32e
/Users/mic/Downloads/20250930/sh603955.csv,sh603955.csv,sh,603955,2017-03-10,2025-09-30,2037,198504,True,utf-8,a95abf72fe3e06a8a0534e0310fd70325b1e271d5d542033fabfe39b1071cb49
/Users/mic/Downloads/20250930/sz300374.csv,sz300374.csv,sz,300374,2015-03-19,2025-09-30,2434,242912,True,utf-8,cd76ebf7097ffce28cb6df400cf2b4577e17d6af85c9423861647c3db53f70a5
/Users/mic/Downloads/20250930/sh600284.csv,sh600284.csv,sh,600284,2004-03-16,2025-09-30,5127,482418,True,utf-8,c932480e0f98776cf991ed6c8866c825ee3c6756c1687bac5d095ecc74e402d2
/Users/mic/Downloads/20250930/bj836720.csv,bj836720.csv,bj,836720,2021-11-24,2025-09-30,937,87246,True,utf-8,ab49359de362c1b70366e899dd2a6764bffaefe13f795c7bf2a85606b9bc7fb8
/Users/mic/Downloads/20250930/sz300412.csv,sz300412.csv,sz,300412,2014-12-31,2025-09-30,2520,239558,True,utf-8,bbdd0ba1c0f02d049a72a85cdaf3340014a57739ca5c494a49d0101cd6a28d66
/Users/mic/Downloads/20250930/sz002295.csv,sz002295.csv,sz,002295,2009-09-29,2025-09-30,3791,363905,True,utf-8,6c83dd16c85a3437a314928247987e535b6fbad295eabe9f3ba70107323f8d87
/Users/mic/Downloads/20250930/sz301042.csv,sz301042.csv,sz,301042,2021-08-05,2025-09-30,1009,98639,True,utf-8,32f996db289eaf270af63f5b878286b533c5f29ed6e93914350297f8a9bc8eb0
/Users/mic/Downloads/20250930/sz002281.csv,sz002281.csv,sz,002281,2009-08-21,2025-09-30,3849,374170,True,utf-8,15fa8c43afa4f32b44c84cd77c9cd66a2cd12504b8942321f5a7bb097f289949
/Users/mic/Downloads/20250930/sz300348.csv,sz300348.csv,sz,300348,2012-08-17,2025-09-30,3012,292473,True,utf-8,08abb1786789f0918318aa2ba38d8bd9a1c1986c9ebfe0c83b17cd1d3122e692
/Users/mic/Downloads/20250930/sz301056.csv,sz301056.csv,sz,301056,2021-09-07,2025-09-30,986,92631,True,utf-8,d6bf9baa83bbb3479e3fa137f9421e91857821da9e5cfe8cde8c9633b7d5b11d
/Users/mic/Downloads/20250930/sh603969.csv,sh603969.csv,sh,603969,2015-02-27,2025-09-30,2580,242537,True,utf-8,e994a5d5d765e60d3eacd37e7273ffbd20b6ab5f661b240471f59e041788cb03
/Users/mic/Downloads/20250930/sh601818.csv,sh601818.csv,sh,601818,2010-08-18,2025-09-30,3655,362044,True,utf-8,fbfdfe9c1a9fc861f2aca7d6efc45d8accc1d75dc40b14c3125e08f43e12c2cf
/Users/mic/Downloads/20250930/sh603968.csv,sh603968.csv,sh,603968,2015-05-18,2025-09-30,2526,247446,True,utf-8,662f3067d549acfd341dd1354201a1b97bf0c6f07f11e3f222b212cdc2761dc5
/Users/mic/Downloads/20250930/bj873527.csv,bj873527.csv,bj,873527,2022-10-27,2025-09-30,714,66382,True,utf-8,c691853515b0de7956a223c26d1e99cd2dd299eb1f875109900897b96e422edf
/Users/mic/Downloads/20250930/sz301057.csv,sz301057.csv,sz,301057,2021-09-09,2025-09-30,984,95608,True,utf-8,7bf8574c3bea69963867ad0fc9913ba3c7b620addab7f601225eab601931ea40
/Users/mic/Downloads/20250930/sz300349.csv,sz300349.csv,sz,300349,2012-08-17,2025-09-30,2990,296807,True,utf-8,084d2f4414b1a6115b25f8c9ba1002c1d52026f6f9711d3b814085f054857131
/Users/mic/Downloads/20250930/bj837403.csv,bj837403.csv,bj,837403,2024-01-18,2025-09-30,413,40005,True,utf-8,9eef4fb7f77510cb8110ad2c47f78aaccdb49d7239185d87bd1e6d5a3aed3102
/Users/mic/Downloads/20250930/sz301043.csv,sz301043.csv,sz,301043,2021-08-11,2025-09-30,1005,95745,True,utf-8,5d1f76dfbddf8907237df748848c9aec8ccef4457ab90b33b0ddf8cc1ad7be18
/Users/mic/Downloads/20250930/sz002294.csv,sz002294.csv,sz,002294,2009-09-10,2025-09-30,3897,388293,True,utf-8,e61cfc0c0a7371f4a9a61b7642517edf85be85adc31e29905cb5500ff2635804
/Users/mic/Downloads/20250930/sh600285.csv,sh600285.csv,sh,600285,2000-10-18,2025-09-30,5956,551025,True,utf-8,a6eb1726255a95e507bbf350ce7b321ccfd519356c80aafaad5bd560524aefc2
/Users/mic/Downloads/20250930/sz300375.csv,sz300375.csv,sz,300375,2014-01-27,2025-09-30,2796,266909,True,utf-8,8d65b51c2700afb45ac0620f2cb22e86c4887e36241acc85fe4ddafcdabe62b6
/Users/mic/Downloads/20250930/sz300413.csv,sz300413.csv,sz,300413,2015-01-21,2025-09-30,2342,233687,True,utf-8,265ea3d51c57ea7b46a7a4ebe338b796be00b6e3c4c05f8f7c685af45b0b2529
/Users/mic/Downloads/20250930/sh601825.csv,sh601825.csv,sh,601825,2021-08-19,2025-09-30,999,96887,True,utf-8,5c3ef21bfd7e0b340c2e663e996aec74dea66efb4f42b6142b996d2d9446a466
/Users/mic/Downloads/20250930/sz300407.csv,sz300407.csv,sz,300407,2014-12-03,2025-09-30,2516,242029,True,utf-8,b5452e9ee79852ffeae16164d7760eeaca036cb4f6b1105bc76dfca55c523b75
/Users/mic/Downloads/20250930/sz001979.csv,sz001979.csv,sz,001979,2015-12-30,2025-09-30,2356,238961,True,utf-8,147d830ceb5e2c08d326a71fed6f9c4f317259e5648828818792bfdfc2233c97
/Users/mic/Downloads/20250930/sh603798.csv,sh603798.csv,sh,603798,2016-04-06,2025-09-30,2308,206574,True,utf-8,21796c06a2e53fae2b3259b8a3022b4db45a9debd8dbe470968f05236c39922e
/Users/mic/Downloads/20250930/sz002243.csv,sz002243.csv,sz,002243,2008-05-28,2025-09-30,4183,413650,True,utf-8,fe55721731dd79c6c3475f9d37f7b09ed41a13947c4e3f7cb0eac4f2acaa9e43
/Users/mic/Downloads/20250930/sh603773.csv,sh603773.csv,sh,603773,2018-04-17,2025-09-30,1814,177495,True,utf-8,a088fed40130bcd214b0e583cb2e96cda5318a8d669f589f92db478d91aac6f3
/Users/mic/Downloads/20250930/sh688026.csv,sh688026.csv,sh,688026,2020-01-22,2025-09-30,1381,134489,True,utf-8,5284fc77e4f4de1fe278eadcdaba2f3ace44e4367c133d4ecb43ae7ed3de59dc
/Users/mic/Downloads/20250930/sh603015.csv,sh603015.csv,sh,603015,2015-03-03,2025-09-30,2567,245282,True,utf-8,c32fe45d5225bb9be8a39bbb8e106f4be8538e7bf228ac804b8a8310a6319181
/Users/mic/Downloads/20250930/sh600508.csv,sh600508.csv,sh,600508,2001-08-29,2025-09-30,5800,558728,True,utf-8,eb3515e7a1bfa0b7d886e59b32925c8fde8cb898eb621dfdbbfea6351b8793b7
/Users/mic/Downloads/20250930/sz002531.csv,sz002531.csv,sz,002531,2010-12-31,2025-09-30,3534,344868,True,utf-8,d18a1247db39f620b6b00ac50b25f43014c53e6d7f32aec6982ea9dc57873e3f
/Users/mic/Downloads/20250930/sh601616.csv,sh601616.csv,sh,601616,2011-02-01,2025-09-30,3549,336424,True,utf-8,b07cc304218de587c0efa69671bc4dd7fdccf3eeb3cdfaef9b74afd85ca727c4
/Users/mic/Downloads/20250930/sh688032.csv,sh688032.csv,sh,688032,2021-12-20,2025-09-30,919,93982,True,utf-8,af38305aece68dd5ea70859fc5717f4fe1fa8fc428845802088c3711c4f29a42
/Users/mic/Downloads/20250930/sh603001.csv,sh603001.csv,sh,603001,2012-04-26,2025-09-30,3237,310375,True,utf-8,0381f29397c5669c3508044e9792ce9a7e33d1cac10cb90f753478e905c7acba
/Users/mic/Downloads/20250930/sh603767.csv,sh603767.csv,sh,603767,2017-06-13,2025-09-30,2021,192720,True,utf-8,b265c10f371a5af48c63d61fc50c4c0c7c4608660785c1745ce3f7fb75c778e9
/Users/mic/Downloads/20250930/sz301080.csv,sz301080.csv,sz,301080,2021-10-18,2025-09-30,964,91215,True,utf-8,28554daaf8b097e34276639abeba4eda91cb552fda74b1d0c8e2b65c236dfcfc
/Users/mic/Downloads/20250930/sh603997.csv,sh603997.csv,sh,603997,2015-03-02,2025-09-30,2483,241835,True,utf-8,ae3ae418666805ffdd405dff21d846663042754d2fbe884b0081e17962b1150e
/Users/mic/Downloads/20250930/sh601158.csv,sh601158.csv,sh,601158,2010-03-29,2025-09-30,3755,348334,True,utf-8,e9d8ee09f1e0606b3cb5f305a6141b487d5b6e8fca0276485dfdc96fb440cb16
/Users/mic/Downloads/20250930/sh600246.csv,sh600246.csv,sh,600246,2000-09-22,2025-09-30,5716,538278,True,utf-8,7807c689db69a88177a5d895196c0b5a1997b9b4608d3b646ef1bdfa5e7652a9
/Users/mic/Downloads/20250930/sh600520.csv,sh600520.csv,sh,600520,2002-01-08,2025-09-30,5564,527351,True,utf-8,ede2cbd7da4f51833f7ff813b1eb01d07e6f70cc5e74628e4a3df53116ac4033
/Users/mic/Downloads/20250930/sz002519.csv,sz002519.csv,sz,002519,2010-12-07,2025-09-30,3463,330756,True,utf-8,f6bb0cf94eff9aa4a5b2ca6160f11dc601214baa3a957d1bcdd809baf6204e95
/Users/mic/Downloads/20250930/sh603029.csv,sh603029.csv,sh,603029,2016-04-27,2025-09-30,2244,217026,True,utf-8,5701ccbb752406ed8a4ce2ac790ed697f3cff28408feec75844ca8389f337732
/Users/mic/Downloads/20250930/sh600252.csv,sh600252.csv,sh,600252,2000-11-30,2025-09-30,5899,562898,True,utf-8,21a7d7dc86cc3fae5f0ba85fc82c8b219c36a6b64e7f21925933e21815921029
/Users/mic/Downloads/20250930/sh603983.csv,sh603983.csv,sh,603983,2019-07-25,2025-09-30,1503,147423,True,utf-8,9a853f3ea8fb059cc228533b20aed4e13602c87e45c642ebd3013c7a31ccf003
/Users/mic/Downloads/20250930/sh688768.csv,sh688768.csv,sh,688768,2021-07-26,2025-09-30,1017,98269,True,utf-8,e0e73d441d0c82f4c41e291ea8c5181d6006ecfe043f2b001979803b68462b42
/Users/mic/Downloads/20250930/sz301533.csv,sz301533.csv,sz,301533,2023-08-18,2025-09-30,515,49842,True,utf-8,2fd5292c668b38a09c67e2ba8da654141d5ee2bf9aa5df43084ac03f98def312
/Users/mic/Downloads/20250930/sh600905.csv,sh600905.csv,sh,600905,2021-06-10,2025-09-30,1048,104091,True,utf-8,57748814b96e60df5bd8a90a790eec3ea51dd70bd06f8b5d9ad24af0caaa3ff5
/Users/mic/Downloads/20250930/sz002082.csv,sz002082.csv,sz,002082,2006-11-20,2025-09-30,4195,403740,True,utf-8,b6dbada55cbc75a10469b271bf2865a5cee8873c101618115b499dca37f5b372
/Users/mic/Downloads/20250930/sz301255.csv,sz301255.csv,sz,301255,2022-12-27,2025-09-30,671,64657,True,utf-8,03a317e9f4332b45959241ed0280bca368869325ec590db819bcbd557dea0b8c
/Users/mic/Downloads/20250930/sz000695.csv,sz000695.csv,sz,000695,1997-02-18,2025-09-30,6363,602842,True,utf-8,6b5e44cd9e5601b60a98ac232b85c9fa8067ca0fb026239bbafe24aa7e8c3aab
/Users/mic/Downloads/20250930/sh688581.csv,sh688581.csv,sh,688581,2023-05-19,2025-09-30,578,55963,True,utf-8,620f15009e2a11a496bf454f5388e87b29aa81dc5afaf1e0018f31193df671a1
/Users/mic/Downloads/20250930/sz000681.csv,sz000681.csv,sz,000681,1997-01-21,2025-09-30,5631,530663,True,utf-8,fd290721c9bfda80a130bc9980d0f1ccec8a466067ceabcc3567c2042c9580d0
/Users/mic/Downloads/20250930/sz000859.csv,sz000859.csv,sz,000859,1998-11-19,2025-09-30,6414,618051,True,utf-8,6f2a62fc13c3e6a977451d16161409b007a6d852bf1f6a7481e4322775e4b310
/Users/mic/Downloads/20250930/sh688595.csv,sh688595.csv,sh,688595,2020-09-28,2025-09-30,1215,118503,True,utf-8,1e2bc396e89a6ae997aabd41dee2c1fd402c819edecbdcbee7a1fd3650d51abe
/Users/mic/Downloads/20250930/sz002096.csv,sz002096.csv,sz,002096,2006-12-22,2025-09-30,4472,430479,True,utf-8,cd2a392908e22c8f0502d62a66fa6e80569e86a030c830b5d5f4ef9155fdcbf8
/Users/mic/Downloads/20250930/sz002928.csv,sz002928.csv,sz,002928,2018-03-02,2025-09-30,1844,182829,True,utf-8,c09d73c36c390991f6cb9b0b3e82ccdc5eae1ee5cf453f560bcb11c3c42c4466
/Users/mic/Downloads/20250930/sz300639.csv,sz300639.csv,sz,300639,2017-04-12,2025-09-30,2062,198137,True,utf-8,285176008cd0bdd3a10fa1e93133f8cffb229bb631441ac6bb71ae9a2cb9e413
/Users/mic/Downloads/20250930/sz002900.csv,sz002900.csv,sz,002900,2017-09-22,2025-09-30,1948,191306,True,utf-8,4ce348577d0bf3c8abd92dc1864575fe5a1585aa83329bed37d2a7c95f930187
/Users/mic/Downloads/20250930/sz300611.csv,sz300611.csv,sz,300611,2017-02-20,2025-09-30,2097,201646,True,utf-8,97460b89a4d949bd005dbb31544ac147c30a0e8a25bcefb085af9c3cdfedd5a4
/Users/mic/Downloads/20250930/sh600939.csv,sh600939.csv,sh,600939,2017-02-21,2025-09-30,2096,201499,True,utf-8,56d4d456d10e9b05a1cfb5e2ce2533b8fe0550f2467ee20311aced159bb01804
/Users/mic/Downloads/20250930/bj832023.csv,bj832023.csv,bj,832023,2023-02-02,2025-09-30,650,61324,True,utf-8,4ecc9f4954e20d89b9fd060d0afcb53d7603b1ab94a5e60479fbb98fb8ee3aa0
/Users/mic/Downloads/20250930/sz300177.csv,sz300177.csv,sz,300177,2011-02-15,2025-09-30,3473,331018,True,utf-8,65e402ef986a59f6caa7454ccbe1b4a2360853c38f6203d2d3f0db9aac0840b1
/Users/mic/Downloads/20250930/sh601399.csv,sh601399.csv,sh,601399,2020-06-08,2025-09-30,1292,124929,True,utf-8,284ea1c4bfd0ef8cafe4cb40b08c926fc1166ae17a6768ed9a3b056287e1ba8a
/Users/mic/Downloads/20250930/sz301269.csv,sz301269.csv,sz,301269,2022-07-29,2025-09-30,762,77425,True,utf-8,153d9be1e70d92454c519d106ff841c0b5a00cfb21f34e7812b1691b280ad064
/Users/mic/Downloads/20250930/sz300163.csv,sz300163.csv,sz,300163,2011-01-13,2025-09-30,3157,297716,True,utf-8,898d39b6fbc97cb3a6ca53ec1403e608d57f265a3bce6468de526e46ab97afb7
/Users/mic/Downloads/20250930/bj870204.csv,bj870204.csv,bj,870204,2022-01-18,2025-09-30,899,83851,True,utf-8,fe431b43c33ce775569056ec5df231aba5a167311e5b4752aa4b9773afcfa9d3
/Users/mic/Downloads/20250930/sz300605.csv,sz300605.csv,sz,300605,2017-02-08,2025-09-30,2105,206344,True,utf-8,4003480fa83cedfa313372c2d45fa3d128f88ebcd1bfbda2bb4b603a35acf7dd
/Users/mic/Downloads/20250930/sz002727.csv,sz002727.csv,sz,002727,2014-07-02,2025-09-30,2642,265411,True,utf-8,06e0850b8748a84bef45ec3e7424a62246b8249bcd39222b80116420ea9fa8fb
/Users/mic/Downloads/20250930/sz300836.csv,sz300836.csv,sz,300836,2020-05-28,2025-09-30,1300,125912,True,utf-8,8f38c8bd874ffd824c924bcbf37440c30c6d9425126d6b056782c0dd9e41e830
/Users/mic/Downloads/20250930/sh603217.csv,sh603217.csv,sh,603217,2019-06-20,2025-09-30,1528,150294,True,utf-8,5245088fbb1a3c345473ae0e302cf31781d4de48e3ebcd9a31911f852b257b9e
/Users/mic/Downloads/20250930/sh605100.csv,sh605100.csv,sh,605100,2020-08-11,2025-09-30,1249,121543,True,utf-8,d6b4962a9ac02c23d298dcb05b5e09f086fe04c1f7fc7697515eaa94a7b400b9
/Users/mic/Downloads/20250930/sz000656.csv,sz000656.csv,sz,000656,1996-11-28,2025-09-30,6489,615842,True,utf-8,d7925bd2f563ef1a2fdab7a737c3e9a119aae42583cc18a8d2f8f2a1d52821e7
/Users/mic/Downloads/20250930/sh600078.csv,sh600078.csv,sh,600078,1997-06-27,2025-09-30,6713,641321,True,utf-8,5b030eb246bad85d53176039975a17ac18a7e35bcf6dce0ca61277855607405d
/Users/mic/Downloads/20250930/sz301296.csv,sz301296.csv,sz,301296,2022-09-02,2025-09-30,747,71462,True,utf-8,5cd62d9be9e76279220ee51ba178da6e911a9d36ff0b3dd826d95dd69322864b
/Users/mic/Downloads/20250930/sz002041.csv,sz002041.csv,sz,002041,2005-04-18,2025-09-30,4922,478563,True,utf-8,bdf62ad2087647c695e02aabe3460effb0ed0cd0e50259c7a34bab18287ffa5d
/Users/mic/Downloads/20250930/sh601366.csv,sh601366.csv,sh,601366,2017-04-12,2025-09-30,2057,197925,True,utf-8,48099c92bbda7b054f81b5f6c44d1900e33c23007f1f17002abb8f3e81cbe40f
/Users/mic/Downloads/20250930/sz300188.csv,sz300188.csv,sz,300188,2011-03-16,2025-09-30,3435,337937,True,utf-8,70d426e2ea7d2951ccbefbf03422d73f2beb0a32f988e628ed0743fb0abaf758
/Users/mic/Downloads/20250930/sz301282.csv,sz301282.csv,sz,301282,2022-08-26,2025-09-30,752,73123,True,utf-8,bd1ceb196d4acb1be756eac5676e6c3d55fcb8abb03db1291711a5a6143924c2
/Users/mic/Downloads/20250930/sz002055.csv,sz002055.csv,sz,002055,2006-07-25,2025-09-30,4551,442885,True,utf-8,18d438249cc9bea5ef52d1fa60a274f7234e62d064b4d8e02ec0547b6aaeb186
/Users/mic/Downloads/20250930/sh688556.csv,sh688556.csv,sh,688556,2020-08-07,2025-09-30,1251,122353,True,utf-8,7c912f0cb67aba73bf9b75a75b2a2dabf3e8aa04c065d475f7903001b1431e4f
/Users/mic/Downloads/20250930/sh603565.csv,sh603565.csv,sh,603565,2020-09-25,2025-09-30,1216,117343,True,utf-8,4ced0f5a8eaa789c6b7ac7be524a53c486eee0d13448eb7d4a675df25dc974f4
/Users/mic/Downloads/20250930/sh603203.csv,sh603203.csv,sh,603203,2016-11-08,2025-09-30,2165,211308,True,utf-8,59ee75632caa89d461950acfbad60a7fdd63162d903ca2285f4cd3cb9b6cc0b4
/Users/mic/Downloads/20250930/sh688230.csv,sh688230.csv,sh,688230,2021-12-01,2025-09-30,932,89980,True,utf-8,211b0f25d59938b6c03371151d272f98065b5a1d23fec6f56400e922c0c9a052
/Users/mic/Downloads/20250930/sz002733.csv,sz002733.csv,sz,002733,2014-12-03,2025-09-30,2619,258341,True,utf-8,525ae1799a88507a287af6766f762cf967afe8823475ad0f1d64b24476a19731
/Users/mic/Downloads/20250930/sz300822.csv,sz300822.csv,sz,300822,2020-03-13,2025-09-30,1350,131051,True,utf-8,291be29f1efd4131b06bebe12011f26d54b02e101f6510476d3f7ca9ab8398ed
/Users/mic/Downloads/20250930/bj832786.csv,bj832786.csv,bj,832786,2023-10-13,2025-09-30,481,45577,True,utf-8,95340ccaf2a83aad7e67a8e9b301ccef31a77c5176ae287df85c80a64401ef5e
/Users/mic/Downloads/20250930/sz001212.csv,sz001212.csv,sz,001212,2021-08-23,2025-09-30,995,97350,True,utf-8,42bd97d840d30dd0cdb8bb519d9b80139cebb6a6cb07ec2465c1cf1e1525f080
/Users/mic/Downloads/20250930/sh688218.csv,sh688218.csv,sh,688218,2019-12-11,2025-09-30,1410,139953,True,utf-8,3ed7c3cd6fe6092217ea227816441c8738b3a4eedee63bb79efc92f9c9c67983
/Users/mic/Downloads/20250930/sh600722.csv,sh600722.csv,sh,600722,1996-06-26,2025-09-30,6686,618360,True,utf-8,03263e2b5b74476ff99abe08c6136499edc143789771ae6eb00eb226ccdfb906
/Users/mic/Downloads/20250930/sh605128.csv,sh605128.csv,sh,605128,2020-09-15,2025-09-30,1224,117082,True,utf-8,d3fd3683d89a398f4d0b3d807f2d1dc553a3cfc92dbfd87c1b2d163b852ba0b6
/Users/mic/Downloads/20250930/sh603559.csv,sh603559.csv,sh,603559,2016-12-02,2025-09-30,2066,197967,True,utf-8,293c4fdd0d1580f0159e4d970c24469f6e2e5cccc4a00427faed4662579f7c48
/Users/mic/Downloads/20250930/sh600050.csv,sh600050.csv,sh,600050,2002-10-09,2025-09-30,5444,542221,True,utf-8,d605a0811cf1be5e54bc25f7585a28297861dc6ffefbfec0cee355c44e329a59
/Users/mic/Downloads/20250930/sz002069.csv,sz002069.csv,sz,002069,2006-09-28,2025-09-30,4428,430671,True,utf-8,a41bccbc4c662b1269b401bf9126b4b706bc166e1711ee6918a4c72f57e0906e
/Users/mic/Downloads/20250930/sh600736.csv,sh600736.csv,sh,600736,1996-08-15,2025-09-30,6877,652606,True,utf-8,ec4b1621da8268a1626e1147cf7a89e6c2f5f7c0418d6d257ea5f1662512bc9a
/Users/mic/Downloads/20250930/sz001206.csv,sz001206.csv,sz,001206,2021-05-18,2025-09-30,1065,103820,True,utf-8,80cbe7532db9caa668f3039a9f1b6e0b712c360acfa9ac15357d5712be8e21e7
/Users/mic/Downloads/20250930/sh688393.csv,sh688393.csv,sh,688393,2020-08-20,2025-09-30,1242,119969,True,utf-8,4397e9fe6317b0b89cee1c3e2d07a6499c9a4e0b9bf9818196005211ed0cec59
/Users/mic/Downloads/20250930/sh600871.csv,sh600871.csv,sh,600871,1995-04-11,2025-09-30,7161,639201,True,utf-8,4c7ac348404ed3516f892fbbc07c0998cfa02adc4d8e22350881b85a133375cd
/Users/mic/Downloads/20250930/sz002690.csv,sz002690.csv,sz,002690,2012-07-31,2025-09-30,3196,316738,True,utf-8,6bf306d91a082fecc843b1e2d83534aad083c64c5ae69654199a959c5a887cf1
/Users/mic/Downloads/20250930/sz300759.csv,sz300759.csv,sz,300759,2019-01-28,2025-09-30,1621,163752,True,utf-8,a76753b9449753647fd2ad0b4b25a9f2a3a835f5cd88fd3caf36305d00fb9ef9
/Users/mic/Downloads/20250930/sz002848.csv,sz002848.csv,sz,002848,2017-02-13,2025-09-30,2098,201536,True,utf-8,f39b71438095c93f0c3bd2b29651a498c2a11344eedc168190fd21451162d1f7
/Users/mic/Downloads/20250930/bj831304.csv,bj831304.csv,bj,831304,2023-04-18,2025-09-30,598,56347,True,utf-8,7ba6d83f556e9267e6ea9f490be47c817cb7aa38ef1324546b70eab4c647245c
/Users/mic/Downloads/20250930/sz300981.csv,sz300981.csv,sz,300981,2021-04-27,2025-09-30,1077,106241,True,utf-8,50c1854538b3cf88077b139150118b10a2a9e5120329b0783a90dec7b99c3292
/Users/mic/Downloads/20250930/sz301321.csv,sz301321.csv,sz,301321,2022-08-18,2025-09-30,758,75162,True,utf-8,f5f8e825b467ea6470b257ac6c335ba6cc3cfe252c461da09f91769f05178492
/Users/mic/Downloads/20250930/sz301335.csv,sz301335.csv,sz,301335,2022-11-18,2025-09-30,688,67376,True,utf-8,47a8906f552521de005023f1df07d301f392395a7d187ef442e95b635798890a
/Users/mic/Downloads/20250930/sh600865.csv,sh600865.csv,sh,600865,1994-08-09,2025-09-30,7416,697447,True,utf-8,101477786fcadd3a0ee7aa10fb00efc4367578acc390d1aa55645a48cf40786f
/Users/mic/Downloads/20250930/sz300995.csv,sz300995.csv,sz,300995,2021-05-26,2025-09-30,1059,102710,True,utf-8,adbce04504953f8da9924d1b4ab2fa1ae33603db8b8b70843785db7eca118c2f
/Users/mic/Downloads/20250930/sh688387.csv,sh688387.csv,sh,688387,2022-09-26,2025-09-30,732,70925,True,utf-8,b29e38c0155f2cd1a780366373a8bc6953e774b08dff4d9773aa85ca1cf28d92
/Users/mic/Downloads/20250930/sz300765.csv,sz300765.csv,sz,300765,2019-03-22,2025-09-30,1567,148882,True,utf-8,a3f96c143c98bce4b66b4412a12fffd662c2b9eebfd0c03296dae393e55d4a72
/Users/mic/Downloads/20250930/sz000905.csv,sz000905.csv,sz,000905,1999-04-29,2025-09-30,6122,578911,True,utf-8,51e1070ecd62f0e7e2b7e0f2f8354b4409614a2c7c39179cd97cf933451948e8
/Users/mic/Downloads/20250930/sz300003.csv,sz300003.csv,sz,300003,2009-10-30,2025-09-30,3750,375040,True,utf-8,7761db7b328fab1ddaf8446dabf3b113a7413d75250a3d80c470c67f1ddcc1ea
/Users/mic/Downloads/20250930/sz301309.csv,sz301309.csv,sz,301309,2022-09-19,2025-09-30,737,64649,True,utf-8,9e4a3f9f597e91ddf233813c5f9035968c66abd00ccc1bec77180b00818916f8
/Users/mic/Downloads/20250930/sz300017.csv,sz300017.csv,sz,300017,2009-10-30,2025-09-30,3817,371878,True,utf-8,3bbb6f04b7eceda1b87466a177d092fe3a405bbf023b817110482b31500d56ea
/Users/mic/Downloads/20250930/sz000911.csv,sz000911.csv,sz,000911,1999-05-27,2025-09-30,6251,597637,True,utf-8,bdd2e78fdb20ba52b8f6dea6a025d712e93f68bcf02accadd61976bce4088106
/Users/mic/Downloads/20250930/bj873679.csv,bj873679.csv,bj,873679,2023-11-10,2025-09-30,461,44260,True,utf-8,f06ec87674c5d6f9867989dd389ded17d6bd756477caaa1da00c845d64dadb3b
/Users/mic/Downloads/20250930/sh603388.csv,sh603388.csv,sh,603388,2017-03-24,2025-09-30,2070,194103,True,utf-8,585891876c7c6ddf9f4363688ccc8dd1de4f5ed4c4556bf878e40b52d3dd99a5
/Users/mic/Downloads/20250930/sh600859.csv,sh600859.csv,sh,600859,1994-05-06,2025-09-30,7365,708342,True,utf-8,02c6b15064216eb631368dbcbf709cf67d53a899549cb7f895fe7b6279062b50
/Users/mic/Downloads/20250930/sz300771.csv,sz300771.csv,sz,300771,2019-04-22,2025-09-30,1567,153948,True,utf-8,1470c8d0eaeb333edc454a6a9e8ca4c794112822a88b25e1d5e0f26664abc6f1
/Users/mic/Downloads/20250930/sz002860.csv,sz002860.csv,sz,002860,2017-04-12,2025-09-30,2055,198554,True,utf-8,6452249d2a24103fc148e74b89362df960cb7fa7f037e1962182416e43c94da7
/Users/mic/Downloads/20250930/sh600681.csv,sh600681.csv,sh,600681,1993-10-18,2025-09-30,6607,639546,True,utf-8,61737e356a949285652641c9ee64e8b0dcff90fab8aa28193efb94e7b5104b49
/Users/mic/Downloads/20250930/sz300942.csv,sz300942.csv,sz,300942,2021-02-09,2025-09-30,1126,110248,True,utf-8,90a80f82d2e8f88b4c9c4c3f3177f3c4bed3502e5b91060b8ac1f2771b4e9a4a
/Users/mic/Downloads/20250930/sz002653.csv,sz002653.csv,sz,002653,2012-01-17,2025-09-30,3325,334599,True,utf-8,80374e2f8ec593f6e81c902be60f30b20101544a687ccfcde7d2487cdde57adf
/Users/mic/Downloads/20250930/sh688350.csv,sh688350.csv,sh,688350,2021-01-28,2025-09-30,1129,112167,True,utf-8,3c820d19be9f4644843ebf1d832cbcaeebe72e616738cc181532669d5c853ee9
/Users/mic/Downloads/20250930/sh603363.csv,sh603363.csv,sh,603363,2017-09-26,2025-09-30,1944,189104,True,utf-8,ad1cc33867761d38dd7b68f07f7e30c1ef385f3e33e31c1a697e9ed08382cf7e
/Users/mic/Downloads/20250930/sz000722.csv,sz000722.csv,sz,000722,1997-05-22,2025-09-30,6187,595191,True,utf-8,74caa8f5d9c9a9f56bd5ff15139dc1c101c356c6a5a2ba92b2cba6fa9a2c77e1
/Users/mic/Downloads/20250930/sh601212.csv,sh601212.csv,sh,601212,2017-02-15,2025-09-30,2057,206540,True,utf-8,fbd777111f6203a22e02609d97aafbac5280ccd73d028832487e261241a4765e
/Users/mic/Downloads/20250930/sz002135.csv,sz002135.csv,sz,002135,2007-05-30,2025-09-30,4413,430106,True,utf-8,f24f8b29f052236fd1b950c027ee6f55c4ae74434c8fd3d3f627a1a3f29836af
/Users/mic/Downloads/20250930/sz002121.csv,sz002121.csv,sz,002121,2007-03-06,2025-09-30,4316,411465,True,utf-8,c53320b65deddd3a713d4fae21397dfa93335202d1c260b5cc180dfdeefc670f
/Users/mic/Downloads/20250930/sh600118.csv,sh600118.csv,sh,600118,1997-09-08,2025-09-30,6736,652367,True,utf-8,fd78bc31faec33dc9fd437b05565ceb256da0a520376e9f28998ee05323274d6
/Users/mic/Downloads/20250930/sz000736.csv,sz000736.csv,sz,000736,1997-04-25,2025-09-30,6242,589401,True,utf-8,51b566619293155d472a6c5643aac66cfa4904b8382c9515ab7d9f6af4080205
/Users/mic/Downloads/20250930/sh605060.csv,sh605060.csv,sh,605060,2021-03-01,2025-09-30,1117,108030,True,utf-8,3718b97aabb3367dfba7f453b2e8793bd68c665a136fb76ef0df7db9d1f8a7f3
/Users/mic/Downloads/20250930/bj832802.csv,bj832802.csv,bj,832802,2023-02-06,2025-09-30,648,61594,True,utf-8,915477eb2678b627198fbde509dc14b3a34f00836ad0b5bd1b3967d64f846412
/Users/mic/Downloads/20250930/sz000050.csv,sz000050.csv,sz,000050,1995-03-15,2025-09-30,7128,682952,True,utf-8,79abac22a8a600f0d324e558829d729ddd4e0f18c257fbe5c46b3e8257bdf079
/Users/mic/Downloads/20250930/sh603377.csv,sh603377.csv,sh,603377,2016-02-05,2025-09-30,2303,222529,True,utf-8,1f2ec79b85abcc08c41e939807f5ec147b228f7683c9ac4bf6f3d8e3ab1ed7ca
/Users/mic/Downloads/20250930/sz300956.csv,sz300956.csv,sz,300956,2021-03-26,2025-09-30,1088,105363,True,utf-8,16ffd7055e2036788cf8cdf5cf25f5c1f78c4723e1401cc36d3e1c00cb553b4e
/Users/mic/Downloads/20250930/sz002647.csv,sz002647.csv,sz,002647,2011-12-28,2025-09-30,2786,268464,True,utf-8,28e1b8da9f62dc81fcb866aaa65de77fb6b8e9cab5c0de0e34b48e2b166e5077
/Users/mic/Downloads/20250930/sz001366.csv,sz001366.csv,sz,001366,2023-03-07,2025-09-30,627,60576,True,utf-8,7af26a92f1b83b631bf35004f01d3688c7bff405345a2bd7abbb19a70e11f335
/Users/mic/Downloads/20250930/sz000078.csv,sz000078.csv,sz,000078,1998-12-18,2025-09-30,6389,608459,True,utf-8,45e6aec437df06612a0c16b252828c3eb4ead481ea8fc3c7a3f5b6f5075004a4
/Users/mic/Downloads/20250930/sz002109.csv,sz002109.csv,sz,002109,2007-01-26,2025-09-30,4344,409283,True,utf-8,070d2f7b403f359ccbff89d6944a817bcf42881bf68fcd9b6f122490d9c1d13c
/Users/mic/Downloads/20250930/sh600130.csv,sh600130.csv,sh,600130,2000-07-06,2025-09-30,6062,559966,True,utf-8,959e732054cee26eed65567f84326e1166e3652ee02e1de88bc90ad7ceeeb5f3
/Users/mic/Downloads/20250930/sh603439.csv,sh603439.csv,sh,603439,2020-04-28,2025-09-30,1319,129855,True,utf-8,8feb53456fc050cd20bf2924cc54588b380ecd1b6b2062e817dc0a24a1e9c052
/Users/mic/Downloads/20250930/bj430478.csv,bj430478.csv,bj,430478,2023-02-23,2025-09-30,635,59754,True,utf-8,e51e98acb20dc150bf5c23641c4250a403712e1bf0d5c59a34cf2cecd9fa7f6f
/Users/mic/Downloads/20250930/sz001400.csv,sz001400.csv,sz,001400,2025-04-24,2025-09-30,110,10437,True,utf-8,7439dbd1ce8fff48a3ea7e06bdd46e26363991d0de115aa8ff2f62ae17cfed64
/Users/mic/Downloads/20250930/sh600642.csv,sh600642.csv,sh,600642,1993-04-16,2025-09-30,7831,751266,True,utf-8,f27752aaef9f42d486fe6fb55b5c66a2d20fb0b1f790a596cd9ae54a7bf82b43
/Users/mic/Downloads/20250930/sh688378.csv,sh688378.csv,sh,688378,2020-09-03,2025-09-30,1232,121846,True,utf-8,9140b30de7189260aee2c7a6eea6f09484fa5cf2df4abe7794f49ce4d028a131
/Users/mic/Downloads/20250930/bj430685.csv,bj430685.csv,bj,430685,2022-10-10,2025-09-30,727,68997,True,utf-8,c0b683c500ff68783fee59922a39315152d85b8182bfbf927a4d4a5a890278ae
/Users/mic/Downloads/20250930/sz301123.csv,sz301123.csv,sz,301123,2022-01-25,2025-09-30,894,87570,True,utf-8,00231050e142666c3d8b14abc3dcbd71fa5d9be0b6e3ea20e427fc83dc81100d
/Users/mic/Downloads/20250930/sz002492.csv,sz002492.csv,sz,002492,2010-11-02,2025-09-30,3336,315556,True,utf-8,e1ca6421f7041ced033408fe52e29ee2d3dfbf77eb7d790aa73113ea912d8bb7
/Users/mic/Downloads/20250930/sh688191.csv,sh688191.csv,sh,688191,2021-04-08,2025-09-30,1090,105073,True,utf-8,627ee1af0b6c32d3455dd5352fefd647e71e99aed46d0062572b45bf363614e7
/Users/mic/Downloads/20250930/sh688185.csv,sh688185.csv,sh,688185,2020-08-13,2025-09-30,1247,124617,True,utf-8,7eba18189c5670c7c985eb5a135221e096fadfbe321df2a2ff4d5cd5f7d76ab2
/Users/mic/Downloads/20250930/sz002486.csv,sz002486.csv,sz,002486,2010-10-15,2025-09-30,3409,323306,True,utf-8,75930f86b61108483acaec215f570df2dfb313213b0b7bac1d294b6b85841cbc
/Users/mic/Downloads/20250930/sz300229.csv,sz300229.csv,sz,300229,2011-06-15,2025-09-30,3322,324765,True,utf-8,6b42c754cb5f299ebace77312cb72ff35a60a6cd581325d9117a41c295478c7c
/Users/mic/Downloads/20250930/sz301137.csv,sz301137.csv,sz,301137,2022-03-22,2025-09-30,859,84021,True,utf-8,d30c32a916d911cb24bc3943d51d205a584645ce3cd07c77e119b877be42dafe
/Users/mic/Downloads/20250930/sh603808.csv,sh603808.csv,sh,603808,2015-04-22,2025-09-30,2460,238587,True,utf-8,33a5ea6028228bcc199cfdbed68ffcacdf9ef9e03779e329edb5eca0a00803b7
/Users/mic/Downloads/20250930/sz300201.csv,sz300201.csv,sz,300201,2011-04-07,2025-09-30,3164,304323,True,utf-8,6e06828ecdf88e5f85115c590fc19e98667e421f0fae01a54ca354616d9438ec
/Users/mic/Downloads/20250930/sh605289.csv,sh605289.csv,sh,605289,2021-04-26,2025-09-30,1078,104654,True,utf-8,93b5aab37f4ce37c49b32fc12c0945999df2f3e75a8b73f71033bfc56c84b46f
/Users/mic/Downloads/20250930/sh600497.csv,sh600497.csv,sh,600497,2004-04-20,2025-09-30,4924,474223,True,utf-8,39c372761e0a68bc91560fdaf6d2065c680ae4bcb8fa894148823e8fef284a00
/Users/mic/Downloads/20250930/sh601789.csv,sh601789.csv,sh,601789,2011-08-16,2025-09-30,3245,305274,True,utf-8,d440e97318dafdb6ad33a4aa5a1b0bc312090b4bc1873f022ce734924d63a0fd
/Users/mic/Downloads/20250930/sz300567.csv,sz300567.csv,sz,300567,2016-11-22,2025-09-30,2155,211994,True,utf-8,db1ece11d29d9e93fd330c593b0d5f66e7ae48deddff8884e033998cdc328dbe
/Users/mic/Downloads/20250930/sh600483.csv,sh600483.csv,sh,600483,2004-05-31,2025-09-30,5047,478934,True,utf-8,000133478598aeb3c649e1111ef1272fce02e5bff57a2c3712584437baf8f322
/Users/mic/Downloads/20250930/sz300573.csv,sz300573.csv,sz,300573,2016-12-08,2025-09-30,2143,206197,True,utf-8,4bfa481a96682e46974be024ec6c780f9f0cb163c8c8cfb4715587fdd7f14f4c
/Users/mic/Downloads/20250930/bj920037.csv,bj920037.csv,bj,920037,2025-06-26,2025-09-30,69,6801,True,utf-8,9f03472a8b5b48e38fc0400bd574dd73df061a601d28fe510008fb147bbda2e7
/Users/mic/Downloads/20250930/sz300215.csv,sz300215.csv,sz,300215,2011-05-11,2025-09-30,3464,327636,True,utf-8,48a250f5bccdd12f491893d5d6b031122739b7f08e89d6e4a9667ece3ae43239
/Users/mic/Downloads/20250930/bj870199.csv,bj870199.csv,bj,870199,2022-12-01,2025-09-30,689,65804,True,utf-8,0140b5ba967473baf0324dacae422cb6ede3f6d174bfc01ac3ad4a42c240e755
/Users/mic/Downloads/20250930/sz003029.csv,sz003029.csv,sz,003029,2020-12-24,2025-09-30,1158,115261,True,utf-8,6bd9449cdbd78770821b88ecf13acd630116b2553d0640328c244c36573e5e56
/Users/mic/Downloads/20250930/sz002337.csv,sz002337.csv,sz,002337,2010-01-15,2025-09-30,3770,354747,True,utf-8,bddbb3a972d1fa78b8611eb9e5df4bda5f6fdd4daa060aeb3639b43dc8116192
/Users/mic/Downloads/20250930/sh601010.csv,sh601010.csv,sh,601010,2011-06-03,2025-09-30,3468,332095,True,utf-8,20dbc3689b229f56bbbd63334c77c1e9613b507520b2ff025e488657caf8675e
/Users/mic/Downloads/20250930/sz000520.csv,sz000520.csv,sz,000520,1993-10-25,2025-09-30,7013,669832,True,utf-8,5d195fd2994258d0186a9ee191578542dcc4c91388bc44cc4f5b3e93d5a623e5
/Users/mic/Downloads/20250930/sh603607.csv,sh603607.csv,sh,603607,2017-10-25,2025-09-30,1929,188724,True,utf-8,4c5bfc8a02aa1ee561be477025ac215f7b3f960bab873c1d134fdce8736ce900
/Users/mic/Downloads/20250930/sh603161.csv,sh603161.csv,sh,603161,2018-01-05,2025-09-30,1864,178843,True,utf-8,578fc20945cec7d5d0d3492ff24094919fce841a86dec98ebb0dae2c37ff2dfe
/Users/mic/Downloads/20250930/sh688152.csv,sh688152.csv,sh,688152,2022-10-28,2025-09-30,713,70441,True,utf-8,e54b94fac5a205432f592361232a8b1da2d9303b0f16df1d6ca9ac6952415e46
/Users/mic/Downloads/20250930/sz300598.csv,sz300598.csv,sz,300598,2017-01-20,2025-09-30,2108,203768,True,utf-8,95c7b5bb88490a78480b13ec728288854f4abeb8e10799e29881c4c782fa30b9
/Users/mic/Downloads/20250930/sz002451.csv,sz002451.csv,sz,002451,2010-07-20,2025-09-30,3538,338440,True,utf-8,dddbeb5b16fbc5dd288bfea765da29da237b06d07128a6ef8487e3ac41e2abc9
/Users/mic/Downloads/20250930/sh600468.csv,sh600468.csv,sh,600468,2001-06-15,2025-09-30,5589,524821,True,utf-8,e1e77840ed98739f90bd1c935209120cca4406d8be03caeb7f63a379ac612233
/Users/mic/Downloads/20250930/sz002445.csv,sz002445.csv,sz,002445,2010-07-13,2025-09-30,3369,322496,True,utf-8,88cc230a81f5e00742f301fab7f7ded21f0144253a42f9e7d81a5bb25b276a29
/Users/mic/Downloads/20250930/sh688146.csv,sh688146.csv,sh,688146,2023-04-21,2025-09-30,595,58691,True,utf-8,67bd183175e60e13befcb48bb19f6225d11f95cfe051f595b4292c6ddf2b73fb
/Users/mic/Downloads/20250930/sh688620.csv,sh688620.csv,sh,688620,2023-06-27,2025-09-30,553,54229,True,utf-8,03af4cf2b3b20bd9e75caadda13e208a276124d26be493a3a8a3667348a9ccfd
/Users/mic/Downloads/20250930/sz000534.csv,sz000534.csv,sz,000534,1994-01-10,2025-09-30,7170,684234,True,utf-8,a63772ec55e8ee361df8b8315a773c0517041d8099ef9c0eaa001ae78b1ae93b
/Users/mic/Downloads/20250930/sh603613.csv,sh603613.csv,sh,603613,2019-07-30,2025-09-30,1500,148912,True,utf-8,ccf850525d38b0273836f9c55f2ac487e32746a85536eb67f3089c45cf067012
/Users/mic/Downloads/20250930/sz002323.csv,sz002323.csv,sz,002323,2009-12-18,2025-09-30,3372,317375,True,utf-8,ec1d09a1c2b930a3272e710745213e47b35d00996696881cb53aa489273b2c47
/Users/mic/Downloads/20250930/sh688608.csv,sh688608.csv,sh,688608,2020-12-16,2025-09-30,1164,118060,True,utf-8,8264a8f03f06b0f8eba2cc85721a6c5487bf219638cfdce3d9e65fb6b017a4f8
/Users/mic/Downloads/20250930/sh600332.csv,sh600332.csv,sh,600332,2001-02-06,2025-09-30,5748,562496,True,utf-8,01c51018bea96538be8957a5191556426188d74692b9a1ec649f81961e126607
/Users/mic/Downloads/20250930/sz003015.csv,sz003015.csv,sz,003015,2020-10-21,2025-09-30,1204,116856,True,utf-8,19ea2aa55ce9592949cd62db933320cb6a147dfee9fe23256443f910c972b0dc
/Users/mic/Downloads/20250930/sh601992.csv,sh601992.csv,sh,601992,2011-03-01,2025-09-30,3520,341787,True,utf-8,e8845aca8e2c6a94aa6daac661ca287b4410633bbfa4bca92862600c1a0e73a2
/Users/mic/Downloads/20250930/sz002479.csv,sz002479.csv,sz,002479,2010-09-21,2025-09-30,3603,345329,True,utf-8,1a91bd5278549d8e33dcad8ff2f9cb8ca4b4fbc6437f1badc61c29e34a7c99cb
/Users/mic/Downloads/20250930/sh600326.csv,sh600326.csv,sh,600326,2001-01-16,2025-09-30,5921,557103,True,utf-8,a1540edef1bf648c91f5803e33e7386d8e03afe15c9145598913c50945240024
/Users/mic/Downloads/20250930/sz003001.csv,sz003001.csv,sz,003001,2020-10-13,2025-09-30,1210,118359,True,utf-8,c1cf87a896208a6911fbe3078a7f4601a74a0ba486aa3f3f7e781fca583d63fe
/Users/mic/Downloads/20250930/sh601038.csv,sh601038.csv,sh,601038,2012-08-08,2025-09-30,3196,307604,True,utf-8,bd29b4c67b2a8a95529907a38fec3f9ab0f0eff83ef19648995f85277cbd4aac
/Users/mic/Downloads/20250930/sh600456.csv,sh600456.csv,sh,600456,2002-04-12,2025-09-30,5650,557510,True,utf-8,e668e26ee889c60c0f3ee791863d7d8a99584231a1a9e04200dcf1573e22de4c
/Users/mic/Downloads/20250930/sh601990.csv,sh601990.csv,sh,601990,2018-06-13,2025-09-30,1775,176562,True,utf-8,d0951bcfc1922e9ca71e40caec668629105b82351ddd6f6014dff7cddc3b44bd
/Users/mic/Downloads/20250930/sz002309.csv,sz002309.csv,sz,002309,2009-11-27,2025-09-30,3604,354350,True,utf-8,054954f8620e6ab6aa8d46a51938ebc392ebc18df6c4d837156ff164f9291e87
/Users/mic/Downloads/20250930/sz003017.csv,sz003017.csv,sz,003017,2020-10-26,2025-09-30,1201,115312,True,utf-8,620dec86427175a4c9cd84805821fe8046fd5efda18d41476f12385bbf33b58b
/Users/mic/Downloads/20250930/sh600330.csv,sh600330.csv,sh,600330,2001-01-18,2025-09-30,5814,552733,True,utf-8,80cfe7e8a3af6233e3d6fde6960877a5a2520f8ffdbbc248db8aca1f3677c6c3
/Users/mic/Downloads/20250930/sh603639.csv,sh603639.csv,sh,603639,2017-01-12,2025-09-30,2119,210206,True,utf-8,675966a4a6a2448cb7e8ff1a4a3504328e4b01f2a3b167c3d675cf774b10c83d
/Users/mic/Downloads/20250930/bj831689.csv,bj831689.csv,bj,831689,2022-03-21,2025-09-30,860,81453,True,utf-8,030584b749e319aa9cb168314cf382a71527d403422051e3aba3494243298923
/Users/mic/Downloads/20250930/sz003003.csv,sz003003.csv,sz,003003,2020-09-21,2025-09-30,1220,118058,True,utf-8,f7ff5cfed17ca245e70cd89510b6785f60de0d555bf5dc4ffadc49068670a764
/Users/mic/Downloads/20250930/sh688178.csv,sh688178.csv,sh,688178,2020-01-14,2025-09-30,1372,133615,True,utf-8,6c816ac5e1dc8adc3c310d04832509d59fe64293b14b493ba3c2f2e50e3ba447
/Users/mic/Downloads/20250930/sz002453.csv,sz002453.csv,sz,002453,2010-07-20,2025-09-30,3473,333010,True,utf-8,cbd23c3e7fc6e52d26853dc5f5e1c058c6d4a94e51da9a3c82a30f74bff54354
/Users/mic/Downloads/20250930/sh688150.csv,sh688150.csv,sh,688150,2022-03-18,2025-09-30,861,84477,True,utf-8,2c9cb94e436cb68691f6d6af67197f662ef28677e61b593eb727155ad716c8a2
/Users/mic/Downloads/20250930/sh603163.csv,sh603163.csv,sh,603163,2022-10-13,2025-09-30,724,67485,True,utf-8,ec97b419ef7bed41e668affdd683d6ba1773890bd10e8df0144a43008af8379e
/Users/mic/Downloads/20250930/sh603605.csv,sh603605.csv,sh,603605,2017-11-15,2025-09-30,1915,189190,True,utf-8,7c792e5a4d649dcab1f3b69f3f01888b743ead51330e30508c373130962abd2d
/Users/mic/Downloads/20250930/sh688636.csv,sh688636.csv,sh,688636,2021-04-08,2025-09-30,1090,107658,True,utf-8,86af5055d58e647ca72243fe5cb0bf16d9e8a3884c6fcdd7dcb0dcf4e089c55a
/Users/mic/Downloads/20250930/sh601012.csv,sh601012.csv,sh,601012,2012-04-11,2025-09-30,3237,325372,True,utf-8,c92a7fa5dcffb864531f1b3272787343462a148916584ce8511c8ae1cbbab995
/Users/mic/Downloads/20250930/sz002335.csv,sz002335.csv,sz,002335,2010-01-13,2025-09-30,3696,362867,True,utf-8,cd17f53efda33818dd161b7031b2d5e0653602bba3ac2b8588342d6986455d6b
/Users/mic/Downloads/20250930/sh601006.csv,sh601006.csv,sh,601006,2006-08-01,2025-09-30,4639,459718,True,utf-8,b0497f85035d91223e9a52b3f38423c6dd2774878c3a8bf1ea737890c9941454
/Users/mic/Downloads/20250930/sz002321.csv,sz002321.csv,sz,002321,2009-12-16,2025-09-30,3769,365870,True,utf-8,20626ad3bf7f08ad8125e6b597438d0721b5347eada2c1b50daa1b5c3e05f922
/Users/mic/Downloads/20250930/sh600318.csv,sh600318.csv,sh,600318,2000-12-08,2025-09-30,5404,499985,True,utf-8,b71f2fac73ffc660d3e68f87d65c3abd712da4f15400b1261f6527bffd217d2e
/Users/mic/Downloads/20250930/sh603611.csv,sh603611.csv,sh,603611,2015-01-28,2025-09-30,2514,243852,True,utf-8,f6e287155cae69e7bf6cd2d69d86769a1799ee603112685f461896bdaac37a74
/Users/mic/Downloads/20250930/sz000536.csv,sz000536.csv,sz,000536,1993-11-26,2025-09-30,6609,633736,True,utf-8,7ff6474fede1fb4c2b33e8b45b693d4abca1ccd5fa2c40b2d9dfa604664fbec3
/Users/mic/Downloads/20250930/sh688622.csv,sh688622.csv,sh,688622,2021-09-13,2025-09-30,973,93603,True,utf-8,176f21539886caf7076fb3357e1b9267f4260f5db6b464e142dcaaa80719c5ab
/Users/mic/Downloads/20250930/sh603177.csv,sh603177.csv,sh,603177,2017-02-07,2025-09-30,2101,202416,True,utf-8,29f7275d486d929c6a7427b7b8fd7d191b2a578b3ffd6a47465291bf6a24f8dc
/Users/mic/Downloads/20250930/sz300565.csv,sz300565.csv,sz,300565,2016-11-22,2025-09-30,2155,208309,True,utf-8,f86f271167064986db6c4865adbbdea25e7e4142e4f26952fef3aa309de4f27f
/Users/mic/Downloads/20250930/sh600495.csv,sh600495.csv,sh,600495,2004-05-26,2025-09-30,5116,485851,True,utf-8,0635b681d148e4ef6962727b069a52fa30db1d498bb0d8fed0ae9d60c1a46b59
/Users/mic/Downloads/20250930/sh603822.csv,sh603822.csv,sh,603822,2016-04-28,2025-09-30,2205,213099,True,utf-8,1052a7a1010056b7c18ae90b524a115cb330c897c65c6e63c377524668e6de5e
/Users/mic/Downloads/20250930/bj835438.csv,bj835438.csv,bj,835438,2024-03-25,2025-09-30,372,36321,True,utf-8,a2e6ce8af373b78925783fc8c66c4ff19ef148a3266e291c1d8a4191eaf24530
/Users/mic/Downloads/20250930/sz300203.csv,sz300203.csv,sz,300203,2011-04-15,2025-09-30,3435,338531,True,utf-8,bce329ec27faf5961cf30f9f2e0f6d8e2e6445e1179f964154f59098939edba8
/Users/mic/Downloads/20250930/sz301109.csv,sz301109.csv,sz,301109,2022-04-13,2025-09-30,835,81127,True,utf-8,b1ef6e4360537d0a3b248b3763b3fb51745bc7fc71c32f12e96c4a6409fdfe06
/Users/mic/Downloads/20250930/sz300217.csv,sz300217.csv,sz,300217,2011-05-18,2025-09-30,3465,330925,True,utf-8,2c8445e74dac4ab1b912165f6e01856b6b39046b018ca854a8fde82583e0eb67
/Users/mic/Downloads/20250930/sh603836.csv,sh603836.csv,sh,603836,2021-05-26,2025-09-30,1059,105514,True,utf-8,671c31f75ca4ecab818c86b0e6372f59f24b56f2c42cee5f29cacac03b2a2f35
/Users/mic/Downloads/20250930/sh603188.csv,sh603188.csv,sh,603188,2014-09-09,2025-09-30,2606,248769,True,utf-8,8205ee94d961c65d0a1ed258a70fa52a4985f56401462c0c904c4e635d9f37d9
/Users/mic/Downloads/20250930/sz300571.csv,sz300571.csv,sz,300571,2016-12-13,2025-09-30,2135,206860,True,utf-8,a8f93cb2882a384a8816688da1e2937fb43f3e11c91a4406c6b815bd67be26e0
/Users/mic/Downloads/20250930/sh600481.csv,sh600481.csv,sh,600481,2003-04-22,2025-09-30,5267,499582,True,utf-8,5825c86b67035bd8bdddcb0e55afca2a4a8ac08022c28803eff8858877c588a0
/Users/mic/Downloads/20250930/sh688193.csv,sh688193.csv,sh,688193,2022-03-30,2025-09-30,853,82159,True,utf-8,1be9ccede519d187916fdc688364ba02b9e4c1815f938e36cab78266252d387e
/Users/mic/Downloads/20250930/sz002490.csv,sz002490.csv,sz,002490,2010-10-21,2025-09-30,3628,344995,True,utf-8,598af5ae26c1ef3512c5992b10fff8e5d700a5144acf5f70c5d7006d021e7936
/Users/mic/Downloads/20250930/sz300559.csv,sz300559.csv,sz,300559,2016-11-01,2025-09-30,2170,209882,True,utf-8,807bc0b02f1cefd3c32c2e3b16e47779f2fd57c8f34a050cabb3d71b7f37d493
/Users/mic/Downloads/20250930/sz301121.csv,sz301121.csv,sz,301121,2022-08-08,2025-09-30,766,74211,True,utf-8,0fb7e88b435db7a2463550e1b9ecbb9d2c06ee1a3b631167c86d87764d9b3909
/Users/mic/Downloads/20250930/bj833075.csv,bj833075.csv,bj,833075,2022-12-14,2025-09-30,680,65079,True,utf-8,0b6671b491b808ebba0b723b797a8c4a115d59879d96f4f2b0b346f41cee7c2e
/Users/mic/Downloads/20250930/sz301135.csv,sz301135.csv,sz,301135,2022-04-12,2025-09-30,846,81941,True,utf-8,eafc63c2812ad9c5e31d7f7836fe5753032ab362fb812632ba5adc35d5d54357
/Users/mic/Downloads/20250930/sz002484.csv,sz002484.csv,sz,002484,2010-09-29,2025-09-30,3641,347983,True,utf-8,3393e15ad3e2959b7c483d480bed8e79debc0a0a207ae000654d8433d65bf85f
/Users/mic/Downloads/20250930/bj832419.csv,bj832419.csv,bj,832419,2022-03-11,2025-09-30,866,83291,True,utf-8,0797c96efecb513cb2668a549653ff467d8e3389f07cbf16eba3b736e6a20d74
/Users/mic/Downloads/20250930/sh688187.csv,sh688187.csv,sh,688187,2021-09-07,2025-09-30,986,98229,True,utf-8,aca24cd940daf1346f19c0b62b8f123a9e8aa160c5c457d62d4106c482e60878
/Users/mic/Downloads/20250930/sh688408.csv,sh688408.csv,sh,688408,2020-08-28,2025-09-30,1236,122274,True,utf-8,41fa7c8e3c895f3fe4e27769e4e757f1f13d23800eb4520b458d84c64bccb2e8
/Users/mic/Downloads/20250930/sh600132.csv,sh600132.csv,sh,600132,1997-10-30,2025-09-30,6631,644773,True,utf-8,a1813425143f7803e067c2be90b0e4e313a257b93b058f8097db7641a5064f2f
/Users/mic/Downloads/20250930/sh600654.csv,sh600654.csv,sh,600654,1990-12-21,2025-09-30,7896,759750,True,utf-8,f7ac7fcc2f36e1bd8b73441ca689208466a5485d092bb313ea6afcfdd3d38cf6
/Users/mic/Downloads/20250930/sz002679.csv,sz002679.csv,sz,002679,2012-06-05,2025-09-30,3163,306904,True,utf-8,10130d7c0d7ffa5c90931251db6c9c8057a955cdd350ca39d484b0630342a81c
/Users/mic/Downloads/20250930/sz300968.csv,sz300968.csv,sz,300968,2021-04-15,2025-09-30,1085,107786,True,utf-8,f2a55330a706d169217a546a9f68672d013667bd5dd315b729d66debbde66736
/Users/mic/Downloads/20250930/sh600640.csv,sh600640.csv,sh,600640,1993-04-07,2025-09-30,7708,738926,True,utf-8,cf12dd0704aa7ab304bdaeec4ea8d410e76bfab5d2fc751d4ec36fc733a417b3
/Users/mic/Downloads/20250930/sh600126.csv,sh600126.csv,sh,600126,1998-03-11,2025-09-30,6549,634141,True,utf-8,f28b3bf53a9ba6ace00f2336ad6be592633d8fb6416fd0d1147d20cf5a1709a7
/Users/mic/Downloads/20250930/sh601238.csv,sh601238.csv,sh,601238,2012-03-29,2025-09-30,3272,324880,True,utf-8,90bab5fb5a4509adb5cc068d1972c36054f12e1d1a1eff6013fb0bb5f03c22d1
/Users/mic/Downloads/20250930/sz000708.csv,sz000708.csv,sz,000708,1997-03-26,2025-09-30,6731,642631,True,utf-8,2e4a83d79249797cdcd17fb3156fa2cb8d257cac91c33ec1b1a273ff44f85198
/Users/mic/Downloads/20250930/sz002137.csv,sz002137.csv,sz,002137,2007-06-13,2025-09-30,4256,409828,True,utf-8,c4e38a5e2ed524e5237fe408893b07df3b02199b24a11a38fd8509eb11a299f0
/Users/mic/Downloads/20250930/sz000720.csv,sz000720.csv,sz,000720,1997-05-09,2025-09-30,6548,621582,True,utf-8,fc3f1fdf59deb3089a287aeb058df3db54ed12acde506edbf7432dfd30d02577
/Users/mic/Downloads/20250930/bj873690.csv,bj873690.csv,bj,873690,2024-01-05,2025-09-30,422,40616,True,utf-8,6e2c62879943cdc9298cc06ac0bd5e56f17f65d84005bef6ed672f5c1fd7e81b
/Users/mic/Downloads/20250930/sz001358.csv,sz001358.csv,sz,001358,2023-12-21,2025-09-30,432,42187,True,utf-8,daa4875c2bfbd1d3cc45117f999136ad0fc9a131b4ce243612853335fea77758
/Users/mic/Downloads/20250930/sh688352.csv,sh688352.csv,sh,688352,2023-04-20,2025-09-30,596,58796,True,utf-8,8df4036986a1484e0a93edb622a19d9206f82b08a79c2c3de511da49abd1fc2c
/Users/mic/Downloads/20250930/sz300798.csv,sz300798.csv,sz,300798,2019-11-22,2025-09-30,1423,138406,True,utf-8,f31a89a009c4bb6fb45a532c6465d58e8f308eed246a0132e1f6e4ed2f0de565
/Users/mic/Downloads/20250930/sz002651.csv,sz002651.csv,sz,002651,2012-01-06,2025-09-30,3292,314145,True,utf-8,054b29ad432a58ffe2c60e9115afb3da517c4be73ac9dea9a87b1e3ccd59c5ea
/Users/mic/Downloads/20250930/sz300940.csv,sz300940.csv,sz,300940,2021-02-03,2025-09-30,1130,110150,True,utf-8,ee5cfe17dd42d6d95c669c563518cab62ecdfdbe7943a74aa60c092615c662b7
/Users/mic/Downloads/20250930/sh600668.csv,sh600668.csv,sh,600668,1993-07-28,2025-09-30,7769,742026,True,utf-8,4c95b68cf2c828595091a65d4bd2b3a301ae9ef5fb583133313b3d3a61f73f09
/Users/mic/Downloads/20250930/sz301486.csv,sz301486.csv,sz,301486,2023-07-07,2025-09-30,535,54087,True,utf-8,4d5bd45ad3c106e6cc22a5b7288281c69e7c497214b390b33fd0cbaaa7b84f89
/Users/mic/Downloads/20250930/sz002889.csv,sz002889.csv,sz,002889,2017-07-31,2025-09-30,1987,190219,True,utf-8,7efc7a903e430c42fc5bc197624389cfd4906831656cc48dba03b60faa813dcb
/Users/mic/Downloads/20250930/sz002645.csv,sz002645.csv,sz,002645,2011-12-20,2025-09-30,3191,306452,True,utf-8,df41e82cd200bed770768fc66ec3df8f7255de83edd5227870becbcbc20933e5
/Users/mic/Downloads/20250930/sh603375.csv,sh603375.csv,sh,603375,2024-01-24,2025-09-30,409,39701,True,utf-8,84b23f9441a80d6a986becddff4bbbbb648fe27522bd18235da27a93a7f2ccfb
/Users/mic/Downloads/20250930/sh688420.csv,sh688420.csv,sh,688420,2022-12-09,2025-09-30,683,66534,True,utf-8,b1abb0e02000fe665aa2e2d2ccc1e1442a11acfd154db3065ecc176587f747d8
/Users/mic/Downloads/20250930/sz002123.csv,sz002123.csv,sz,002123,2007-03-28,2025-09-30,4348,428608,True,utf-8,0ae052e59c23d9f03f1c346b0e7e19011a9209a671721471020f7a172698cd01
/Users/mic/Downloads/20250930/sz300001.csv,sz300001.csv,sz,300001,2009-10-30,2025-09-30,3778,371816,True,utf-8,3f07593e0e961ca22a5ea6f97fd279f4a26312c08fc6053d1172e997211f4fd1
/Users/mic/Downloads/20250930/sh605089.csv,sh605089.csv,sh,605089,2021-04-27,2025-09-30,1077,102338,True,utf-8,c3cca4964e91225c98973bc5e322bf9c460502d68f07f7ae2ca3dddfd378e8f0
/Users/mic/Downloads/20250930/sz002876.csv,sz002876.csv,sz,002876,2017-05-25,2025-09-30,2030,198749,True,utf-8,4eee8d230e0de0bc0539c450f91c4d3bc75d6b1948a1d0f57bc4ec6e24f3d5ea
/Users/mic/Downloads/20250930/sz301479.csv,sz301479.csv,sz,301479,2025-03-18,2025-09-30,136,13725,True,utf-8,af7abb253e309a146eb966a5d0e75c84cf148c44458ca017a93cb9fbe30e8f22
/Users/mic/Downloads/20250930/sh600697.csv,sh600697.csv,sh,600697,1993-12-06,2025-09-30,7661,738180,True,utf-8,1a773146082ce4a210240ffee79920b8e46944a0d80809d75fd29439e9cbc8f3
/Users/mic/Downloads/20250930/sz300767.csv,sz300767.csv,sz,300767,2019-03-29,2025-09-30,1582,155296,True,utf-8,498984599bab5384b4bb2889ed1db16f9c88a5d14a2ecd6915fcdcf7a8304020
/Users/mic/Downloads/20250930/sz002862.csv,sz002862.csv,sz,002862,2017-04-11,2025-09-30,2063,194611,True,utf-8,38393a8eabb2c939c3db70ce6699080a793d2b0e68210974efde848d8d2b3631
/Users/mic/Downloads/20250930/sh600683.csv,sh600683.csv,sh,600683,1993-10-25,2025-09-30,7644,725841,True,utf-8,10e3225eff83462b7aeea71c97358fc692c48bfd4635f2d5be0a3e5c97fea9e9
/Users/mic/Downloads/20250930/sz300773.csv,sz300773.csv,sz,300773,2019-04-25,2025-09-30,1564,156955,True,utf-8,1f8f41623a0b904066db89571e8c7f92b6c8417de3497759f2a1f33d60b1a9a6
/Users/mic/Downloads/20250930/sz000913.csv,sz000913.csv,sz,000913,1999-05-14,2025-09-30,6287,605826,True,utf-8,6b974be2903c2fa48526d24d918dbc8adcf2c76b0f93325e24ff32a2e32fc235
/Users/mic/Downloads/20250930/sz300015.csv,sz300015.csv,sz,300015,2009-10-30,2025-09-30,3847,380066,True,utf-8,91d85b5b961cfb0a62d708548f1f20324db2feeddefff04c9319051b793cd39d
/Users/mic/Downloads/20250930/sz301323.csv,sz301323.csv,sz,301323,2023-06-06,2025-09-30,556,54038,True,utf-8,e4e3d457e9011623a4ada4251a854d5dff5c7172676e53fc05be3193020ac4cc
/Users/mic/Downloads/20250930/sz300983.csv,sz300983.csv,sz,300983,2021-04-20,2025-09-30,1082,97065,True,utf-8,5e31b77c904cda1825c24e744a03888c2b0e7729f64a73a22ee7e501f78412f3
/Users/mic/Downloads/20250930/sh600873.csv,sh600873.csv,sh,600873,1995-02-17,2025-09-30,7050,675867,True,utf-8,cd38da44259d6d80672f5c5961cc916dc10c53bacfb825ba5819928b2b97e4ab
/Users/mic/Downloads/20250930/sz002692.csv,sz002692.csv,sz,002692,2012-08-08,2025-09-30,3098,295168,True,utf-8,af962956c9213fb06549a8af87e1441642edda8f1514a80d50fffab181754d47
/Users/mic/Downloads/20250930/sh688391.csv,sh688391.csv,sh,688391,2022-09-13,2025-09-30,741,72263,True,utf-8,0b77f94b6bd75c41416c3b3c76391e016ddebf4963ec401c23896bcfa0a8026a
/Users/mic/Downloads/20250930/sh688385.csv,sh688385.csv,sh,688385,2021-08-04,2025-09-30,1010,100161,True,utf-8,a15cb93794232d52c2b96365716faac23dbd31452a8eeb5f6c60fe6af547b619
/Users/mic/Downloads/20250930/bj835174.csv,bj835174.csv,bj,835174,2016-03-21,2025-09-30,1227,117587,True,utf-8,426d7eeb306bee23f5cda9274a751fb91624cca21bb65d8982ad0a81902d4265
/Users/mic/Downloads/20250930/sz300997.csv,sz300997.csv,sz,300997,2021-06-02,2025-09-30,1054,102221,True,utf-8,77b14e2759b4d340ca4fc2ea0e2568c3fb3e251d773d700c8833e9bebf38dc62
/Users/mic/Downloads/20250930/sh600867.csv,sh600867.csv,sh,600867,1994-08-24,2025-09-30,7452,719287,True,utf-8,89495f35ca09ada44b77a171294f3a405b7634965da9af7648ae5e10ada86716
/Users/mic/Downloads/20250930/sz002686.csv,sz002686.csv,sz,002686,2012-07-03,2025-09-30,3120,299799,True,utf-8,8e5789b5c9c05fbc3c52ed8465539f32062f71107df983a43c802d4cce3aed54
/Users/mic/Downloads/20250930/sz300029.csv,sz300029.csv,sz,300029,2009-12-25,2025-09-30,3705,340935,True,utf-8,90d8b267f50ac34d41c5bb7d3a22b86776c93caba7d0f66eb5477086d6e176a0
/Users/mic/Downloads/20250930/sz301337.csv,sz301337.csv,sz,301337,2023-05-26,2025-09-30,573,55578,True,utf-8,70c5fbfd672ccd20a8f69426301289a678057db274e6b5a4d424147885dddde8
/Users/mic/Downloads/20250930/sz000668.csv,sz000668.csv,sz,000668,1996-12-10,2025-09-30,6408,616328,True,utf-8,39e9690061dcf15d6566573a42422c746bcc58123ff082c2edb784f2caf4dd50
/Users/mic/Downloads/20250930/sh600720.csv,sh600720.csv,sh,600720,1996-07-16,2025-09-30,6974,666945,True,utf-8,718b5fc24ac1e3b6b071231625d82e109d34fde7ed5bdbb36e44a8996d3af880
/Users/mic/Downloads/20250930/sz300808.csv,sz300808.csv,sz,300808,2019-11-29,2025-09-30,1418,136701,True,utf-8,029785ab131cd6e4e8461649775ca3de1197f97e8eb17a6f5dd5e90f4bcc67a1
/Users/mic/Downloads/20250930/sz002719.csv,sz002719.csv,sz,002719,2014-01-28,2025-09-30,2571,247122,True,utf-8,f5b8976e036ff84f55148f6e1854d14ab0e58905c1b5cf339c12149da369838c
/Users/mic/Downloads/20250930/sz001210.csv,sz001210.csv,sz,001210,2021-07-29,2025-09-30,1014,99210,True,utf-8,a0605bf2e1afaddf692c94c73e75b0c15b77c1894dcaddd4d62d7fb5fa07df9f
/Users/mic/Downloads/20250930/sh603229.csv,sh603229.csv,sh,603229,2017-05-09,2025-09-30,2044,192719,True,utf-8,b80bde0ba6149b7e2c5d22da9b9da3eb0fc1c46fddb4e406815a4c4b35deccc9
/Users/mic/Downloads/20250930/sh600734.csv,sh600734.csv,sh,600734,1996-08-08,2025-09-30,6028,580506,True,utf-8,4fe2076b7c2bf956348de2c9d5138cba0d77dd5f1df8e9881e0937a7c305866f
/Users/mic/Downloads/20250930/sh600052.csv,sh600052.csv,sh,600052,1997-04-15,2025-09-30,6577,637519,True,utf-8,03ca45500108f23663fffea73f6978d1979eaefbf81e72ae9802c1812ef7a951
/Users/mic/Downloads/20250930/bj830839.csv,bj830839.csv,bj,830839,2015-06-04,2025-09-30,1399,129009,True,utf-8,f7198ad984b5e7e6bb72e3fe317ab212cdb0ae0f7d0acba0b8bb6a808f9fb27c
/Users/mic/Downloads/20250930/sh688568.csv,sh688568.csv,sh,688568,2020-07-08,2025-09-30,1273,125967,True,utf-8,f09b0f9912a10110d567d4b28e3705d09f8db9dc4f626e06cd92598b465888a3
/Users/mic/Downloads/20250930/sz002043.csv,sz002043.csv,sz,002043,2005-05-10,2025-09-30,4794,459572,True,utf-8,0a99ca214bd57ab8e9160ac59bc25775bc5653695ebfe0ac626e4285d01d66ad
/Users/mic/Downloads/20250930/sh688226.csv,sh688226.csv,sh,688226,2021-07-07,2025-09-30,1030,102141,True,utf-8,ed28b28a7f7c28da2efa7e31e0805c0a2a535a49342f94e139464be2d7fc6d9b
/Users/mic/Downloads/20250930/sh603215.csv,sh603215.csv,sh,603215,2022-02-18,2025-09-30,881,85813,True,utf-8,f572572f8edd2a6012d540c745873df2573ca25d0c5f6d90c82710d7dd598246
/Users/mic/Downloads/20250930/sz300834.csv,sz300834.csv,sz,300834,2022-01-13,2025-09-30,902,88017,True,utf-8,0e8cfa962e55e79ff8032d8090d9585ec1e1d621c85fee19e73d20e79f290bf3
/Users/mic/Downloads/20250930/sz002725.csv,sz002725.csv,sz,002725,2014-01-29,2025-09-30,2704,258282,True,utf-8,e76bd29eccd5f267ed86dd23e581ce781152c5e7acaed638fc2883dcc6bbd05f
/Users/mic/Downloads/20250930/sh600708.csv,sh600708.csv,sh,600708,1996-06-06,2025-09-30,6995,660742,True,utf-8,d75d3545aec01d9b6bd29cd16f6d5e2fdf3ce96ebc340a7bc620438eb30a99f9
/Users/mic/Downloads/20250930/sz300820.csv,sz300820.csv,sz,300820,2020-02-13,2025-09-30,1371,135192,True,utf-8,a31762f1f5175681ce54180d1c054de69a22e1fcf86d47173a8fe315c2d5b132
/Users/mic/Downloads/20250930/sz002731.csv,sz002731.csv,sz,002731,2014-11-04,2025-09-30,2637,254866,True,utf-8,693fcee8235dc25276df7ef280ea20e364dc41fe821b499877be3dcc867d6622
/Users/mic/Downloads/20250930/sh688232.csv,sh688232.csv,sh,688232,2021-11-17,2025-09-30,942,91999,True,utf-8,272f9355184b0c0a89056650d864a62f3067f71890af9b498dbdc28756e9be88
/Users/mic/Downloads/20250930/sz001238.csv,sz001238.csv,sz,001238,2022-09-19,2025-09-30,737,70946,True,utf-8,d7c61453713c81725629542fc60d9b4deede62b31c83a10dca9323279df7d824
/Users/mic/Downloads/20250930/sh603201.csv,sh603201.csv,sh,603201,2022-07-29,2025-09-30,772,75319,True,utf-8,81a974c81d94481e6fb95e5d4c424c574e8f3368c8b2f5739cd93e5146ec30a9
/Users/mic/Downloads/20250930/sh603567.csv,sh603567.csv,sh,603567,2015-04-24,2025-09-30,2526,250873,True,utf-8,0766d2657470b5af2d7c47beb5a5d5aa17bc7e10bb12ba1d69792e529dbb1309
/Users/mic/Downloads/20250930/sh605116.csv,sh605116.csv,sh,605116,2020-09-21,2025-09-30,1220,119893,True,utf-8,4fb598f9944942f7a91d1c13eb7c23e0f11cd3d5430be25d4097dd7d53216967
/Users/mic/Downloads/20250930/sz000898.csv,sz000898.csv,sz,000898,1997-12-25,2025-09-30,6658,647755,True,utf-8,3a6572588a6a8ec0c21028129d783fff352f73e83dd66307984817b48a92916c
/Users/mic/Downloads/20250930/sz002057.csv,sz002057.csv,sz,002057,2006-08-02,2025-09-30,4400,414196,True,utf-8,6f972f42e888b02be9533fb01100eed7e183364f730ebce7b8211246e2c9a34e
/Users/mic/Downloads/20250930/sz301280.csv,sz301280.csv,sz,301280,2022-12-26,2025-09-30,672,67991,True,utf-8,36edd5d822e25b1cc13726d6126469fe9eeb8840fd42037640beeb91824ebf97
/Users/mic/Downloads/20250930/bj836247.csv,bj836247.csv,bj,836247,2022-12-23,2025-09-30,673,63975,True,utf-8,a0afef5f0fdefb923ee9d33e02d338d7b0d21fd64af874e6d25b97c13b4d1a84
/Users/mic/Downloads/20250930/sh600085.csv,sh600085.csv,sh,600085,1997-06-25,2025-09-30,6816,657864,True,utf-8,21a12bab21161e4ed1569b640633e7fbd8f8c84942181481511a684fa0b647a9
/Users/mic/Downloads/20250930/sz300175.csv,sz300175.csv,sz,300175,2011-02-15,2025-09-30,3522,334757,True,utf-8,d045dd094e3ca51e0dc92bf3124d09c056c71a6100cc52a4a3d4190b7eaba134
/Users/mic/Downloads/20250930/sz300613.csv,sz300613.csv,sz,300613,2017-02-20,2025-09-30,2087,206874,True,utf-8,4f5f7ec4741cf21681f124585d071d43ca36de9db8eb823dd87115266e18c454
/Users/mic/Downloads/20250930/sz002902.csv,sz002902.csv,sz,002902,2017-09-29,2025-09-30,1933,189676,True,utf-8,a0fcc66fd2ee933c925ca2d181648385b02d78ec66886beb0bb762de39b9fcc8
/Users/mic/Downloads/20250930/sz300607.csv,sz300607.csv,sz,300607,2017-02-09,2025-09-30,2092,206864,True,utf-8,08860943919b47738e7f60c5a50dae3ed898d570e5b637958adc58b7ca45135a
/Users/mic/Downloads/20250930/sz002916.csv,sz002916.csv,sz,002916,2017-12-13,2025-09-30,1893,188559,True,utf-8,f69fe1b7892dab8835ab790ff38019bb411df60bad5fe3b46573ef33470e26ee
/Users/mic/Downloads/20250930/sz301519.csv,sz301519.csv,sz,301519,2023-07-27,2025-09-30,531,51579,True,utf-8,18abcf12c7ad4670fd526a924e2cb8798c1dce07db531a741f0a7237ec39827b
/Users/mic/Downloads/20250930/sh603598.csv,sh603598.csv,sh,603598,2015-05-27,2025-09-30,2338,227342,True,utf-8,7afacdd60153fb17b9fc3ac7d4e7ffe8ab71836b8c41b129991a677fecc5cb4f
/Users/mic/Downloads/20250930/sz300161.csv,sz300161.csv,sz,300161,2011-01-13,2025-09-30,3362,328686,True,utf-8,8344a552e6651d0ef2488fd15132065048f5768ab46bec9d47cab5de3b2863b5
/Users/mic/Downloads/20250930/sh688583.csv,sh688583.csv,sh,688583,2025-01-15,2025-09-30,174,16932,True,utf-8,2ee251e8fd6173da6b100e6ab80b16c7b1b9ddca2a1597e48beff6d654bd5215
/Users/mic/Downloads/20250930/sz000697.csv,sz000697.csv,sz,000697,1997-03-25,2025-09-30,6462,619446,True,utf-8,362867afc1a7461e42d80e83c815377e4307898cc2a64085ac19212ae0e6ddc6
/Users/mic/Downloads/20250930/sz301257.csv,sz301257.csv,sz,301257,2022-05-17,2025-09-30,824,79613,True,utf-8,6e4826952f808085ae2cf56f0f79f618c74afd1497c7dadada028f2a3c29608f
/Users/mic/Downloads/20250930/sz300149.csv,sz300149.csv,sz,300149,2010-12-22,2025-09-30,3177,306996,True,utf-8,b3b362303066a40fc00886caf4e1f597cbe19c973d9a2ae814de71c040c9fd98
/Users/mic/Downloads/20250930/sz002080.csv,sz002080.csv,sz,002080,2006-11-20,2025-09-30,4429,418945,True,utf-8,c365adacd3434bf3662c0493430a35c71714e79a22307cdb3ed04e29f810319c
/Users/mic/Downloads/20250930/bj871642.csv,bj871642.csv,bj,871642,2017-06-27,2025-09-30,1139,107767,True,utf-8,ded1be54c6c04d9a23463cc86e6fa3a96d5fcaeaefdc364f93696fe1dd8bb11b
/Users/mic/Downloads/20250930/sz301525.csv,sz301525.csv,sz,301525,2023-08-30,2025-09-30,507,49359,True,utf-8,2fe8064899f44ce24f6a5a74b49117403d3835e9bb72ab14670c4878ce2192af
/Users/mic/Downloads/20250930/sz002094.csv,sz002094.csv,sz,002094,2006-12-15,2025-09-30,4339,416440,True,utf-8,8e194567860831a3b77c6451cd52df9e66fb93f65da2f023c5cda44a571dd8e8
/Users/mic/Downloads/20250930/sh688597.csv,sh688597.csv,sh,688597,2021-06-17,2025-09-30,1044,100488,True,utf-8,af22500277cf6b01eed961520667d3d9cfdbce345363f06fc1e224f07f0d81d2
/Users/mic/Downloads/20250930/sz000683.csv,sz000683.csv,sz,000683,1997-01-31,2025-09-30,6714,648801,True,utf-8,350dcac43c18a3eaf969cf4ded4d53b060114e8104b72b9c4eb5a1a227e480e3
/Users/mic/Downloads/20250930/sh688018.csv,sh688018.csv,sh,688018,2019-07-22,2025-09-30,1506,149976,True,utf-8,318c57e18f5bbf8a231c88d3ebb08fa30a4e71d3369c57e132c81b5a3be56f69
/Users/mic/Downloads/20250930/sh600522.csv,sh600522.csv,sh,600522,2002-10-24,2025-09-30,5440,529154,True,utf-8,ac77132c31ec2e0ca8a5b89b2772e3f02a830e53116aa64aaa3d36d01b15ea2f
/Users/mic/Downloads/20250930/sh603995.csv,sh603995.csv,sh,603995,2019-12-24,2025-09-30,1401,140129,True,utf-8,4f7375dbcc9105ee5388098da2651d5015638428d0d900f12a799cfc9d5284e0
/Users/mic/Downloads/20250930/bj430718.csv,bj430718.csv,bj,430718,2022-12-22,2025-09-30,674,64561,True,utf-8,1f6c6e7ae0f04070f2abe87869db995d18854b9752c5f21b0abe95914a348d41
/Users/mic/Downloads/20250930/bj872808.csv,bj872808.csv,bj,872808,2022-11-18,2025-09-30,688,69252,True,utf-8,09d02599536e45a5e919191721b49cfc9e8d4a1aa9a53c8f4499b57d6c589b85
/Users/mic/Downloads/20250930/sh603759.csv,sh603759.csv,sh,603759,2021-03-26,2025-09-30,1098,107604,True,utf-8,755727b82c00b2c6326c70cd66bfca185da5a7b9f52d7762213c3f012339252b
/Users/mic/Downloads/20250930/sh600250.csv,sh600250.csv,sh,600250,2001-03-06,2025-09-30,5708,543191,True,utf-8,789940bebfbb88c4fc250a28fc474c49b3803426504c812bb4de9c32d227f46c
/Users/mic/Downloads/20250930/sz002269.csv,sz002269.csv,sz,002269,2008-08-28,2025-09-30,4097,394017,True,utf-8,b1b3ef391b9188c8cc90e262b03bd030f8188686801888cef4ce8f71591ab607
/Users/mic/Downloads/20250930/sh601628.csv,sh601628.csv,sh,601628,2007-01-09,2025-09-30,4545,466532,True,utf-8,73193f2afb88aa12d6e0739c961504e95ccb9af161887c88a86cc2d7adf7acb8
/Users/mic/Downloads/20250930/sh600536.csv,sh600536.csv,sh,600536,2002-05-17,2025-09-30,5609,545368,True,utf-8,07f58104256d8e19984f6453bc5cf48355327bb04be075c36d1becf05edd8387
/Users/mic/Downloads/20250930/sh601600.csv,sh601600.csv,sh,601600,2007-04-30,2025-09-30,4336,430509,True,utf-8,53b5ab63472806d2bd473b67cad9390d7614d236807956e5610e3db48da9218c
/Users/mic/Downloads/20250930/sz002527.csv,sz002527.csv,sz,002527,2010-12-24,2025-09-30,3430,329721,True,utf-8,919b1e54682357eec64ea0a73be639b85b8c8c1a552ea2c181da0a442dee9e78
/Users/mic/Downloads/20250930/sh603017.csv,sh603017.csv,sh,603017,2014-12-31,2025-09-30,2547,244010,True,utf-8,8c232f0f190dd07f66b90c81b869afe05dcd14523038692dd584f6765ff67b9c
/Users/mic/Downloads/20250930/sh605300.csv,sh605300.csv,sh,605300,2021-04-30,2025-09-30,1074,104645,True,utf-8,7cdff79da7837fafcea94320bea73f31c53eff63390876cc94785849ef280a47
/Users/mic/Downloads/20250930/sz301096.csv,sz301096.csv,sz,301096,2021-12-20,2025-09-30,919,90154,True,utf-8,c91d3eeba396b468f46b6d7ff550381ef61a3e96da7b8f581b07a40af8440b87
/Users/mic/Downloads/20250930/sh600278.csv,sh600278.csv,sh,600278,2000-07-12,2025-09-30,6012,557679,True,utf-8,9fdcaed137e08d0943b846333833ac3124546644393b870d9272b8cd791b9342
/Users/mic/Downloads/20250930/sz002241.csv,sz002241.csv,sz,002241,2008-05-22,2025-09-30,4191,419640,True,utf-8,204f8a51e9d972356f35210948ad83dc98bf1a7834171774a8e1e4148e8e0052
/Users/mic/Downloads/20250930/sz300388.csv,sz300388.csv,sz,300388,2014-08-01,2025-09-30,2672,256147,True,utf-8,4c48c9ecda2aafec0e543d0e6511c864f14c79d14571d0f1b22c59a19631f6fd
/Users/mic/Downloads/20250930/sh601166.csv,sh601166.csv,sh,601166,2007-02-05,2025-09-30,4511,456569,True,utf-8,5299fe9a544f47e1b5fb57bb10cc81417a67bd09fc20dc0235a08586da6381a3
/Users/mic/Downloads/20250930/sz301082.csv,sz301082.csv,sz,301082,2021-10-27,2025-09-30,957,93229,True,utf-8,e469c7982fdafb808e2faabd01ba5302fd7a780ed2826c5d6cfd9dc32464ee78
/Users/mic/Downloads/20250930/sz002255.csv,sz002255.csv,sz,002255,2008-06-25,2025-09-30,3990,378834,True,utf-8,2cf36d43e10dae77e6beac6b866637882560161538b0fc7231c2aa7af2b9ae78
/Users/mic/Downloads/20250930/sh688030.csv,sh688030.csv,sh,688030,2019-09-30,2025-09-30,1457,142059,True,utf-8,016867f584cebef5d08c49df940524ad47a963af953e6048c915ce8b7020677c
/Users/mic/Downloads/20250930/sz002533.csv,sz002533.csv,sz,002533,2010-12-31,2025-09-30,3556,339165,True,utf-8,6ebeacc754a73091e78ee1568b2f13fe95df1ad4948066c2aaccdbe37df0871a
/Users/mic/Downloads/20250930/sh601827.csv,sh601827.csv,sh,601827,2020-06-05,2025-09-30,1294,125426,True,utf-8,0b8e19cefd13ce9ff1f38ed4802d334a3359ba6e3e1104e29e63e18d6bac4f1f
/Users/mic/Downloads/20250930/sz300411.csv,sz300411.csv,sz,300411,2014-12-31,2025-09-30,2334,223069,True,utf-8,cfd74fa862424b7bea66b03bd9b08082a73311d80ca46fe394e1dff51d7b6264
/Users/mic/Downloads/20250930/sh605499.csv,sh605499.csv,sh,605499,2021-05-27,2025-09-30,1058,108219,True,utf-8,84513c1a8edc6aeeab046a833d65be79b539f9060843ba0affd23065a1054c24
/Users/mic/Downloads/20250930/sh603956.csv,sh603956.csv,sh,603956,2019-02-22,2025-09-30,1607,155937,True,utf-8,f439643b8ef400909c452e2c006dbcb1d3032ef48dddc20c183ede4713eab18f
/Users/mic/Downloads/20250930/sh601199.csv,sh601199.csv,sh,601199,2011-03-17,2025-09-30,3504,332558,True,utf-8,9624807a94faa3af3797796a28b7332829a7979eb9b9e5b5f29e3a0d39b4f6f0
/Users/mic/Downloads/20250930/sz300377.csv,sz300377.csv,sz,300377,2014-01-27,2025-09-30,2795,275624,True,utf-8,f73c6f29d9559077bbd413099875b9d03332141c2d50eaff72a817499bfd315b
/Users/mic/Downloads/20250930/sh600287.csv,sh600287.csv,sh,600287,2000-09-01,2025-09-30,5994,565403,True,utf-8,9d7fe0f8fc8069e432191d0f54df73eab7abd47816b4148849f9ed1d093a9bee
/Users/mic/Downloads/20250930/sz301069.csv,sz301069.csv,sz,301069,2021-09-27,2025-09-30,974,95544,True,utf-8,da1df63b2b13194761e7d523fb2c4ce3f5768d5a079ea4f5f771823295340b3a
/Users/mic/Downloads/20250930/sz300363.csv,sz300363.csv,sz,300363,2014-01-29,2025-09-30,2728,271094,True,utf-8,2a83e43493cba2e813264237c6da3985f349e7ff881d86e028d8043e25a4cb36
/Users/mic/Downloads/20250930/sh600293.csv,sh600293.csv,sh,600293,2000-09-19,2025-09-30,5850,559052,True,utf-8,6f55bb8bc26e39aa8eda80786598f395f0acc7c574eafdc2688a79bcc6352bcf
/Users/mic/Downloads/20250930/sz300405.csv,sz300405.csv,sz,300405,2014-10-30,2025-09-30,2572,246002,True,utf-8,b0c608c0e28b1af5de2ec4aaa7fe5cbe5cf3a08ed3900a4f2b6218b08e16489d
/Users/mic/Downloads/20250930/sz002282.csv,sz002282.csv,sz,002282,2009-08-21,2025-09-30,3737,357957,True,utf-8,9d5ef1e5d6eb66e0287657b4c881865e5fb0fb85f2a3b39d4b11db1aed5fd940
/Users/mic/Downloads/20250930/sz301055.csv,sz301055.csv,sz,301055,2021-09-06,2025-09-30,987,95981,True,utf-8,f0b5a40038c859d2dd78a184975b24236b3aadb35b932dc5ffbe8e0067c1770c
/Users/mic/Downloads/20250930/sz002296.csv,sz002296.csv,sz,002296,2009-09-29,2025-09-30,3740,361354,True,utf-8,7fc7db3632cb64a778b9f79fc93ccd0a5880248cf50398fd3d30226a328cccea
/Users/mic/Downloads/20250930/sz301041.csv,sz301041.csv,sz,301041,2021-08-11,2025-09-30,1005,98528,True,utf-8,431eddb05481ac6102362c54aa852a5cb37c43493b606d15ba985e9a3ab29648
/Users/mic/Downloads/20250930/sz300439.csv,sz300439.csv,sz,300439,2015-04-22,2025-09-30,2539,251346,True,utf-8,7e143c41b816e5bc0edb349436f0c0d4d36acd3456b29a95f803db0a02dbb36a
/Users/mic/Downloads/20250930/sz301040.csv,sz301040.csv,sz,301040,2021-08-03,2025-09-30,1006,96229,True,utf-8,c5b9f71be27d547dc8eac3c008fe1f45eaf47cd1ed54bda46b9504e593352a21
/Users/mic/Downloads/20250930/sz002297.csv,sz002297.csv,sz,002297,2009-09-29,2025-09-30,3641,350657,True,utf-8,23e3bd8a3bc41367252a80260d3718ebe4845bc59273ce2c2d2d13d85cd9fafe
/Users/mic/Downloads/20250930/sz300438.csv,sz300438.csv,sz,300438,2015-04-24,2025-09-30,2492,248974,True,utf-8,ba6958a0d1b622022abb416b03dad6e41b246fa73bb96d7e7c215e6555bdbee7
/Users/mic/Downloads/20250930/sz002283.csv,sz002283.csv,sz,002283,2009-08-21,2025-09-30,3764,360231,True,utf-8,9c2320de0d23dd3b59214077a998e9d7440b6a8e8ddef2dd16292e7cd0e2677d
/Users/mic/Downloads/20250930/sh600292.csv,sh600292.csv,sh,600292,2000-11-01,2025-09-30,5891,557814,True,utf-8,2e3199330f54d8507c47237c88ef4652dc12098ae4380aa8215e9e52667cbbc9
/Users/mic/Downloads/20250930/sz300404.csv,sz300404.csv,sz,300404,2015-04-24,2025-09-30,2472,238381,True,utf-8,da7e27da205acf736e73f21ca48e388cc2977df70398aa6694a71e23901a0a0b
/Users/mic/Downloads/20250930/sz300410.csv,sz300410.csv,sz,300410,2014-12-31,2025-09-30,2395,232324,True,utf-8,a4c1d31653374bf6f2ffc8a7888162ac96818d7d73f5a6e301ed0c0f40c7cab6
/Users/mic/Downloads/20250930/sz301068.csv,sz301068.csv,sz,301068,2021-09-28,2025-09-30,963,93390,True,utf-8,f7378b443d0c3edf31cd6ee66aa18e571ea76a4d18e94959379463c0f83594f2
/Users/mic/Downloads/20250930/sz300376.csv,sz300376.csv,sz,300376,2014-01-27,2025-09-30,2719,262240,True,utf-8,175a9926b950a0c56918895afc9273e9d1e246ab82c8ac8680b992100c1df296
/Users/mic/Downloads/20250930/sh601198.csv,sh601198.csv,sh,601198,2015-02-26,2025-09-30,2573,259585,True,utf-8,f9dbe92f5e0cb169ecbfb128b4f262e7717951fa19567749f4f9ebbec253d9de
/Users/mic/Downloads/20250930/sh688757.csv,sh688757.csv,sh,688757,2025-03-25,2025-09-30,131,12757,True,utf-8,6e47c3cf6cc92824558c87bd0007157bc95cea187548be8657b75a506603ab47
/Users/mic/Downloads/20250930/sz002254.csv,sz002254.csv,sz,002254,2008-06-25,2025-09-30,4127,402576,True,utf-8,560c5b12e7478a43c5d4303e5df05a59d8a6693cadcdf8ee5de275f1cd989462
/Users/mic/Downloads/20250930/sz301083.csv,sz301083.csv,sz,301083,2021-10-21,2025-09-30,961,93993,True,utf-8,f8d99d2e6a99d2d96544bbe28574336f75782946eaa9d1ed2fd3fc2c560e6f5e
/Users/mic/Downloads/20250930/sz002532.csv,sz002532.csv,sz,002532,2010-12-31,2025-09-30,3465,330177,True,utf-8,6b8903c9b50d75ea7b7b9aa66cc837ba4e7e4e998a845e7e6657488de8a3a603
/Users/mic/Downloads/20250930/sh601615.csv,sh601615.csv,sh,601615,2019-01-23,2025-09-30,1624,163559,True,utf-8,8a28a5f72a40482289bacb4ebaaa149ceacc8035b49507141076234bf776a0b8
/Users/mic/Downloads/20250930/sh688031.csv,sh688031.csv,sh,688031,2022-10-18,2025-09-30,721,70464,True,utf-8,88ec638a29ee158f3d1c0789ea3286e25724b5f382616276ddc59def36d2305d
/Users/mic/Downloads/20250930/sh603002.csv,sh603002.csv,sh,603002,2012-05-18,2025-09-30,3226,302040,True,utf-8,ff9f41edf122fbe260099567a73d2ed64445f1114614e3d33c4e910f2aaf3cdf
/Users/mic/Downloads/20250930/sh688025.csv,sh688025.csv,sh,688025,2019-10-31,2025-09-30,1439,142499,True,utf-8,ff0ece7db980d0f3e127d1ca5b903fa7f50f3c89090c99e318ef01b0aba08d0d
/Users/mic/Downloads/20250930/sh603016.csv,sh603016.csv,sh,603016,2016-07-01,2025-09-30,2071,202644,True,utf-8,cfe85b97ed0dabd194f975791a6f5c59fd3eebcf75e673fced8ca09ee1e17dc5
/Users/mic/Downloads/20250930/sz002526.csv,sz002526.csv,sz,002526,2010-12-17,2025-09-30,3389,325700,True,utf-8,42d0b8f70df7aaa3165ebdd5ea26cf9abe7875a2690795e1c9198b8c83bae3ba
/Users/mic/Downloads/20250930/sh601601.csv,sh601601.csv,sh,601601,2007-12-25,2025-09-30,4312,437615,True,utf-8,c3ed5f4d61b930f0c83d689f9639446b443a82c1e475cd4c3a841a4f0f3d1d33
/Users/mic/Downloads/20250930/sz300389.csv,sz300389.csv,sz,300389,2014-08-01,2025-09-30,2711,262751,True,utf-8,364faed1000705bef721de3ed345240c4a733b0756e89686b9808a15eeaabbe4
/Users/mic/Downloads/20250930/sz002240.csv,sz002240.csv,sz,002240,2008-05-23,2025-09-30,3929,383489,True,utf-8,f132e6917749ab215a80fef5cf21ed66487e4f874043510404825cd0f72f9dae
/Users/mic/Downloads/20250930/sh600279.csv,sh600279.csv,sh,600279,2000-07-31,2025-09-30,5977,563802,True,utf-8,87e50887f585db961cb3270b03e6b794a588b6fb14439bacacb5ba20695a281f
/Users/mic/Downloads/20250930/sz301097.csv,sz301097.csv,sz,301097,2022-04-07,2025-09-30,849,81576,True,utf-8,95f924846d520a1360b05e712006b851877d56522786a40468514ce25891dff3
/Users/mic/Downloads/20250930/sz002268.csv,sz002268.csv,sz,002268,2008-08-11,2025-09-30,4038,395912,True,utf-8,439a88ee0640377800fab505430c169c1e8439c18eb9650c66d4d4908bb41bc4
/Users/mic/Downloads/20250930/sh600251.csv,sh600251.csv,sh,600251,2003-06-09,2025-09-30,5328,520119,True,utf-8,90e6de7ed2414b232edb17d89f9d02a99f41ff1bd0c4ff448e6da4f5d703b91f
/Users/mic/Downloads/20250930/sh603758.csv,sh603758.csv,sh,603758,2017-05-17,2025-09-30,2024,202424,True,utf-8,1798ac0c412901eacfe0830cc1ddf2ab06dfa48cac8f914ba6fce1f062dd39f6
/Users/mic/Downloads/20250930/sh603980.csv,sh603980.csv,sh,603980,2017-06-15,2025-09-30,2018,188299,True,utf-8,763ec2b50caf06762ac7b9fdc7375cd1146ce69b70110a1a39ae356a27f73d9e
/Users/mic/Downloads/20250930/sh600537.csv,sh600537.csv,sh,600537,2003-01-23,2025-09-30,5384,509589,True,utf-8,ddf7944af393f006ccac96a01dd9b06ccc6acc3f8ab95d9ee349c1b76fc13e15
/Users/mic/Downloads/20250930/sh600523.csv,sh600523.csv,sh,600523,2001-12-27,2025-09-30,5624,539060,True,utf-8,216e86d219e95147d643d1359d116facc15d2720907f83e98274f5a5e0ef69eb
/Users/mic/Downloads/20250930/sh688019.csv,sh688019.csv,sh,688019,2019-07-22,2025-09-30,1506,149818,True,utf-8,fcaaecc4ad25ddff0aeacde10bae0c97c7439a0dc88e90fda649694f1542657c
/Users/mic/Downloads/20250930/sz000682.csv,sz000682.csv,sz,000682,1997-01-21,2025-09-30,6627,638561,True,utf-8,35980e2be97c6178a1a0902e69bbe850a4d8f2534df34099611caf0acff8e00f
/Users/mic/Downloads/20250930/sh688596.csv,sh688596.csv,sh,688596,2020-08-20,2025-09-30,1242,122566,True,utf-8,c8effc303a784256efb75c8787f12e4d13bfc7795157dde1b6d1fd1ca8cbda7c
/Users/mic/Downloads/20250930/sz002095.csv,sz002095.csv,sz,002095,2006-12-15,2025-09-30,4559,444293,True,utf-8,0ed7c63635a9dded4786c34551eb1c000b91cbbd5088b983f698b94b57d0eca1
/Users/mic/Downloads/20250930/sz002081.csv,sz002081.csv,sz,002081,2006-11-20,2025-09-30,4514,435632,True,utf-8,0d5c2a7b9f09f68bc82a953118aa336352a13d60171247309d8edb4de8226bb0
/Users/mic/Downloads/20250930/sz300148.csv,sz300148.csv,sz,300148,2010-12-15,2025-09-30,3289,315342,True,utf-8,0503a75bc168e8b55b3f94d0c82c1a7cc598dbc3ae5f25b7b8fdf035177dc27e
/Users/mic/Downloads/20250930/sz301256.csv,sz301256.csv,sz,301256,2022-03-22,2025-09-30,859,81137,True,utf-8,c756e508c51666a335e1301e294c35c2ff6efa50808ba352aa58b692d30d6222
/Users/mic/Downloads/20250930/bj873726.csv,bj873726.csv,bj,873726,2023-10-19,2025-09-30,477,46503,True,utf-8,5ee0ec32e4564f9bbb1fe970ada0755adc4172b6d9971df1f836ad72ffdea8e6
/Users/mic/Downloads/20250930/sh688582.csv,sh688582.csv,sh,688582,2023-06-30,2025-09-30,550,55060,True,utf-8,9cd434a0e7189717f14777dab3b7c023d318de35563f2ee09329f61d9182a781
/Users/mic/Downloads/20250930/sh600906.csv,sh600906.csv,sh,600906,2021-05-07,2025-09-30,1072,102684,True,utf-8,64cf20c3c1facc3bdbb73137b5e07e2e0685cd939ca6eedb5a1504c535e474f5
/Users/mic/Downloads/20250930/sz002917.csv,sz002917.csv,sz,002917,2017-12-08,2025-09-30,1888,181026,True,utf-8,9f8e919b2cf457f158037a86f52cd6283f52658d2f67fe6ee79c2f8ffe2bd5e6
/Users/mic/Downloads/20250930/sz301518.csv,sz301518.csv,sz,301518,2023-08-03,2025-09-30,526,52253,True,utf-8,f8513e112c43bc6a6248737985d36dc3f580c162f96301cbeef6232429200ea8
/Users/mic/Downloads/20250930/sz300606.csv,sz300606.csv,sz,300606,2017-02-08,2025-09-30,2105,207033,True,utf-8,001f074d329a3fb1a9173e3059196e955cd2b1872f773a825dcffb1db1dd3f48
/Users/mic/Downloads/20250930/sz300160.csv,sz300160.csv,sz,300160,2011-01-13,2025-09-30,3503,332887,True,utf-8,1ee310c298727f2352e883b38f6958f3ee5deb676abde4d2506795fbf5a0cb00
/Users/mic/Downloads/20250930/sh603599.csv,sh603599.csv,sh,603599,2015-05-13,2025-09-30,2523,245273,True,utf-8,64e1d5c0c7e8dfbc5fa7aed5b3050aa463df159da4c1f3e8481f07bf51440ca7
/Users/mic/Downloads/20250930/sz300174.csv,sz300174.csv,sz,300174,2011-02-01,2025-09-30,3507,338774,True,utf-8,80db3d6fbfa67e237138bb9e78a9b5bd47b462b8fe39d75647a01eaf3e47c9f4
/Users/mic/Downloads/20250930/sh600084.csv,sh600084.csv,sh,600084,1997-07-11,2025-09-30,6399,607143,True,utf-8,f5b5134dcbd217040f1282d7d9c1008ad32013691e8ecc0c4d24decee85427eb
/Users/mic/Downloads/20250930/sz002903.csv,sz002903.csv,sz,002903,2017-10-13,2025-09-30,1937,188781,True,utf-8,73e604f9511271d91efbf5dfa31c9947671e718a5c03d113c6dc9b5d70d409e9
/Users/mic/Downloads/20250930/sz300612.csv,sz300612.csv,sz,300612,2017-02-15,2025-09-30,1929,189947,True,utf-8,c20e71abb7fc9c4ae89e41ed761554d6162b513b935ea6d0b28f57a59aa9841d
/Users/mic/Downloads/20250930/sh603200.csv,sh603200.csv,sh,603200,2017-06-01,2025-09-30,2029,202391,True,utf-8,6a87361340e4bb9a8b2fb9f319b759127bd15b9f0a03b309afe9ac72d7a1d096
/Users/mic/Downloads/20250930/sz001239.csv,sz001239.csv,sz,001239,2023-12-12,2025-09-30,439,42625,True,utf-8,cb94d6bd81b496631473591e5cc30c4000b7db093fb5609fb91ab5393bbe1e1f
/Users/mic/Downloads/20250930/sh688233.csv,sh688233.csv,sh,688233,2020-02-21,2025-09-30,1365,131677,True,utf-8,040c42e4e7067350422f4e83596e565e868bde6be7475aa5cfef62de0dce2758
/Users/mic/Downloads/20250930/sz002730.csv,sz002730.csv,sz,002730,2014-10-09,2025-09-30,2542,244544,True,utf-8,dafbf073a8bad574e7c5335740a881bfcd62307e791619ea8471db1cdc20b7f1
/Users/mic/Downloads/20250930/sz300821.csv,sz300821.csv,sz,300821,2020-03-12,2025-09-30,1351,130872,True,utf-8,88c5dc14389e9ab6af4895c6d144560da76fe41ee1f4a6a73586f51fd40f123a
/Users/mic/Downloads/20250930/sz301281.csv,sz301281.csv,sz,301281,2023-04-04,2025-09-30,597,58703,True,utf-8,cf9aa1a49e8f4b8ee4f8681c56a67899a8501a1bc34a6dd22808ea50977163c7
/Users/mic/Downloads/20250930/sz002056.csv,sz002056.csv,sz,002056,2006-08-02,2025-09-30,4636,451866,True,utf-8,5e28f32c0fa64cb6a817bfd21b9a2e495cd1447c321b28fe027e8731ee9381d1
/Users/mic/Downloads/20250930/sz000899.csv,sz000899.csv,sz,000899,1997-11-26,2025-09-30,6615,627454,True,utf-8,83e573a8facf6d06a4de223bd536b9624310096b5943e3e6e222fd5399917f03
/Users/mic/Downloads/20250930/sh605117.csv,sh605117.csv,sh,605117,2021-04-20,2025-09-30,1082,107189,True,utf-8,2800fa92eb95c8dff2a6382b5b6ec753ac07556b18566943b03bd937e809f0f4
/Users/mic/Downloads/20250930/sh603566.csv,sh603566.csv,sh,603566,2015-05-18,2025-09-30,2521,245747,True,utf-8,764b386c2ccfb5bfecdb243706a45e9381cc4103597fe0e28e350db761ba5057
/Users/mic/Downloads/20250930/sz000655.csv,sz000655.csv,sz,000655,1996-11-28,2025-09-30,6657,630271,True,utf-8,047b951a13f0eaf85e1f89f5562eb297626e5a751a104fc1639b9e11dcba7b8b
/Users/mic/Downloads/20250930/sz301295.csv,sz301295.csv,sz,301295,2023-06-28,2025-09-30,552,53099,True,utf-8,de05d3ad9b56727497411e5031eceedace0a27053eea77ebf1b207d790db408f
/Users/mic/Downloads/20250930/sz002042.csv,sz002042.csv,sz,002042,2005-04-27,2025-09-30,4698,448155,True,utf-8,50468fa2c8beb4b1ede9903be1720f33d7a9a81fe3258c61e10ba02130b61ae8
/Users/mic/Downloads/20250930/bj871694.csv,bj871694.csv,bj,871694,2023-04-24,2025-09-30,594,56320,True,utf-8,e71ae144dd65e90d8592991ef41dedcaea7379ab2009839faeb61bf3cf1658e4
/Users/mic/Downloads/20250930/sz002724.csv,sz002724.csv,sz,002724,2014-11-04,2025-09-30,2584,245489,True,utf-8,070fe470e767c0a77e1fcaade5faf34441cd8265f2ebbabf879352ec0743eaba
/Users/mic/Downloads/20250930/sz300835.csv,sz300835.csv,sz,300835,2020-05-25,2025-09-30,1303,128232,True,utf-8,a9c20e9eaad309e8b820091c84b20585eba922decc3fa15e1215b6cb44c59137
/Users/mic/Downloads/20250930/sh603214.csv,sh603214.csv,sh,603214,2018-03-30,2025-09-30,1824,176282,True,utf-8,398e116090b0600ea7ab7feb95e50fc0804e9e20773ec5c8d0c23c21a9c06e5e
/Users/mic/Downloads/20250930/sh688227.csv,sh688227.csv,sh,688227,2021-12-30,2025-09-30,911,89541,True,utf-8,3de8c5f861b53742d9f19f184b9eba8f65bbd20a82d6308c7d323b4ca519abad
/Users/mic/Downloads/20250930/sh600735.csv,sh600735.csv,sh,600735,1996-07-26,2025-09-30,6558,615821,True,utf-8,d9b4e1ac04bb4b84fc6a885868be8c271e6531ab29701ac1e01820665f06e76a
/Users/mic/Downloads/20250930/sz001205.csv,sz001205.csv,sz,001205,2021-05-13,2025-09-30,1068,107214,True,utf-8,bd312735c543eb9c6f19bf5ede8412949fb15b42e5ca0448a2e7f87313c89658
/Users/mic/Downloads/20250930/sh688569.csv,sh688569.csv,sh,688569,2020-08-31,2025-09-30,1235,124145,True,utf-8,0a3507fb0f526e0ce9751dff8941cea8cfab19ef7b15157607aac1f46477eabd
/Users/mic/Downloads/20250930/sh600053.csv,sh600053.csv,sh,600053,1997-04-18,2025-09-30,6352,605088,True,utf-8,4036bfbc4f2dfce3f517580deb7342d460233b30ad3eddbe9340cbd39f90ffdb
/Users/mic/Downloads/20250930/sz000669.csv,sz000669.csv,sz,000669,1996-12-10,2025-09-30,6645,630180,True,utf-8,e4387b6a26753cb7c112ea28429e604057ce240c38ca4b5077d4535bab87803f
/Users/mic/Downloads/20250930/sh603228.csv,sh603228.csv,sh,603228,2017-01-06,2025-09-30,2123,211799,True,utf-8,774092288ee57b9bdfa4832279aa313e0b9042612f72a4ceb403a79436fa20a4
/Users/mic/Downloads/20250930/sz001211.csv,sz001211.csv,sz,001211,2021-08-05,2025-09-30,1009,97096,True,utf-8,8b333ff69dfa2f75732d73aa745d7f091375a3d3b4e157be49fbd6ff0246beef
/Users/mic/Downloads/20250930/sz002718.csv,sz002718.csv,sz,002718,2014-01-28,2025-09-30,2816,273137,True,utf-8,8520828d86f99855fc5fbc10d3b30389bd22ee5462cd3d95b4a186c550f2f254
/Users/mic/Downloads/20250930/sz300809.csv,sz300809.csv,sz,300809,2019-12-04,2025-09-30,1410,137774,True,utf-8,750e4e2b86687354d4de222dce57298030519635f0124b36f56286d6af316b97
/Users/mic/Downloads/20250930/sh600721.csv,sh600721.csv,sh,600721,1996-06-26,2025-09-30,6508,612583,True,utf-8,367b9bc7040d5f4a7471d7aa6162ecbb6cb08647a1cddb0d0308e807ff026ee6
/Users/mic/Downloads/20250930/sz002687.csv,sz002687.csv,sz,002687,2012-07-13,2025-09-30,3209,303922,True,utf-8,800800ac886e88e52cc2d8c9e73397e4f3586fe79e98a2ddc85e1a27ce022d8b
/Users/mic/Downloads/20250930/sh600866.csv,sh600866.csv,sh,600866,1994-08-18,2025-09-30,7255,687089,True,utf-8,09d04e3d1a1639729ebc9aec98af2a2820d70031aef8a4bde4b5264a39800bdb
/Users/mic/Downloads/20250930/sz300996.csv,sz300996.csv,sz,300996,2021-06-03,2025-09-30,1053,104104,True,utf-8,4b71710230bdc29d0e5f5738f1172507f6de673f2fcf596335cc4e1354e5c1ec
/Users/mic/Downloads/20250930/sz000090.csv,sz000090.csv,sz,000090,1999-07-21,2025-09-30,6218,591213,True,utf-8,56d6bc654bf2725855a8fb4b20100f1f2eb45a87802c7bb76a06ac93773047e2
/Users/mic/Downloads/20250930/sz301336.csv,sz301336.csv,sz,301336,2022-08-12,2025-09-30,762,70801,True,utf-8,d713a1e2a2664ade8f9de78772d7854eb9674189fb60b0c2fbe79757f49c5268
/Users/mic/Downloads/20250930/sz301322.csv,sz301322.csv,sz,301322,2023-03-06,2025-09-30,628,60834,True,utf-8,83ba04ccbf7b45e87f7a11ecd4e996a73aad54dabfb772380f517e5e831c81a5
/Users/mic/Downloads/20250930/sh688390.csv,sh688390.csv,sh,688390,2020-09-04,2025-09-30,1231,124213,True,utf-8,6bee5c163025596a8ada02a44c0635c9e76334354cb181fa933b5dcebf88492a
/Users/mic/Downloads/20250930/sz002693.csv,sz002693.csv,sz,002693,2012-08-08,2025-09-30,3097,293854,True,utf-8,f23772e6bf7390dfe537047efc659d8b2a11a93dfb868cac6bc5b93dd64588ca
/Users/mic/Downloads/20250930/sh600872.csv,sh600872.csv,sh,600872,1995-01-24,2025-09-30,7306,704355,True,utf-8,688c3eb170798b10ebebd2c03a5bf6f7320a96c8bedb120d51b877875adfcebb
/Users/mic/Downloads/20250930/sz300982.csv,sz300982.csv,sz,300982,2021-04-27,2025-09-30,1077,105106,True,utf-8,a3f1d901ac6e5efe66bfbd3de97289aedc7def8152598471053ee9c00699558a
/Users/mic/Downloads/20250930/sz300772.csv,sz300772.csv,sz,300772,2019-04-26,2025-09-30,1557,152985,True,utf-8,575c441f8b784ef3da0e24a63b5a78e9ebce740390da8855c69c337a5c4fbbdd
/Users/mic/Downloads/20250930/sh600682.csv,sh600682.csv,sh,600682,1993-10-18,2025-09-30,7269,691965,True,utf-8,9db32fe479e13e1457fdbb0bd1e9f9e40c5355d2d85884ed5bfac76bdb3f72c8
/Users/mic/Downloads/20250930/sz002863.csv,sz002863.csv,sz,002863,2017-04-18,2025-09-30,2058,195759,True,utf-8,82ccd845a921debf6fe8f45baff8878f1eecf1fd99873248c1e4a81f15034745
/Users/mic/Downloads/20250930/sz300014.csv,sz300014.csv,sz,300014,2009-10-30,2025-09-30,3809,375043,True,utf-8,a3323c4e3f0828b8b9240d8e0558ce0e3edea7c4d433626e2b8d60aa4a03328b
/Users/mic/Downloads/20250930/sz000912.csv,sz000912.csv,sz,000912,1999-06-03,2025-09-30,5892,561343,True,utf-8,58c341776d821ec6979137389eee5972353f35089b9330b47dbea5256c47d96f
/Users/mic/Downloads/20250930/sh605088.csv,sh605088.csv,sh,605088,2020-08-17,2025-09-30,1245,120468,True,utf-8,d8d395a19099433ad1ab305741ac3bb518cff4e2755911711928fea47459715d
/Users/mic/Downloads/20250930/sz000906.csv,sz000906.csv,sz,000906,1999-07-07,2025-09-30,6132,580998,True,utf-8,6acffe1a4db7137e389449ee6e0df6fe51c1c84d42b2f980a693890dbcb5f745
/Users/mic/Downloads/20250930/sh601588.csv,sh601588.csv,sh,601588,2006-10-16,2025-09-30,4588,441858,True,utf-8,ee8cd678efb8df69822af205250900891fc9b367bcce87318d4e7dbb86b4978e
/Users/mic/Downloads/20250930/sz300766.csv,sz300766.csv,sz,300766,2019-03-25,2025-09-30,1586,157015,True,utf-8,805e2b5b27220b8ce8f6bf62be38c9c4bc76ca4f024b8fd647e2c8d9da1e2e20
/Users/mic/Downloads/20250930/sh600696.csv,sh600696.csv,sh,600696,1993-12-06,2025-09-30,7458,717968,True,utf-8,c08918a6f72c01c6bfb095e5467734676adcfe50381150a1ea611b13ae154aa6
/Users/mic/Downloads/20250930/sz002877.csv,sz002877.csv,sz,002877,2017-06-05,2025-09-30,2027,193275,True,utf-8,ace2c4632bd6fc6c63f53c68ddb164ece7efbce1719434ded67674341b1cf0d4
/Users/mic/Downloads/20250930/sh688347.csv,sh688347.csv,sh,688347,2023-08-07,2025-09-30,514,50992,True,utf-8,268fbf94c69362f786af4ce11f9dbe9c517c35b24bf8dfcdffe0cd5157109fba
/Users/mic/Downloads/20250930/sz300955.csv,sz300955.csv,sz,300955,2021-03-24,2025-09-30,1100,106428,True,utf-8,85a1bc6dcecc8daff2841e30f07c081bbe91a29c2c9a7320e9b0104981890c79
/Users/mic/Downloads/20250930/sz002644.csv,sz002644.csv,sz,002644,2011-12-22,2025-09-30,3328,317030,True,utf-8,83387e75ddf438ab269daf27e6668c7aef46f468313da14dee35b36b6ac9d40a
/Users/mic/Downloads/20250930/sz002122.csv,sz002122.csv,sz,002122,2007-03-28,2025-09-30,4287,416028,True,utf-8,50a9ad2e6477e131dac4f7e1ea72154373c599919666d48b2169cb012351922f
/Users/mic/Downloads/20250930/sz000735.csv,sz000735.csv,sz,000735,1997-06-11,2025-09-30,6770,645814,True,utf-8,50f21182cc0a394719cca93a8ac16c7e8270b2c053805dfceecf008be709a711
/Users/mic/Downloads/20250930/sh603406.csv,sh603406.csv,sh,603406,2025-08-08,2025-09-30,38,3736,True,utf-8,889bc44e555c051741260066bc8f14e449e6e15c3b023e63cb75d8200204c616
/Users/mic/Downloads/20250930/sz000721.csv,sz000721.csv,sz,000721,1997-04-30,2025-09-30,6655,622754,True,utf-8,5e75b1a09c46f8ab26e5722ebc31b5189db67dcd1c3df0171260ffafd72e134f
/Users/mic/Downloads/20250930/sh605077.csv,sh605077.csv,sh,605077,2021-02-09,2025-09-30,1121,110353,True,utf-8,9b8f97c04fe1a5b03b19c7bb8fe05eb8d2b8ea581e51d20b5036b7c596f12283
/Users/mic/Downloads/20250930/sh688435.csv,sh688435.csv,sh,688435,2023-01-19,2025-09-30,655,63433,True,utf-8,abb559113cfa80809945ccc38d9d50d22c878ee87fec7813c7dbf3a71fe768fa
/Users/mic/Downloads/20250930/sh601211.csv,sh601211.csv,sh,601211,2015-06-26,2025-09-30,2479,256627,True,utf-8,9d744e9b72a8182fbb426cfb018c2d16d86a46eb83416abf87c69608a21c923f
/Users/mic/Downloads/20250930/sz002136.csv,sz002136.csv,sz,002136,2007-05-30,2025-09-30,4437,435360,True,utf-8,2e0155169cd9ea94b27c8faca9d430e0131e9fce72301ca09b1a5d1038d8c96d
/Users/mic/Downloads/20250930/bj830964.csv,bj830964.csv,bj,830964,2014-12-31,2025-09-30,2100,196412,True,utf-8,113c86903b11595fa88682bab81f5b5b65d0b27c67b55c9aecaaf5b7c8b56a85
/Users/mic/Downloads/20250930/sz301487.csv,sz301487.csv,sz,301487,2023-08-09,2025-09-30,522,51450,True,utf-8,4802fc2a607602c27cef313426d019f9cacc6fcb693a4ed8f6f45076a9e2e68a
/Users/mic/Downloads/20250930/sz002888.csv,sz002888.csv,sz,002888,2017-07-21,2025-09-30,1989,192682,True,utf-8,6662ffaad20e82a4266d03218e736229ef1e933237154a2fba4ae73494f9ed91
/Users/mic/Downloads/20250930/sz300941.csv,sz300941.csv,sz,300941,2021-02-09,2025-09-30,1126,110222,True,utf-8,65fa9d3d260f9ab15b63d5e2c26e7fb0b94b0b455a31e79110996cac9d870539
/Users/mic/Downloads/20250930/sz002650.csv,sz002650.csv,sz,002650,2012-01-06,2025-09-30,3006,288569,True,utf-8,c93b508c7173f94aff995d3db10e95b7eb3ccf70640564bea89c957f88b8fa95
/Users/mic/Downloads/20250930/sh601577.csv,sh601577.csv,sh,601577,2018-09-26,2025-09-30,1702,165923,True,utf-8,81eea3931a19db4781e3628841bc21ee50c11ad3b5ffd50212ff76df67cc5e8a
/Users/mic/Downloads/20250930/sh688353.csv,sh688353.csv,sh,688353,2022-07-13,2025-09-30,784,76727,True,utf-8,b914b1e8ece297e650cd2d1db99d27f4ca9986320284ef1b31cf4f491d795444
/Users/mic/Downloads/20250930/sz001359.csv,sz001359.csv,sz,001359,2024-03-28,2025-09-30,369,35869,True,utf-8,4a491f4aaee2c6d5206a682ef5c96fe98e37f35d644062cb46a8d9a845c0d9ff
/Users/mic/Downloads/20250930/sh603360.csv,sh603360.csv,sh,603360,2017-02-06,2025-09-30,2107,199900,True,utf-8,f43bdccc8649f071c9da6bb44f1753f523daee79bda51add06fab32b5a1a5249
/Users/mic/Downloads/20250930/sh600641.csv,sh600641.csv,sh,600641,1993-04-07,2025-09-30,7592,723819,True,utf-8,d51c3f7ae77aaf213c20fb0ecc0613f738002b7cac72c431ecbef2aeed04edbc
/Users/mic/Downloads/20250930/sz300969.csv,sz300969.csv,sz,300969,2021-04-12,2025-09-30,1088,98681,True,utf-8,e72208a16c3b1d8ccf7bc4179404bf2b210c00ef7c87c8f85b28419d42958024
/Users/mic/Downloads/20250930/sz002678.csv,sz002678.csv,sz,002678,2012-05-30,2025-09-30,3208,306368,True,utf-8,40a288192abce646a7d4827e77963c7f72b3882c4e8cadc1579c6552d97ac838
/Users/mic/Downloads/20250930/sh603348.csv,sh603348.csv,sh,603348,2018-04-26,2025-09-30,1806,179775,True,utf-8,9b6727051d0dc634753f98c6ffac9017f50e4a50afeb032ab49673752a107242
/Users/mic/Downloads/20250930/sz000709.csv,sz000709.csv,sz,000709,1997-04-16,2025-09-30,6688,644800,True,utf-8,930afa1744d3330de5835a7ae7ffa3ffb99341fc853d1340283945beb0610163
/Users/mic/Downloads/20250930/sh600127.csv,sh600127.csv,sh,600127,1998-05-06,2025-09-30,6510,624610,True,utf-8,6934584c01cd03cf5972faa1efb4bb8354315fa800907f2872b566d407edb7fb
/Users/mic/Downloads/20250930/sh600133.csv,sh600133.csv,sh,600133,1998-02-12,2025-09-30,6322,596334,True,utf-8,bba05d0549c24661e52dfb50c985471d87392785ea73428caa2a113358903dd1
/Users/mic/Downloads/20250930/sh688409.csv,sh688409.csv,sh,688409,2022-10-10,2025-09-30,727,72342,True,utf-8,6389eb2b0312c2cceba970761555280966252d25625a51982425c4e44b563328
/Users/mic/Downloads/20250930/sh600655.csv,sh600655.csv,sh,600655,1992-09-02,2025-09-30,7627,739368,True,utf-8,fecdc0a0cee48d94f0485f3f3fa4306d4d52f2ee9ef4c6d95d69650ac7a64536
/Users/mic/Downloads/20250930/bj920008.csv,bj920008.csv,bj,920008,2024-08-29,2025-09-30,265,26158,True,utf-8,9070fd825907746fe0d011ad7b14f7b27f311767eb88f40dce24bc6f62dedb2d
/Users/mic/Downloads/20250930/sh688186.csv,sh688186.csv,sh,688186,2020-02-11,2025-09-30,1373,136938,True,utf-8,86bfaa63e84c6f8965cd15bbca8073b9ac4a7f99533d64602c6282ce414a4511
/Users/mic/Downloads/20250930/sz002485.csv,sz002485.csv,sz,002485,2010-10-15,2025-09-30,3296,306481,True,utf-8,74fbc7b4ff4a5355f6360c31247ccc291b7f6fcaacec9a313248bdf33300775e
/Users/mic/Downloads/20250930/sz300558.csv,sz300558.csv,sz,300558,2016-11-07,2025-09-30,2166,216108,True,utf-8,0a72cb61eb16e92aec28c5032a7b92b937fc06926165a49c7c00ff3e7ca9347e
/Users/mic/Downloads/20250930/sz002491.csv,sz002491.csv,sz,002491,2010-10-21,2025-09-30,3393,326791,True,utf-8,391bf5c0fbe22f22fdbaaa2afd81e309b47ea51f216f1bb5fec5d284cd0841ab
/Users/mic/Downloads/20250930/sh688192.csv,sh688192.csv,sh,688192,2021-12-10,2025-09-30,925,90430,True,utf-8,fd8248060bca7c9a530c8c50611d123fe790717de41b3912f0026b7c43ea77d5
/Users/mic/Downloads/20250930/bj837212.csv,bj837212.csv,bj,837212,2016-05-06,2025-09-30,1157,107930,True,utf-8,3858b1b97643f6e08842a24cc9c1641387bb12a281fca0b52c018528612486c7
/Users/mic/Downloads/20250930/sz301120.csv,sz301120.csv,sz,301120,2022-04-19,2025-09-30,841,82093,True,utf-8,555ebda9c13abb34efd2c5287d6369063b84da6331ae02854ba0cc26fdc5a645
/Users/mic/Downloads/20250930/sz301108.csv,sz301108.csv,sz,301108,2021-12-03,2025-09-30,930,89697,True,utf-8,45d2bff8c30ade318fe8f66fb2e1ba9a5d68e95f7aab7c3336ec4ee30ae5df3f
/Users/mic/Downloads/20250930/sh600480.csv,sh600480.csv,sh,600480,2003-08-15,2025-09-30,5166,491781,True,utf-8,c3e587ea6cb9cdc5616526c4659762ce6c18c073f8eab6fc5ef756e20b446783
/Users/mic/Downloads/20250930/sz300570.csv,sz300570.csv,sz,300570,2016-12-06,2025-09-30,2145,212877,True,utf-8,25fb51149284c9a7e748d951d151eb1a1bd04f60c593d99f96066dfe8de26a85
/Users/mic/Downloads/20250930/sh603189.csv,sh603189.csv,sh,603189,2016-09-14,2025-09-30,2196,216171,True,utf-8,7900f04ef764e8d1dedd160d356cffb7702349d04c8f76006a528c44d408b7ab
/Users/mic/Downloads/20250930/sh601952.csv,sh601952.csv,sh,601952,2017-05-15,2025-09-30,2040,198886,True,utf-8,4a0b128c8fd6e8d7551107c1a671d03054b9ee0c9025a0cd78a38f4d6c49e3ea
/Users/mic/Downloads/20250930/sz300564.csv,sz300564.csv,sz,300564,2019-11-08,2025-09-30,1433,136470,True,utf-8,0dfbf52a657f9635719457768550f695c35329bdb2bf8ce996cd35af763540b1
/Users/mic/Downloads/20250930/sh603823.csv,sh603823.csv,sh,603823,2016-12-20,2025-09-30,2135,205369,True,utf-8,be549520ea63fa0e9bfdb419e8d81be486c196def05cfff55cb69ae133b694f2
/Users/mic/Downloads/20250930/sh688623.csv,sh688623.csv,sh,688623,2023-06-08,2025-09-30,564,54976,True,utf-8,3280d3057d23133231b5d779d861d67ad1a11007a102eaf026f1177568f8b326
/Users/mic/Downloads/20250930/sz000537.csv,sz000537.csv,sz,000537,1993-12-10,2025-09-30,7478,724780,True,utf-8,ba258bf96455cc82e01197e50daad739757223c1a764ccfbaba57ed8f9f10eac
/Users/mic/Downloads/20250930/sh603610.csv,sh603610.csv,sh,603610,2019-10-29,2025-09-30,1441,141056,True,utf-8,aeecdbde12aaf0be86e90355c24bcaf9fd8575206bb16940354d89f8bd4a4a02
/Users/mic/Downloads/20250930/sh600319.csv,sh600319.csv,sh,600319,2001-03-26,2025-09-30,5540,510325,True,utf-8,f515472415e9f0463bfca7cb5b157a4a5609d48baf1584dec701e2cbe6ce0507
/Users/mic/Downloads/20250930/sz002320.csv,sz002320.csv,sz,002320,2009-12-16,2025-09-30,3680,353532,True,utf-8,1d8e5706394fe17b8912ee4bc3ae0669de5767f9b14f036665f5111caf0ad16a
/Users/mic/Downloads/20250930/sh601007.csv,sh601007.csv,sh,601007,2007-04-06,2025-09-30,4479,413955,True,utf-8,bf18dc00e26a2de1a25ed4461de36295c9eeb8e99d136d83a4d81b43c264d152
/Users/mic/Downloads/20250930/sz002446.csv,sz002446.csv,sz,002446,2010-07-13,2025-09-30,3556,344428,True,utf-8,ad3bb7ede36a273046d72cbeeae2294a53cea7a6644fca8238bc8b6e25540aeb
/Users/mic/Downloads/20250930/sh603176.csv,sh603176.csv,sh,603176,2021-12-31,2025-09-30,910,86342,True,utf-8,a8de16cfb410b0fbbd679ccb98d323001018094fb2c9ce0319bd99cd51de8d0d
/Users/mic/Downloads/20250930/sh605507.csv,sh605507.csv,sh,605507,2021-08-02,2025-09-30,1012,99599,True,utf-8,27714918ac927bc988552c24ef9202663f7680eb93a99650005d07544fce8fc5
/Users/mic/Downloads/20250930/sh603162.csv,sh603162.csv,sh,603162,2023-03-29,2025-09-30,611,58580,True,utf-8,7db269d83f8914bc6c0395710bd69ea0f4322a97f217c78342aa7c5fc9221242
/Users/mic/Downloads/20250930/sh688151.csv,sh688151.csv,sh,688151,2021-12-06,2025-09-30,929,90495,True,utf-8,1b4ab19afc1f14ba34c3eb631a05997803e3bf02e1b8263ca624871d0d5c9799
/Users/mic/Downloads/20250930/sz002452.csv,sz002452.csv,sz,002452,2010-07-20,2025-09-30,3537,333378,True,utf-8,f821d88839b52e8103e333e93a05943712627b7ade9c6ea57cea6eaeb1cc1e7e
/Users/mic/Downloads/20250930/bj836871.csv,bj836871.csv,bj,836871,2022-07-22,2025-09-30,777,72103,True,utf-8,d728e899b9d8397b291563459c020be6e42b4afa7df7b5173417f3892c49d06b
/Users/mic/Downloads/20250930/sz002334.csv,sz002334.csv,sz,002334,2010-01-13,2025-09-30,3787,361063,True,utf-8,e02a15d7a98af60095cfccc2f4d828220bf5cf95019b639e1e35c7483b72f584
/Users/mic/Downloads/20250930/sz000523.csv,sz000523.csv,sz,000523,1993-11-08,2025-09-30,7536,718340,True,utf-8,9145cc81a0279ab99c16c1562527ab6cda5843806aeecfcc1ba2d3501fce110a
/Users/mic/Downloads/20250930/sh600325.csv,sh600325.csv,sh,600325,2004-02-25,2025-09-30,5164,495470,True,utf-8,138c7231c491f3cf6b824f41d8cb17128d18b4bd0c42e6a814335366b4325329
/Users/mic/Downloads/20250930/sz003002.csv,sz003002.csv,sz,003002,2020-09-22,2025-09-30,1219,116663,True,utf-8,c062a7b36d591949f4c28541ab007e7aa8720185e95f71e08f6f99624679c3d5
/Users/mic/Downloads/20250930/sh688179.csv,sh688179.csv,sh,688179,2020-10-26,2025-09-30,1201,118401,True,utf-8,b36cc690c188841a08ef8650b34a511b427fc012996080e407f8325323db2a05
/Users/mic/Downloads/20250930/sh601985.csv,sh601985.csv,sh,601985,2015-06-10,2025-09-30,2509,249213,True,utf-8,ce5d1fbbbe48b8c1a3cf056eff8b4a1bfee3a1f62926cc6fe243e519ab371c76
/Users/mic/Downloads/20250930/sh601991.csv,sh601991.csv,sh,601991,2006-12-20,2025-09-30,4526,441854,True,utf-8,07f18e19dbd25793bc761af57b4a0b5a69090f3791297ce0ac068a89bf5e544d
/Users/mic/Downloads/20250930/sh603638.csv,sh603638.csv,sh,603638,2017-01-20,2025-09-30,2113,205802,True,utf-8,c630ff782d149baab7eda7019e31dc3de0c2f7b5eb77313e48d27a70a2c88844
/Users/mic/Downloads/20250930/sh600331.csv,sh600331.csv,sh,600331,2001-12-20,2025-09-30,5452,515525,True,utf-8,8b6ed7b9aa6182644880cf824d4fe0360b6323f007c49b42a48b0f390fa4fddd
/Users/mic/Downloads/20250930/sz003016.csv,sz003016.csv,sz,003016,2020-10-26,2025-09-30,1201,115146,True,utf-8,7a20d72f46e1aea94e57e3a2a8557a83f14afe84c2f249224c8ed87c9ccf6e8f
/Users/mic/Downloads/20250930/sz002311.csv,sz002311.csv,sz,002311,2009-11-27,2025-09-30,3826,380902,True,utf-8,258d5881d41b5e72eaea4c733361b255f85a4cc5949824b98cbc855bb669490e
/Users/mic/Downloads/20250930/sh600328.csv,sh600328.csv,sh,600328,2000-12-22,2025-09-30,5733,552723,True,utf-8,439349bbf8174c877b56a061086bfb0262ec8821f549346ce4368d7b9213b3d8
/Users/mic/Downloads/20250930/sz000506.csv,sz000506.csv,sz,000506,1993-03-12,2025-09-30,6941,659917,True,utf-8,b310a89ab9ebebbfd9ff2034b37886d26d6f4458adb433d9e7b0f075005f801d
/Users/mic/Downloads/20250930/sh688612.csv,sh688612.csv,sh,688612,2023-07-26,2025-09-30,532,52196,True,utf-8,b2c5c3c45e8d875ef7b2d807776c34d024c7b0b48a6a187ed108ce7da030be21
/Users/mic/Downloads/20250930/sh601988.csv,sh601988.csv,sh,601988,2006-07-05,2025-09-30,4665,470661,True,utf-8,3f87394e193d2749ed4a75b066e04cc334e6acb2c0ed59d8f3c827b18fcacb3d
/Users/mic/Downloads/20250930/bj837592.csv,bj837592.csv,bj,837592,2023-07-10,2025-09-30,544,52350,True,utf-8,f89c807a724a2b5004ade8b703c341d2259c3b6a517f3ad7addb13f665ab8b4e
/Users/mic/Downloads/20250930/sz002463.csv,sz002463.csv,sz,002463,2010-08-18,2025-09-30,3665,363050,True,utf-8,d8ee7547b08a24eb4c3e0b6334f5bfe8d3fbb1e1b998460698a77443f701cb29
/Users/mic/Downloads/20250930/sh688160.csv,sh688160.csv,sh,688160,2020-11-12,2025-09-30,1188,115092,True,utf-8,02cbda4025d00ea14cac823e6dd8ab1f206cf69ca4ed744c133d8e1c92c145f5
/Users/mic/Downloads/20250930/sh603153.csv,sh603153.csv,sh,603153,2023-03-13,2025-09-30,623,60839,True,utf-8,7d03fec97f47abd1b08e986313703baaf2960c6dcc0f45288eec9beca65fa7be
/Users/mic/Downloads/20250930/sh688606.csv,sh688606.csv,sh,688606,2021-03-25,2025-09-30,1099,106193,True,utf-8,95ca83caa944f5a23f5abbfc29a785ef4fc6f2b09b17b90865743e37e1bba292
/Users/mic/Downloads/20250930/sz002305.csv,sz002305.csv,sz,002305,2009-11-06,2025-09-30,3770,363248,True,utf-8,b923e77d95306c302aa6ad28272b5f5515848424bb0cc5f9a50c26f54b60a432
/Users/mic/Downloads/20250930/sh601022.csv,sh601022.csv,sh,601022,2022-12-08,2025-09-30,684,65893,True,utf-8,782e5c2d02cd3b09cca551c1fcf3942b20afd946aab8f589a76ebb43e0508774
/Users/mic/Downloads/20250930/sz003033.csv,sz003033.csv,sz,003033,2021-01-11,2025-09-30,1147,111742,True,utf-8,282251124fe843caadf9b79364ea3c53d1524cb9800c2a9d220c1096edf22530
/Users/mic/Downloads/20250930/sz300582.csv,sz300582.csv,sz,300582,2016-12-28,2025-09-30,2087,205510,True,utf-8,236494d65dc9bc6d9890aa26c5ca6c8d19ebab84bf584c275f30a2d709544d64
/Users/mic/Downloads/20250930/sh688148.csv,sh688148.csv,sh,688148,2021-08-06,2025-09-30,1008,97340,True,utf-8,cbd81d3e3e9c681fa023d3260af2f1b469ea0068e01d20329ec0341af77a6080
/Users/mic/Downloads/20250930/sh601778.csv,sh601778.csv,sh,601778,2020-05-19,2025-09-30,1307,129153,True,utf-8,cf0c0dfd712827f8ef786d093f034943baea0964879d84781556eb4a9b9f0a66
/Users/mic/Downloads/20250930/sz300596.csv,sz300596.csv,sz,300596,2017-01-19,2025-09-30,2104,207055,True,utf-8,657447366134e9dc73114de784aafc36206cedd8683d817985d5ac91e5dfa68f
/Users/mic/Downloads/20250930/sz002339.csv,sz002339.csv,sz,002339,2010-01-22,2025-09-30,3752,357508,True,utf-8,21724ca2559a216efa5805464deccfae59263449d21d3c7590d8a597114bee31
/Users/mic/Downloads/20250930/sh600300.csv,sh600300.csv,sh,600300,2000-06-30,2025-09-30,6031,562357,True,utf-8,4c865f7b1b06e5c3dbfa1e9597f758fc1da3cfca7f7346f34cb125fb72df833a
/Users/mic/Downloads/20250930/sz003027.csv,sz003027.csv,sz,003027,2020-12-18,2025-09-30,1162,114413,True,utf-8,dca7894e6c61efbc270e44fa9816f0528d4e6e3e9543da3ffe955fc7d5bd887b
/Users/mic/Downloads/20250930/sh603609.csv,sh603609.csv,sh,603609,2014-08-08,2025-09-30,2700,263052,True,utf-8,4187fc0d253dd56fcce763767dc81896a7865b7c7f9d75ca308b2b7ae6e80176
/Users/mic/Downloads/20250930/sz301105.csv,sz301105.csv,sz,301105,2022-12-30,2025-09-30,668,62635,True,utf-8,7ad392faf1395168a9dedc619ce74101b29d21a3d904a9aeb8761d3bf3c45142
/Users/mic/Downloads/20250930/bj834058.csv,bj834058.csv,bj,834058,2023-08-10,2025-09-30,521,50064,True,utf-8,28153fd595248340d4799dc4593c6e77aeb4eb305023118809d0d4a9ea45498b
/Users/mic/Downloads/20250930/sh603190.csv,sh603190.csv,sh,603190,2023-02-17,2025-09-30,639,61015,True,utf-8,875f15a0ea75251b50ad60eff27c3cdab569c8b73aa77d298332f67db51db4d6
/Users/mic/Downloads/20250930/sz300569.csv,sz300569.csv,sz,300569,2016-11-25,2025-09-30,2147,204571,True,utf-8,311075820f60181e5707377c0230160b0a7fefa380cef81b29433ab36e984c0c
/Users/mic/Downloads/20250930/sh600499.csv,sh600499.csv,sh,600499,2002-10-10,2025-09-30,5307,511304,True,utf-8,e12da5c228e1f7ff3096e01e8777100bd455619fdc26e095de9d8eae138d58e2
/Users/mic/Downloads/20250930/sz301111.csv,sz301111.csv,sz,301111,2021-12-07,2025-09-30,928,88681,True,utf-8,dab54328973cd72c4d09879bbd04808910b8ca47600169f7532c5604a4d13979
/Users/mic/Downloads/20250930/sh605287.csv,sh605287.csv,sh,605287,2021-07-06,2025-09-30,1031,97362,True,utf-8,5b009ba7b3850680d9500c2e31052b9a16eeabd051bfaf8ed708ad556f3e65c4
/Users/mic/Downloads/20250930/sz301139.csv,sz301139.csv,sz,301139,2022-07-08,2025-09-30,787,76511,True,utf-8,698ccc8ae748baf4c63b4fe129d77a0e2a9ff36bb27aad51db0e81ce7d8c64af
/Users/mic/Downloads/20250930/sz300227.csv,sz300227.csv,sz,300227,2011-06-08,2025-09-30,3388,322250,True,utf-8,c800d918877631496a3bc281f913ae38a125959f3aa785abb8756198a7b8e1c9
/Users/mic/Downloads/20250930/bj920005.csv,bj920005.csv,bj,920005,2025-07-31,2025-09-30,44,4279,True,utf-8,0136e5bd5b274f0532b41e276818e8de2584c295321f837d4a1789ba26bedbd7
/Users/mic/Downloads/20250930/sh603806.csv,sh603806.csv,sh,603806,2014-09-05,2025-09-30,2673,260017,True,utf-8,a5aa0bf78ca28bee50d8171fc1bf222e348da695117489517d1d242d8204d65c
/Users/mic/Downloads/20250930/sz300541.csv,sz300541.csv,sz,300541,2016-09-13,2025-09-30,2198,213363,True,utf-8,1703fe3eba8ff3dd404c0db06ee612d632c76fe0ff35ecb235d31d93cefe735a
/Users/mic/Downloads/20250930/sz002488.csv,sz002488.csv,sz,002488,2010-10-21,2025-09-30,3603,345235,True,utf-8,97e90c0b74e380acd8aadffe3057519f877624f5870714ca8804ed0765f93eb4
/Users/mic/Downloads/20250930/sz300555.csv,sz300555.csv,sz,300555,2016-10-18,2025-09-30,2179,208272,True,utf-8,88c66e28a517f7fb20e04431edd7d6794a3ce85608353b69805c2f8dde8c0200
/Users/mic/Downloads/20250930/sh601963.csv,sh601963.csv,sh,601963,2021-02-05,2025-09-30,1128,108758,True,utf-8,068169537abd416a99a4f13105e4985da58157288c1ac096b04d5391f5cb5639
/Users/mic/Downloads/20250930/sz300233.csv,sz300233.csv,sz,300233,2011-06-22,2025-09-30,3367,331385,True,utf-8,51080eecf4083380c2d29bfb6692e903bab2e0923e13ea9133be488d309bb2d6
/Users/mic/Downloads/20250930/sh600894.csv,sh600894.csv,sh,600894,1996-03-28,2025-09-30,7029,679509,True,utf-8,93c873ca12575e2234de0dd2fc3643071714b785f2c7586fba92a8fde7e6aa6d
/Users/mic/Downloads/20250930/sz002675.csv,sz002675.csv,sz,002675,2012-05-25,2025-09-30,2865,281167,True,utf-8,e7f75f26e52b51d66e84e93bc415ea4de1c375afdfc4e42c113091b4618a4202
/Users/mic/Downloads/20250930/sz300964.csv,sz300964.csv,sz,300964,2021-08-05,2025-09-30,1009,97743,True,utf-8,a526a95aa7e0badc213c6cfd6cef01ea1592d509a9bdea1efbae1d7343de1d3c
/Users/mic/Downloads/20250930/sz000062.csv,sz000062.csv,sz,000062,1997-01-30,2025-09-30,6770,661945,True,utf-8,23b757f63860b9ccdcd1c907177a1a2f53ec116331b724aa0df3c96e3964ce8c
/Users/mic/Downloads/20250930/sh603345.csv,sh603345.csv,sh,603345,2017-02-22,2025-09-30,2056,207580,True,utf-8,ef00b85f2df1ba943f138ffe9dde1d66adb31e574a371a4fe8c3fed353593111
/Users/mic/Downloads/20250930/sh688376.csv,sh688376.csv,sh,688376,2022-11-18,2025-09-30,698,67541,True,utf-8,02dcfe6b12f172821cf0985864637de4d89e7915adef3c32f21d53fb47816bda
/Users/mic/Downloads/20250930/sh688410.csv,sh688410.csv,sh,688410,2022-12-26,2025-09-30,672,66542,True,utf-8,5127a4118fcaea95ac0944472341ef77ecd9b825012fe2a37fcb8d6ab3caa113
/Users/mic/Downloads/20250930/sz002107.csv,sz002107.csv,sz,002107,2007-01-24,2025-09-30,4505,427660,True,utf-8,4df6a8301b49937b4b773278ed69b41af4e0d5e401ea208ae002a915e25cf0a4
/Users/mic/Downloads/20250930/bj430476.csv,bj430476.csv,bj,430476,2022-10-14,2025-09-30,723,71103,True,utf-8,d3d4d5c549fd3a5229428dc6d3829f6074395b6679944fe0d4252d352ec5e77f
/Users/mic/Downloads/20250930/bj833284.csv,bj833284.csv,bj,833284,2023-12-19,2025-09-30,434,41196,True,utf-8,3d0c877c50c7ec125d2b1fa0230e6f70990be7dfbad2e164aa0189a8c893fd6e
/Users/mic/Downloads/20250930/sz000710.csv,sz000710.csv,sz,000710,1997-04-22,2025-09-30,6500,616794,True,utf-8,5b270c97ec85e9105b14c2eb908d0517f16ef1bdd6d59b6b0b1e36bdef2a5906
/Users/mic/Downloads/20250930/sh603351.csv,sh603351.csv,sh,603351,2019-01-30,2025-09-30,1619,161752,True,utf-8,d94b93553eb0513323d5ac7264bc1aa54f02c36490a4c17bcfdd0e312813bd5f
/Users/mic/Downloads/20250930/sh688362.csv,sh688362.csv,sh,688362,2022-11-16,2025-09-30,700,68534,True,utf-8,9da38ec479f451499f491656dcb302e84cb0e2462f4e3dc8bf65d9290afaee93
/Users/mic/Downloads/20250930/sz001368.csv,sz001368.csv,sz,001368,2023-03-13,2025-09-30,623,59912,True,utf-8,8d8ef96332e8d0daba83377883b2f57aab757c730d0a4a7ef38d5ad1bacbb8e3
/Users/mic/Downloads/20250930/sh600880.csv,sh600880.csv,sh,600880,1995-11-15,2025-09-30,6928,660363,True,utf-8,c6bee8fe87797a75ec53cf3451a84b8610b2eee34f826bab9bd1306d984b3fe3
/Users/mic/Downloads/20250930/sz002661.csv,sz002661.csv,sz,002661,2012-03-16,2025-09-30,3223,312102,True,utf-8,3f67aa5f537b523f5aba7ed50a5f380e6532d6122965a192a7dd23ca8dd3737f
/Users/mic/Downloads/20250930/sh600658.csv,sh600658.csv,sh,600658,1993-05-24,2025-09-30,7764,731379,True,utf-8,eaef63a9637d18a53ccacb4292f2feb44c766e125b7edc2a556937bd30e66bef
/Users/mic/Downloads/20250930/sz300970.csv,sz300970.csv,sz,300970,2021-04-12,2025-09-30,1088,105485,True,utf-8,93b92ae3a69a87064df311eaf972bf16c765bfe1cd69a72ca81ac0eac0041398
/Users/mic/Downloads/20250930/sh603379.csv,sh603379.csv,sh,603379,2019-04-02,2025-09-30,1580,157898,True,utf-8,55b1cc28536937f152c3658e963341eb722253cf8f1d9d373dcd6475942cc2cc
/Users/mic/Downloads/20250930/sz002649.csv,sz002649.csv,sz,002649,2012-01-06,2025-09-30,3271,316064,True,utf-8,b195dd2d1f1b742444b1809dfe07dee3118f8e288280e3609eafe0682143f6e5
/Users/mic/Downloads/20250930/sz300780.csv,sz300780.csv,sz,300780,2019-05-31,2025-09-30,1541,150396,True,utf-8,9bef6e1c681ecdd4385e2f93627044bcf1cad877fd693e411a15bcd8a933e70d
/Users/mic/Downloads/20250930/sz002891.csv,sz002891.csv,sz,002891,2017-08-21,2025-09-30,1960,190651,True,utf-8,a20f2d3c4a554ab8eac8ff395a5eca7afe2dc3488c484b76d33a2bc85c339a5e
/Users/mic/Downloads/20250930/sz300958.csv,sz300958.csv,sz,300958,2021-03-29,2025-09-30,1097,107777,True,utf-8,6def5ffdb681f85af2d719d6ab6b67607587d61ae049c367a9f7d17c6b844567
/Users/mic/Downloads/20250930/sh600116.csv,sh600116.csv,sh,600116,1997-08-04,2025-09-30,6725,626675,True,utf-8,974f82fc9a5729cc90f8f9e8294a94c559b5b4d15d36edd3a72c71b9ac547d4b
/Users/mic/Downloads/20250930/sh601208.csv,sh601208.csv,sh,601208,2011-05-20,2025-09-30,3485,333041,True,utf-8,482fe5ef7016e556e83a6054b220f58df4d8730fc573b0c3255b8ad0ec82a86a
/Users/mic/Downloads/20250930/sz000738.csv,sz000738.csv,sz,000738,1997-06-26,2025-09-30,6715,652459,True,utf-8,d49b2b4b2583cf3a1c3a96080745de20aecff535cf5b19849397fc39058a6880
/Users/mic/Downloads/20250930/sz002885.csv,sz002885.csv,sz,002885,2017-06-27,2025-09-30,2008,196535,True,utf-8,dbc7cdc410e14bba1399f78d7e5e5acec09558cec1c0fecc757c64a7ea36c36b
/Users/mic/Downloads/20250930/sh600664.csv,sh600664.csv,sh,600664,1993-06-29,2025-09-30,7562,720632,True,utf-8,b9fc496fcd25eaaba39d5ea6fff038970ffcbae101e2580eb3852fbfeb54f793
/Users/mic/Downloads/20250930/sh603386.csv,sh603386.csv,sh,603386,2017-09-12,2025-09-30,1868,182129,True,utf-8,23f87647b470f88bd53167b06020aadcf6e42b9c0632200a4ad4031716a17ae2
/Users/mic/Downloads/20250930/sh600857.csv,sh600857.csv,sh,600857,1994-04-25,2025-09-30,7520,711705,True,utf-8,6919748a2dc7b0ee3f3acb35b26de1827a8ab0b9f73f251347d51cd9a75bfb3e
/Users/mic/Downloads/20250930/sz300019.csv,sz300019.csv,sz,300019,2009-10-30,2025-09-30,3789,368228,True,utf-8,312cf64add1223bf9e2deb708110aa54ff28585be7a2d49f52ca49c52dc898bf
/Users/mic/Downloads/20250930/sz301307.csv,sz301307.csv,sz,301307,2023-04-24,2025-09-30,594,59021,True,utf-8,741bf944a8f3913aa93ecae22d9b825c0dba27082ae2f184d7362c19f735e5ce
/Users/mic/Downloads/20250930/sz301313.csv,sz301313.csv,sz,301313,2022-09-30,2025-09-30,728,70692,True,utf-8,5b0ed892c12f5447e73dc3b6db2322cf96aeeffb55be74442e3cdb10e5bcc92a
/Users/mic/Downloads/20250930/sh600843.csv,sh600843.csv,sh,600843,1994-03-11,2025-09-30,7459,697898,True,utf-8,b0ec2b1be0dc46062e75b4e0fb7a730221dbf2939fc28994438abc5f84dd7897
/Users/mic/Downloads/20250930/sh603392.csv,sh603392.csv,sh,603392,2020-04-29,2025-09-30,1318,132721,True,utf-8,f627b0bd3b80dce430f2cedc80c7e3e182889cbd243de15cd3e2c1c3c3309462
/Users/mic/Downloads/20250930/sz002852.csv,sz002852.csv,sz,002852,2017-03-10,2025-09-30,2083,203723,True,utf-8,0f5c853cdf353c1b72dbdeb7689a72b47bde7ac898e0a79cf43ccd15a490573b
/Users/mic/Downloads/20250930/sz300743.csv,sz300743.csv,sz,300743,2018-04-27,2025-09-30,1806,175770,True,utf-8,8c574682d907226a75b1cf50a1908bb565fc73f0a89f6eb0ea7b42b99e888dfb
/Users/mic/Downloads/20250930/sh688389.csv,sh688389.csv,sh,688389,2019-11-05,2025-09-30,1436,142494,True,utf-8,d25df22cb660708bd6bd4408b891bcff21c421a1a3116967da1c8d2d97580634
/Users/mic/Downloads/20250930/bj833509.csv,bj833509.csv,bj,833509,2015-12-15,2025-09-30,1192,110503,True,utf-8,39844adbd52b041d855cef046a1bc0baee488361a4bf518ca044a22d48983534
/Users/mic/Downloads/20250930/bj832171.csv,bj832171.csv,bj,832171,2021-11-15,2025-09-30,941,88496,True,utf-8,ae155b3658ea4a920a4e283ce8638735b0531b4fa43bc451ebcfee0aa01f839d
/Users/mic/Downloads/20250930/sz000923.csv,sz000923.csv,sz,000923,1999-07-14,2025-09-30,6147,585724,True,utf-8,ad4b4e072939c11068fcae8a2d3933da1dc0dd6f439ced6dc845e4fc51727fcf
/Users/mic/Downloads/20250930/sz300025.csv,sz300025.csv,sz,300025,2009-10-30,2025-09-30,3454,326493,True,utf-8,d555ba7bccaccb2a8bb297654b8acc842e434ba3015804e41e5fc757619c3951
/Users/mic/Downloads/20250930/sz300031.csv,sz300031.csv,sz,300031,2009-12-25,2025-09-30,3693,358486,True,utf-8,1619785190ec0584302df006cf21acd887024d269f45bb25239366eebf875def
/Users/mic/Downloads/20250930/bj872541.csv,bj872541.csv,bj,872541,2023-03-10,2025-09-30,624,58706,True,utf-8,fd528d72bf74c8871b48a1ebd20a32c6c9b33138a25f40b880abf0a8ceae27d7
/Users/mic/Downloads/20250930/sz000937.csv,sz000937.csv,sz,000937,1999-09-09,2025-09-30,6228,584225,True,utf-8,50dd0168bb8086b8e24892be7ed77cf2369d1699686f4c5d01d1982aa5f20e71
/Users/mic/Downloads/20250930/sz000089.csv,sz000089.csv,sz,000089,1998-04-20,2025-09-30,6590,629833,True,utf-8,870d0c2642670d1b7a102b12360b477c6af33592d4dbc63e0b318ef8e220de94
/Users/mic/Downloads/20250930/sz002846.csv,sz002846.csv,sz,002846,2017-02-07,2025-09-30,2106,203827,True,utf-8,893dad64fddabf3e71fc676185cf8ebd958ca4f436090d997ee7da68c8b78da9
/Users/mic/Downloads/20250930/sz300757.csv,sz300757.csv,sz,300757,2019-01-08,2025-09-30,1615,157849,True,utf-8,03db49ba7330c1bdc683cbda35ec16905fcb4eb2b3f60722ff1fb4eee1188631
/Users/mic/Downloads/20250930/sz300810.csv,sz300810.csv,sz,300810,2019-12-06,2025-09-30,1413,138359,True,utf-8,7723863e5e9973d1f68d5412e506985ed8693fa79a6ff619835bce13842aa17b
/Users/mic/Downloads/20250930/sh600738.csv,sh600738.csv,sh,600738,1996-08-02,2025-09-30,6851,655401,True,utf-8,6c66ebba065da86989566479b4f24825eb0b9256828b740c0dffca583b002b45
/Users/mic/Downloads/20250930/sz002701.csv,sz002701.csv,sz,002701,2012-10-11,2025-09-30,3077,298647,True,utf-8,487f167018f25acd3c709d70da1a861cb9dad8d6b489fffc891a08157d7f4896
/Users/mic/Downloads/20250930/sz001208.csv,sz001208.csv,sz,001208,2021-06-24,2025-09-30,1039,103178,True,utf-8,7ccb521d98e8dea1c579f2777df35a910863c6b051eff8798cd5c56465b4bd69
/Users/mic/Downloads/20250930/sh688202.csv,sh688202.csv,sh,688202,2019-11-05,2025-09-30,1436,142345,True,utf-8,de8bad7cf763c55b1a1fb23b8456dc1a7aba396bb53513c13d05b3d378443db9
/Users/mic/Downloads/20250930/sh603231.csv,sh603231.csv,sh,603231,2023-12-15,2025-09-30,436,43431,True,utf-8,89e11ad821e036d0a4f9313479405aa40149138a2e06849f614f9490ed21a97e
/Users/mic/Downloads/20250930/sz000670.csv,sz000670.csv,sz,000670,1996-12-17,2025-09-30,4641,438382,True,utf-8,ced6e0dd0cf70cef02d4ae47affef651cf5ff4126dff13a8932c9cfce66788ac
/Users/mic/Downloads/20250930/sh603557.csv,sh603557.csv,sh,603557,2017-08-18,2025-09-30,1962,187661,True,utf-8,8e56fb67392146f733c86b4b1755d7cedda269b8301475b5d4b94f9158b5839b
/Users/mic/Downloads/20250930/sz002067.csv,sz002067.csv,sz,002067,2006-09-15,2025-09-30,4593,437854,True,utf-8,1bcadba0b341cafcf21931fc8f68d7cec9e04078d31e70b0c51203ad3b73c6c9
/Users/mic/Downloads/20250930/sz002073.csv,sz002073.csv,sz,002073,2006-10-18,2025-09-30,4548,439066,True,utf-8,c1fe9fab2047e16cc23cacf11b43ad34094a73e6ad84b2808d32b0ca6e3aa16d
/Users/mic/Downloads/20250930/sh688570.csv,sh688570.csv,sh,688570,2023-06-05,2025-09-30,567,55293,True,utf-8,56dae126758ca3576353c1c6c0f76bdd5d0475224af18695d39904a8ea86ed86
/Users/mic/Downloads/20250930/sh688216.csv,sh688216.csv,sh,688216,2021-06-23,2025-09-30,1040,100722,True,utf-8,9901fa18b234c354f50f7c42f0a47eb153bea12280bfc5ee27a2d7c5f208211a
/Users/mic/Downloads/20250930/sh603225.csv,sh603225.csv,sh,603225,2017-04-18,2025-09-30,2058,206597,True,utf-8,4e47de878223baa1c6681277a8b8d8e88e50583b18516abf207146a4add83e7a
/Users/mic/Downloads/20250930/sz300804.csv,sz300804.csv,sz,300804,2023-06-27,2025-09-30,553,52859,True,utf-8,04576614532b044d1540485926b997b3f8ba21c056f12fa536af0b84628ba902
/Users/mic/Downloads/20250930/sz002715.csv,sz002715.csv,sz,002715,2014-02-19,2025-09-30,2807,273630,True,utf-8,7577d71e87711978897fc0f28c115fb947e04d2e1aae78ac49bf5fbed5e57527
/Users/mic/Downloads/20250930/sz001234.csv,sz001234.csv,sz,001234,2022-01-11,2025-09-30,904,87668,True,utf-8,cd72f2b5e5221163fe7d278e7e09d71be28d66b0b1c239559a5495245a1c5ad1
/Users/mic/Downloads/20250930/bj832978.csv,bj832978.csv,bj,832978,2023-09-28,2025-09-30,486,46885,True,utf-8,c49ac2c6da36c714a0689e61df1f682a10977c43c5e622780d40dfe7b0f80086
/Users/mic/Downloads/20250930/sh600704.csv,sh600704.csv,sh,600704,1996-06-06,2025-09-30,6852,652788,True,utf-8,c7f87b0ace6fe10eacbbe91653a079e04bb0fef97f45894f95c9e8e6f20016fe
/Users/mic/Downloads/20250930/sz300192.csv,sz300192.csv,sz,300192,2011-03-22,2025-09-30,3224,308482,True,utf-8,023308b714bdc6bd0857cd331357cf050ac02d984e21451d9f9cf2aa627a4da6
/Users/mic/Downloads/20250930/sh600062.csv,sh600062.csv,sh,600062,1997-05-22,2025-09-30,6762,661228,True,utf-8,6b853f0652e74b10e773d63cee38eb79b5775fd4a9156718bf9c73e082be5d42
/Users/mic/Downloads/20250930/bj830809.csv,bj830809.csv,bj,830809,2023-03-23,2025-09-30,615,58251,True,utf-8,53a8f58edb1db35f0ed5efea1675a7b1fd27e0d26af3482a5211f536eb730f57
/Users/mic/Downloads/20250930/sh688558.csv,sh688558.csv,sh,688558,2020-06-30,2025-09-30,1279,124365,True,utf-8,299d7db00f84b62fc42df9858805a41d113122fc6c624e850865796603976266
/Users/mic/Downloads/20250930/sz000880.csv,sz000880.csv,sz,000880,1998-04-02,2025-09-30,6378,600625,True,utf-8,4ac592dbeca67a53c22ce8503eb505e0750423959074e00d9d4c151c9b517174
/Users/mic/Downloads/20250930/sh601368.csv,sh601368.csv,sh,601368,2015-06-12,2025-09-30,2501,241284,True,utf-8,c959d40c3d33a74b34c6e79feb90928a19edbb58c38e1a338b84674ca29c8ae5
/Users/mic/Downloads/20250930/sz301298.csv,sz301298.csv,sz,301298,2022-06-06,2025-09-30,811,79101,True,utf-8,d237e71f3a860caf8a301c93792245ca8fc5551c0d797b7198cb85a8fdbacbd1
/Users/mic/Downloads/20250930/sh600076.csv,sh600076.csv,sh,600076,1997-05-26,2025-09-30,6592,620564,True,utf-8,f23e8a74234d582b847b67cc85d1ad6207c22a6e57cd0d7268fc93ffe6c02614
/Users/mic/Downloads/20250930/sz300838.csv,sz300838.csv,sz,300838,2020-06-08,2025-09-30,1293,125617,True,utf-8,13bfa3236f13e29c454bbef832c962eb90ca041fb663a50ade43f09171dd1c6c
/Users/mic/Downloads/20250930/sh600710.csv,sh600710.csv,sh,600710,1996-07-01,2025-09-30,6580,617312,True,utf-8,e1d5356d283a842bae9af045c491c7aea05d719e4c89f18f32e0d347d5edae0f
/Users/mic/Downloads/20250930/sz002729.csv,sz002729.csv,sz,002729,2014-09-12,2025-09-30,2581,249786,True,utf-8,6a36a1027e398c458b118756d74930aab97f43873933f951604099ea2f80123b
/Users/mic/Downloads/20250930/sh603219.csv,sh603219.csv,sh,603219,2021-11-22,2025-09-30,939,92170,True,utf-8,9715f01e052b95e412a4fd1e7838530a2553753c82e943efc7d48e9e83b9fc09
/Users/mic/Downloads/20250930/sz301515.csv,sz301515.csv,sz,301515,2023-07-25,2025-09-30,533,50651,True,utf-8,f2e2dcfccbbea6f421e302b3d6335ef9823c4468a611455608534b5c9718eb38
/Users/mic/Downloads/20250930/sz301273.csv,sz301273.csv,sz,301273,2022-10-25,2025-09-30,716,69012,True,utf-8,07a2a7e25252d7b2cb6fe0e4201444ef76266833bd1df7f676d4a7acf47b715b
/Users/mic/Downloads/20250930/bj873703.csv,bj873703.csv,bj,873703,2023-12-05,2025-09-30,444,42908,True,utf-8,16f1a0cf54e701f3aca8d8eaaf071c6d038a138e88d874a90cc2eabef1244503
/Users/mic/Downloads/20250930/sh603580.csv,sh603580.csv,sh,603580,2017-05-25,2025-09-30,2032,197368,True,utf-8,e6640ebae8bc964953bb794ca695e33c03fccfb0730caf1e1682d3786c68c2d6
/Users/mic/Downloads/20250930/sh600089.csv,sh600089.csv,sh,600089,1997-06-18,2025-09-30,6673,650037,True,utf-8,cd16defd223592e0ccada8fcf0e6d393c0eedbd0a94ba2af2f52fd9ea9b6e476
/Users/mic/Downloads/20250930/sz301267.csv,sz301267.csv,sz,301267,2022-11-07,2025-09-30,707,69961,True,utf-8,7b70bd8ce450f0bab8238843c48e77b6c2c26d8e807ccf9d8bcdbe9fa4054969
/Users/mic/Downloads/20250930/sz300179.csv,sz300179.csv,sz,300179,2011-02-15,2025-09-30,3396,322122,True,utf-8,e5669cd3168d9e0001ff154a5188b87938a988666445b0ad1db6c05266dc646b
/Users/mic/Downloads/20250930/sz301501.csv,sz301501.csv,sz,301501,2025-03-19,2025-09-30,135,13166,True,utf-8,c3ace0e8f69a00534f22a4257f36de7d4e942055abf97319d5cf89a8e5aaa27a
/Users/mic/Downloads/20250930/bj833455.csv,bj833455.csv,bj,833455,2023-06-21,2025-09-30,555,52145,True,utf-8,6e7e800d7de66e68cfe4d0d4e0d11cebe09298b504691c914eb6a82111225372
/Users/mic/Downloads/20250930/sz300637.csv,sz300637.csv,sz,300637,2017-04-12,2025-09-30,2062,198271,True,utf-8,fabe2fcf0e7263bbee4d830440d1977f925af5eea9e52554303114a278e52a86
/Users/mic/Downloads/20250930/sz301529.csv,sz301529.csv,sz,301529,2023-09-11,2025-09-30,499,49115,True,utf-8,64d694d64a2e7ff5eef09fdf9066e93d4ec309753c0fa6a7b981a23e9772f156
/Users/mic/Downloads/20250930/sz002926.csv,sz002926.csv,sz,002926,2018-02-05,2025-09-30,1858,181302,True,utf-8,05ffe0ab90ccf765654438794b29d6769e9460c31088f760f9882e68d62e6f24
/Users/mic/Downloads/20250930/bj836263.csv,bj836263.csv,bj,836263,2016-07-01,2025-09-30,1655,154420,True,utf-8,fb072ad75047f5dfa413f9e58fc2d1caf325fefae85720cd3e5c78e8fb1da988
/Users/mic/Downloads/20250930/sz002098.csv,sz002098.csv,sz,002098,2006-12-22,2025-09-30,4217,398503,True,utf-8,f895413ed4594652eb6ac15af500409b1ecf12f2e6cda51d9d2f6813fb695c09
/Users/mic/Downloads/20250930/sz300151.csv,sz300151.csv,sz,300151,2010-12-22,2025-09-30,3495,336611,True,utf-8,bdc48f7548fb2a483fbe8c207ddb86af805afde20c10094d6efd35c931eaea3e
/Users/mic/Downloads/20250930/sz300145.csv,sz300145.csv,sz,300145,2010-12-09,2025-09-30,3447,329939,True,utf-8,2f69f36e69f70319c5f12f9d1a1406c38f34da95e34c870108e52e28b8bab3ca
/Users/mic/Downloads/20250930/sz300623.csv,sz300623.csv,sz,300623,2017-03-14,2025-09-30,2081,204292,True,utf-8,22ad360e4ed1ec81182d1d63b2cd207eb3aa091c9f633bba9eca30dc8e6fb2d2
/Users/mic/Downloads/20250930/sz002932.csv,sz002932.csv,sz,002932,2018-07-10,2025-09-30,1757,172500,True,utf-8,7dd2b55bf6ca1c6604117195e4406bdbabfd2c2aa35571093728cc8d7a9fd97c
/Users/mic/Downloads/20250930/sz002265.csv,sz002265.csv,sz,002265,2008-08-06,2025-09-30,4045,389232,True,utf-8,575650720c2ec16087c4b0fdd2075fa3b36433c84b373cec33592a14fda22c98
/Users/mic/Downloads/20250930/sh688766.csv,sh688766.csv,sh,688766,2021-08-23,2025-09-30,997,99454,True,utf-8,c2d8f907d69772c7b702fca2601536a2c6bc2ced9e17620ca9d62991ad0cce1d
/Users/mic/Downloads/20250930/sh603755.csv,sh603755.csv,sh,603755,2019-08-28,2025-09-30,1479,143097,True,utf-8,2850074f5a21d01220a5bd220b44f2b672f4dfce0f77019d9966a2ade7b84f25
/Users/mic/Downloads/20250930/sh603033.csv,sh603033.csv,sh,603033,2016-12-07,2025-09-30,2070,202912,True,utf-8,716315c9337596f1f610a359f0b6599974577cc0f5c348ffb636cabad8afb6a4
/Users/mic/Downloads/20250930/sz002517.csv,sz002517.csv,sz,002517,2010-12-07,2025-09-30,3325,323588,True,utf-8,a8fe6dc1c976293a417297c1268e7caa5b77164a9365b778bb17a5df6194625f
/Users/mic/Downloads/20250930/sh603027.csv,sh603027.csv,sh,603027,2016-03-07,2025-09-30,2329,225733,True,utf-8,8d2d58f21e32f30bd8235ff996c66edc40bab5edfb6e12c678153f8e08aadfe6
/Users/mic/Downloads/20250930/sh603999.csv,sh603999.csv,sh,603999,2015-12-10,2025-09-30,2383,224679,True,utf-8,d08e86f37183aab92eb853a26181d46da2a821875af1a9c51e70e8316f87c8bc
/Users/mic/Downloads/20250930/sh688772.csv,sh688772.csv,sh,688772,2021-10-15,2025-09-30,965,96976,True,utf-8,9d3051ac810b453e15ed9683e81f772b87420748d5e635156292c82f026e18da
/Users/mic/Downloads/20250930/sh600248.csv,sh600248.csv,sh,600248,2000-06-22,2025-09-30,5452,513523,True,utf-8,de645d341f267fa869826077b9673ae3f5b16e07349a659cb01fc476e112a5ef
/Users/mic/Downloads/20250930/sh601156.csv,sh601156.csv,sh,601156,2021-06-09,2025-09-30,1049,109250,True,utf-8,2f0880226cefdcf244382a48869ae0380183b6650d0ee1d784191a35831ae613
/Users/mic/Downloads/20250930/sz002271.csv,sz002271.csv,sz,002271,2008-09-10,2025-09-30,4118,405894,True,utf-8,234c8fa319760ee21e95f4e88bd9839173d8f85e4e66fe2dffcef94595fe6ff1
/Users/mic/Downloads/20250930/sh605318.csv,sh605318.csv,sh,605318,2020-08-03,2025-09-30,1254,121836,True,utf-8,9831534fd7133cfcd32c74df8c9609ce3a1fa20d359f3adbfdd8f85a0370e2e6
/Users/mic/Downloads/20250930/sz300390.csv,sz300390.csv,sz,300390,2014-07-31,2025-09-30,2648,261659,True,utf-8,973dffc9ad54ec79e3da547cca78560e35754cfd1294945df3fb6c70344fea4d
/Users/mic/Downloads/20250930/sz002259.csv,sz002259.csv,sz,002259,2008-07-16,2025-09-30,3930,373965,True,utf-8,4eb9bf21397633b7ce95531141975364497ee528d5915761881b5c0d81331fb9
/Users/mic/Downloads/20250930/sh601618.csv,sh601618.csv,sh,601618,2009-09-21,2025-09-30,3815,376316,True,utf-8,4f114e63d8e5b5724afed89b9b53f6be7e42b7a94b80cbe0f86ad69e98583972
/Users/mic/Downloads/20250930/sh600506.csv,sh600506.csv,sh,600506,2001-12-26,2025-09-30,5462,512001,True,utf-8,f15ad1af50ed2fdcb961eb885cb7bb0fb88502fa35fdf15ea5fe313256b95750
/Users/mic/Downloads/20250930/sh688028.csv,sh688028.csv,sh,688028,2019-07-22,2025-09-30,1497,145353,True,utf-8,eaf0d67f3f214f87434ee9517ae95fd1787e412d3a607d3f16406fe8cd02a5af
/Users/mic/Downloads/20250930/sh600512.csv,sh600512.csv,sh,600512,2002-12-26,2025-09-30,5404,512694,True,utf-8,6311fc92776ad045b6ba14b551c31622aa35ba525aead850f33a3ab9f5f6530e
/Users/mic/Downloads/20250930/sz300384.csv,sz300384.csv,sz,300384,2014-08-01,2025-09-30,2602,257451,True,utf-8,ac51d6c20c5b999942c313e349a9ac5466c94f265412c28074f12b2aa8d499a3
/Users/mic/Downloads/20250930/sz301071.csv,sz301071.csv,sz,301071,2021-09-24,2025-09-30,975,98724,True,utf-8,fde0f6328f73788cce0a0e1508d5b735f5c281e0f50e07b05fedfa93e89dbe74
/Users/mic/Downloads/20250930/sz300409.csv,sz300409.csv,sz,300409,2014-12-03,2025-09-30,2545,251525,True,utf-8,d86f7125b0738b3d374b83d5b591f0340db351afc86c31d7910dfd500820ec33
/Users/mic/Downloads/20250930/bj831726.csv,bj831726.csv,bj,831726,2016-09-30,2025-09-30,1144,108140,True,utf-8,7c59387fc5edf11c5f0decf12a04ac94511b97353be30c5052cf56f96efed572
/Users/mic/Downloads/20250930/sz301065.csv,sz301065.csv,sz,301065,2021-09-14,2025-09-30,981,95200,True,utf-8,00b3d4b6a9f37a2dcf62493998965bf4b109f4bbc3dce4e43dadd41d504da9e7
/Users/mic/Downloads/20250930/sz300353.csv,sz300353.csv,sz,300353,2012-09-27,2025-09-30,2828,278235,True,utf-8,d887dbbeef065f2307acead6064b870e69ca89be2d6333161a2312fb93af714b
/Users/mic/Downloads/20250930/sh688799.csv,sh688799.csv,sh,688799,2021-07-13,2025-09-30,1026,99405,True,utf-8,eaf20b7f297cb24d748959b9b817d5b9857b730c712f7112acd2093694f82ee7
/Users/mic/Downloads/20250930/sz300435.csv,sz300435.csv,sz,300435,2015-03-26,2025-09-30,2550,251392,True,utf-8,871ea451b49f1cb46a676321091201789c757114948ccf0eb19f43a656169f11
/Users/mic/Downloads/20250930/sz300421.csv,sz300421.csv,sz,300421,2015-02-17,2025-09-30,2542,244051,True,utf-8,42bee127bee4548aaaecbc50fd3133548b8cef911c6983e5ca9470693a751d68
/Users/mic/Downloads/20250930/sh603966.csv,sh603966.csv,sh,603966,2017-01-25,2025-09-30,2110,198969,True,utf-8,6d555d43ee90b93480c0eca607ff1db3107148f2db65898769e290b9a18304d6
/Users/mic/Downloads/20250930/sz300347.csv,sz300347.csv,sz,300347,2012-08-17,2025-09-30,3051,303991,True,utf-8,c6d92b0f6093dbf89c68bc0d1b4c26e0ab386f8a26f57fd31654ad47d4e03b02
/Users/mic/Downloads/20250930/sz301059.csv,sz301059.csv,sz,301059,2021-09-13,2025-09-30,982,94703,True,utf-8,6830ab114caf724922c31ed26c65fc638672ff806505419565edc89e8a8d3791
/Users/mic/Downloads/20250930/sz300420.csv,sz300420.csv,sz,300420,2015-02-17,2025-09-30,2427,230049,True,utf-8,79af31af7a5250f66f2246169acbc0e5710e89d99fb9dad73f39dfae8246eeaf
/Users/mic/Downloads/20250930/sh601816.csv,sh601816.csv,sh,601816,2020-01-16,2025-09-30,1385,140572,True,utf-8,aa004a40d3289a4886ececd67fce3f2f7deaa0614d504a2626fbd1191bada5ee
/Users/mic/Downloads/20250930/sz301058.csv,sz301058.csv,sz,301058,2021-09-09,2025-09-30,984,96539,True,utf-8,6a470d20b82da715d3f797e4f51004192953535bd12f30c0819f6f9d0d23ad9d
/Users/mic/Downloads/20250930/sz300346.csv,sz300346.csv,sz,300346,2012-08-07,2025-09-30,3133,307392,True,utf-8,8670b93e630cc831d594b87cc62b731b8fe6785302f54c005a190f2d59a1c04f
/Users/mic/Downloads/20250930/sh603967.csv,sh603967.csv,sh,603967,2019-04-29,2025-09-30,1562,147900,True,utf-8,e9b98ded629974909afe3c166388704c2a760b608d6159c8c32dc8e2a6a88b9a
/Users/mic/Downloads/20250930/sz000498.csv,sz000498.csv,sz,000498,1997-06-09,2025-09-30,5537,525932,True,utf-8,90687afe96642b82fd5c4edd85ac3aac46183463ba731ec0eedb8036456a414a
/Users/mic/Downloads/20250930/sh688798.csv,sh688798.csv,sh,688798,2021-08-16,2025-09-30,1002,98918,True,utf-8,2d64c142f1c469f5ee1f473a38cead95a58760f4285fdc6374a60e91e693cb04
/Users/mic/Downloads/20250930/sz300352.csv,sz300352.csv,sz,300352,2012-09-12,2025-09-30,3055,295196,True,utf-8,f2f658dd3b4709ca03c8028897e20f4e88af888adb883e3bb4498414e3d8fc6c
/Users/mic/Downloads/20250930/sz300434.csv,sz300434.csv,sz,300434,2015-04-24,2025-09-30,2418,232172,True,utf-8,b91d4627502f72c0534ed95e391e725300967342f68a7672edd17787e63227dd
/Users/mic/Downloads/20250930/sz301070.csv,sz301070.csv,sz,301070,2021-09-23,2025-09-30,976,94867,True,utf-8,47282d8921f87e2c7bda94c7119d5c96e05d677c0fa1b47bf178459b8a1e952f
/Users/mic/Downloads/20250930/sh603797.csv,sh603797.csv,sh,603797,2017-04-13,2025-09-30,2061,194413,True,utf-8,c454f0a8f8313d9d5c906770ee6d623012c108332ae44e280c061667fdaab9fb
/Users/mic/Downloads/20250930/sz300408.csv,sz300408.csv,sz,300408,2014-12-03,2025-09-30,2625,266485,True,utf-8,6fdd3d5ad888cf2f61f2915717d84096438e0cfb912c900e58fde7d837b4134e
/Users/mic/Downloads/20250930/bj838924.csv,bj838924.csv,bj,838924,2017-04-10,2025-09-30,1073,101849,True,utf-8,41652aa7e7443053fbad5aa5fcfde0714abdffc8a4522156ae2ea9d6a9e87fd3
/Users/mic/Downloads/20250930/sh600513.csv,sh600513.csv,sh,600513,2003-03-19,2025-09-30,5396,501482,True,utf-8,88f2570be9bf5f4213d9b3ab8f200766c564512c37761dcab84a0fcd08919816
/Users/mic/Downloads/20250930/sh688029.csv,sh688029.csv,sh,688029,2019-07-22,2025-09-30,1504,150145,True,utf-8,68bc21c331671dd8fd6eaece55fdf79f0c45a3bb72c2cb8a2f00499ec8284265
/Users/mic/Downloads/20250930/bj920819.csv,bj920819.csv,bj,920819,2016-01-22,2025-09-30,1967,184097,True,utf-8,3165d77243e39a04c39cd61547cf8c6ab0869f38d9e48bec5974f88b8717b0a7
/Users/mic/Downloads/20250930/sz300385.csv,sz300385.csv,sz,300385,2014-06-26,2025-09-30,2726,256196,True,utf-8,1e4e320125c9a066d7f4165f2e18680b7bec81c271e687d6d29931c56accddb0
/Users/mic/Downloads/20250930/sz002258.csv,sz002258.csv,sz,002258,2008-07-08,2025-09-30,4151,398663,True,utf-8,393df4577b7db24315198c9b2e7ebade2d383683e9c11355e026d68239f59825
/Users/mic/Downloads/20250930/sz300391.csv,sz300391.csv,sz,300391,2014-08-01,2025-09-30,2613,251315,True,utf-8,19dca10c7e7c62e41accd3264ee729de0d2d7407ee9793d7d8493539acd78248
/Users/mic/Downloads/20250930/sh600261.csv,sh600261.csv,sh,600261,2000-07-20,2025-09-30,6064,562336,True,utf-8,cc43acd93d12bfe93df0fc3488aaf34ca68190d86f0f9fde2618e6fd361e2e22
/Users/mic/Downloads/20250930/sh603768.csv,sh603768.csv,sh,603768,2017-03-24,2025-09-30,2073,201723,True,utf-8,b527310d9df4be8b144fd6dec9c48d69ef0359594d2256699665b761289fdf57
/Users/mic/Downloads/20250930/sh605319.csv,sh605319.csv,sh,605319,2021-06-07,2025-09-30,1044,98039,True,utf-8,93a5a06a7596617d51f0f85446137cadc51ec21f959904546ee04981896d6acd
/Users/mic/Downloads/20250930/sh600507.csv,sh600507.csv,sh,600507,2003-09-30,2025-09-30,5237,497887,True,utf-8,775211f15f31e7c35f55545f7157d7c13a772f5de67edcca186f6e5c2026d095
/Users/mic/Downloads/20250930/sh601619.csv,sh601619.csv,sh,601619,2017-07-20,2025-09-30,1865,179388,True,utf-8,df8525441f75641ecef6a1895c88987ce2c29f6d28e2f563f78307f8209b29bc
/Users/mic/Downloads/20250930/sh688015.csv,sh688015.csv,sh,688015,2019-07-22,2025-09-30,1506,147147,True,utf-8,59c9a0ddd27a4cfb0089a01d5bbd198312f3bffa03c97fc6c86fcdd604530baf
/Users/mic/Downloads/20250930/sh603026.csv,sh603026.csv,sh,603026,2015-05-29,2025-09-30,2516,250072,True,utf-8,26c0c4e3348287ca4c25a62cd8eac2cb706f5653e6fbe6fc231463271548cbcd
/Users/mic/Downloads/20250930/sz000301.csv,sz000301.csv,sz,000301,2000-05-29,2025-09-30,5851,565384,True,utf-8,6f27ce1c0ddb5254930d3eac679905194053df96d28c49e0b4eb5f729b6e595e
/Users/mic/Downloads/20250930/sz002516.csv,sz002516.csv,sz,002516,2010-12-07,2025-09-30,3559,334997,True,utf-8,747ee495c2fb3192c7b14a2314106580858fa368433b4de769d63d2a5cc82c87
/Users/mic/Downloads/20250930/sz002270.csv,sz002270.csv,sz,002270,2008-09-05,2025-09-30,3941,375006,True,utf-8,19faa4d8ecf32b13f6cb1f4dfb1f3d17e22b3416f8315fa641ac7d5ef672f5ed
/Users/mic/Downloads/20250930/sh600249.csv,sh600249.csv,sh,600249,2004-01-30,2025-09-30,5215,491482,True,utf-8,688f63f919177a0d65876057ad899d97febb3632bb87f0afd34b66deec333405
/Users/mic/Downloads/20250930/sh603998.csv,sh603998.csv,sh,603998,2014-12-05,2025-09-30,2557,245972,True,utf-8,33fb7ede9e4a5cd6d1ddec1a966380376590f9cd61df6164f8b2a184c8400f7c
/Users/mic/Downloads/20250930/sh688767.csv,sh688767.csv,sh,688767,2021-09-08,2025-09-30,985,96458,True,utf-8,53e6ea9bce2702a7156276f12fb71895f8bc9629c3f429895c93d8e176db1bf0
/Users/mic/Downloads/20250930/sz002264.csv,sz002264.csv,sz,002264,2008-07-31,2025-09-30,3954,377105,True,utf-8,c27831814ba4b51791b47f4ff5033466d3facff8b0adda7eeaa30e93a1b07184
/Users/mic/Downloads/20250930/sh688001.csv,sh688001.csv,sh,688001,2019-07-22,2025-09-30,1506,147741,True,utf-8,4999a9f34e8057034a0991747cac28205847eafae0ec512150e82a8963e8b455
/Users/mic/Downloads/20250930/sh603032.csv,sh603032.csv,sh,603032,2017-01-05,2025-09-30,1969,192987,True,utf-8,c58a2b36abba110899ed3719c25b97ddd3b99b63049a8df4c02b3ef0954fcb8a
/Users/mic/Downloads/20250930/sz300144.csv,sz300144.csv,sz,300144,2010-12-09,2025-09-30,3509,346802,True,utf-8,8168e168fa0e136682d436f0c1a09c41d559e79641c4a4c40db4dac98f58a51b
/Users/mic/Downloads/20250930/sz002933.csv,sz002933.csv,sz,002933,2018-08-28,2025-09-30,1719,168224,True,utf-8,cce77a7b2af56260a0624957a825d6bd1bd4b4e906afae396275c4e793912ee2
/Users/mic/Downloads/20250930/sz300622.csv,sz300622.csv,sz,300622,2017-03-15,2025-09-30,2080,201795,True,utf-8,ee644a5547aa51552c7363cf908d8ca22213379a6b7b8ccfd95f3df68f8f7b0a
/Users/mic/Downloads/20250930/bj836504.csv,bj836504.csv,bj,836504,2023-08-17,2025-09-30,516,50832,True,utf-8,e5b3d0eaf38a67a0ea33f6aab1578d147599d35b7dd3e1dfcc7630f345825055
/Users/mic/Downloads/20250930/sz301528.csv,sz301528.csv,sz,301528,2023-08-28,2025-09-30,509,49338,True,utf-8,978e5adba0d52b13cca223cffb8c685c71b937ec367e386eb8fdb28265a86335
/Users/mic/Downloads/20250930/sz002927.csv,sz002927.csv,sz,002927,2018-02-23,2025-09-30,1847,185002,True,utf-8,b1f33015cb6b68567b76f25d00b25c6471ddd4fc3a5ebc4b42523f4ba78f341d
/Users/mic/Downloads/20250930/sz300636.csv,sz300636.csv,sz,300636,2017-03-31,2025-09-30,2067,197138,True,utf-8,25da784faa3f2eef182a3cffbf18616339db28afb2c422b581c4618310b58451
/Users/mic/Downloads/20250930/sz300150.csv,sz300150.csv,sz,300150,2010-12-22,2025-09-30,3399,324649,True,utf-8,8a1bef39c9b44dfe6dbf367c0b85566e0998af18fc654cd56d401717bc41ef27
/Users/mic/Downloads/20250930/sz002099.csv,sz002099.csv,sz,002099,2006-12-26,2025-09-30,4350,419153,True,utf-8,af6d80ac1b662b6547be18ee0b0048a127728367732222e33632dfd870f78728
/Users/mic/Downloads/20250930/bj834475.csv,bj834475.csv,bj,834475,2016-05-23,2025-09-30,1342,123829,True,utf-8,041837f7c248ea4aa4d8b444245bcfb6f9d975c850a1d5b78832ed1a6d2ebac2
/Users/mic/Downloads/20250930/sz000856.csv,sz000856.csv,sz,000856,1998-08-13,2025-09-30,6457,608935,True,utf-8,d068997e926a1eee97c33c18622880c0090b695f7270563ed92388408979abdf
/Users/mic/Downloads/20250930/sz301266.csv,sz301266.csv,sz,301266,2022-06-08,2025-09-30,809,78073,True,utf-8,f99d2ab2b6c4f3517c98bcad7aa821390bdbc3b0d7d20ed87bb495552be7b5e5
/Users/mic/Downloads/20250930/sh600088.csv,sh600088.csv,sh,600088,1997-06-16,2025-09-30,6703,637722,True,utf-8,a934dab1f07abea97308d49568eea54aea02baef8ba8e9b4d5c3dd7fbe401b20
/Users/mic/Downloads/20250930/bj833454.csv,bj833454.csv,bj,833454,2021-11-15,2025-09-30,944,88259,True,utf-8,d7135046f364c115eb62026bd1408c30085cb5e05e9fe5e74bb0ec799a896ffa
/Users/mic/Downloads/20250930/sz301500.csv,sz301500.csv,sz,301500,2023-09-21,2025-09-30,491,48712,True,utf-8,baac0963512c72da273f69a72353e0ad2082ef347c1fc3170b2f22c5b6a5c834
/Users/mic/Downloads/20250930/sh600936.csv,sh600936.csv,sh,600936,2016-08-15,2025-09-30,2219,212849,True,utf-8,44e053785dfba54b09c55db0f5cfeb8d07c11f5f28cf1c3a9bf1abae1cc8c7d6
/Users/mic/Downloads/20250930/sh603595.csv,sh603595.csv,sh,603595,2017-07-12,2025-09-30,2000,193839,True,utf-8,7159d5ddbf05f07a0433fe8432e3f9808fa2349d8f909452d9b4097f06a5d82a
/Users/mic/Downloads/20250930/sz301272.csv,sz301272.csv,sz,301272,2023-07-13,2025-09-30,541,53115,True,utf-8,8ef55dd34dba29baa2769f4d53340a1bbdc6082e7779c20e3c86f5c67464f9cb
/Users/mic/Downloads/20250930/sz301299.csv,sz301299.csv,sz,301299,2022-10-19,2025-09-30,720,69126,True,utf-8,ec1906ca59b2eeb7d5d7c0978ce00433299969cf0a2512cf46257eb62c82e76b
/Users/mic/Downloads/20250930/sh601369.csv,sh601369.csv,sh,601369,2010-04-28,2025-09-30,3706,361402,True,utf-8,7850c73268fe27ec81116b9bce945603f1a97c28641a71686cc364ece1ee5132
/Users/mic/Downloads/20250930/sz300187.csv,sz300187.csv,sz,300187,2011-03-08,2025-09-30,3323,316068,True,utf-8,583ac3dfd7e5e3fe64544cd6ea2e9fcada48388c61595ba64a02ff96414e36b6
/Users/mic/Downloads/20250930/sz000881.csv,sz000881.csv,sz,000881,1998-09-02,2025-09-30,6338,603276,True,utf-8,a7b1c971f90399b985e1a50246fe77115d483d2a843b0a7fb66ac52886b1f1bf
/Users/mic/Downloads/20250930/sz000659.csv,sz000659.csv,sz,000659,1996-12-03,2025-09-30,6792,649070,True,utf-8,c2effbc5987acfe07f2497fef4125fa5103f9bc111d5119aa25203436f5881e3
/Users/mic/Downloads/20250930/sh603218.csv,sh603218.csv,sh,603218,2016-12-28,2025-09-30,2129,210489,True,utf-8,04af32d1741d95bacd0db0aac71e8d07f58e1004758a55975a764afa19eadecd
/Users/mic/Downloads/20250930/sz001221.csv,sz001221.csv,sz,001221,2025-07-30,2025-09-30,45,4425,True,utf-8,5cead5258b51e06e245a439ceebf3d5487720a3eeed239208a84cd9a652330d3
/Users/mic/Downloads/20250930/sz002728.csv,sz002728.csv,sz,002728,2014-07-31,2025-09-30,2587,246268,True,utf-8,d530ef0a07be9fecc310cb49bccc7f2e3565189a0b7946e4250993df39d5c479
/Users/mic/Downloads/20250930/sh600711.csv,sh600711.csv,sh,600711,1996-05-31,2025-09-30,6710,633871,True,utf-8,58609a3d3f28182a2547c93f25811c03bed018609653f39092a3f3eb4ce751ed
/Users/mic/Downloads/20250930/sz300839.csv,sz300839.csv,sz,300839,2020-06-30,2025-09-30,1274,122020,True,utf-8,6bde0fd3059384c57bfc7f8b5414a36033c2387116d9eb888c8a0ba9438f5583
/Users/mic/Downloads/20250930/sz000895.csv,sz000895.csv,sz,000895,1998-12-10,2025-09-30,5930,585672,True,utf-8,97f765a61957171fb0139329ec368902cd8b0e60692e07828b761401d6e90794
/Users/mic/Downloads/20250930/sh688559.csv,sh688559.csv,sh,688559,2020-09-09,2025-09-30,1228,122287,True,utf-8,86c90ad742a62dd6eded9f0488b5feb49de5d76a4401a3c7ab91184c7271f4d0
/Users/mic/Downloads/20250930/sh600063.csv,sh600063.csv,sh,600063,1997-05-28,2025-09-30,6741,636280,True,utf-8,738a7e40c0a02be74fe10fab4b285b088703ac0c67ca3e60b3c69bf4c03ec000
/Users/mic/Downloads/20250930/sz300193.csv,sz300193.csv,sz,300193,2011-03-22,2025-09-30,3521,337111,True,utf-8,3ce8adf8c18e36f76866e2f61be53bfda7ca22878447f621096cb48934680c2c
/Users/mic/Downloads/20250930/sh605133.csv,sh605133.csv,sh,605133,2021-02-24,2025-09-30,1120,106558,True,utf-8,3c1bcb0123af333a8d1da644231d4e7e2180a7271f236c4256687f8f78c81743
/Users/mic/Downloads/20250930/sh688571.csv,sh688571.csv,sh,688571,2020-12-11,2025-09-30,1167,109277,True,utf-8,534b845c79c7a3913e6387feb355895a6c5a0ae480b92300ea0fc221c59a3b86
/Users/mic/Downloads/20250930/sz000665.csv,sz000665.csv,sz,000665,1996-12-10,2025-09-30,6703,631719,True,utf-8,0b56d3a5153ef75951d45e4de05c4e65ef58939f99b4f8b8aecc848239e3d6b5
/Users/mic/Downloads/20250930/sz002072.csv,sz002072.csv,sz,002072,2006-10-18,2025-09-30,4059,382284,True,utf-8,ca0e603b5035a1584921873ded619147de4146c34bb389750222eae1f7afe722
/Users/mic/Downloads/20250930/sz002714.csv,sz002714.csv,sz,002714,2014-01-28,2025-09-30,2816,280757,True,utf-8,0888f29b1b476fdeaf52a9e8f2562fbd19ae552d03027bf1c3fdf7140d21862a
/Users/mic/Downloads/20250930/sz300805.csv,sz300805.csv,sz,300805,2019-11-21,2025-09-30,1424,137439,True,utf-8,3cde6010af28b5f6fb1e3b5cb176baf43e47e585e040bbe4c94d77cc9b993329
/Users/mic/Downloads/20250930/sh688217.csv,sh688217.csv,sh,688217,2021-05-17,2025-09-30,1066,103632,True,utf-8,334848acbf891030f2ba59f1a350dc61ea4832cd0993d69b4d326421ee21c338
/Users/mic/Downloads/20250930/sh603230.csv,sh603230.csv,sh,603230,2021-12-24,2025-09-30,915,88989,True,utf-8,1563181797ce836cab7b8c97ab52dadb8bcd02336a50dc4dc8d37cfeba2dcbd5
/Users/mic/Downloads/20250930/sh688203.csv,sh688203.csv,sh,688203,2022-08-16,2025-09-30,760,73105,True,utf-8,03b00d1bd9ddcc9366aa9a371c00784f26e963ad049c329c2a6e4f7ac66f1053
/Users/mic/Downloads/20250930/sz001209.csv,sz001209.csv,sz,001209,2021-07-23,2025-09-30,1018,99589,True,utf-8,b79669a8fa6731e9686eff9f778669654896ce3be87636178c931de69e111e30
/Users/mic/Downloads/20250930/sz002700.csv,sz002700.csv,sz,002700,2012-09-21,2025-09-30,3144,300387,True,utf-8,ebfc9049b638d887ebc9da0d68ca13d1285dcc5aab88df98b2a99a451166703c
/Users/mic/Downloads/20250930/sh600739.csv,sh600739.csv,sh,600739,1996-08-19,2025-09-30,6841,670935,True,utf-8,7f2973718c25465be918e5eddaf32006f7efb72f90b86e883d18135b4e185d51
/Users/mic/Downloads/20250930/sz300811.csv,sz300811.csv,sz,300811,2019-12-30,2025-09-30,1397,137217,True,utf-8,3a1d86995bb6920cb93684934f79883cff21b638fdd7925000b11cc66a289dcb
/Users/mic/Downloads/20250930/sz002066.csv,sz002066.csv,sz,002066,2006-08-23,2025-09-30,4618,440694,True,utf-8,d14eabfc9ee89ca0ad62b80874be8369c7e5d008adf832b1379bf7d47fb63e0f
/Users/mic/Downloads/20250930/sh688565.csv,sh688565.csv,sh,688565,2021-05-13,2025-09-30,1068,101366,True,utf-8,2e5794c593e65f298b5b8971006ddb8199eee3278ba7e79d35a1bc63ceb62873
/Users/mic/Downloads/20250930/sh603556.csv,sh603556.csv,sh,603556,2016-11-10,2025-09-30,2163,213238,True,utf-8,7ed2c1acd1a6f1a0c8372300f66d3ad7f7e0854d8b50d307c208154bfe50186a
/Users/mic/Downloads/20250930/sz000936.csv,sz000936.csv,sz,000936,1999-08-10,2025-09-30,6239,588414,True,utf-8,c1d9f912234c821ce68067bbc1189d49a6fb634e3286cd36789a8640a2631579
/Users/mic/Downloads/20250930/bj870357.csv,bj870357.csv,bj,870357,2022-11-18,2025-09-30,698,66702,True,utf-8,30bfa46e25c5a607b6341ac5414b4921626ff88d00ba96835ec0aec766141a7b
/Users/mic/Downloads/20250930/sz300030.csv,sz300030.csv,sz,300030,2009-12-25,2025-09-30,3635,351292,True,utf-8,cd362d1800c476733fc7d4dfcb9cfe41e3d05e18862ac36d53d9ed82e8e7b0b5
/Users/mic/Downloads/20250930/sz300756.csv,sz300756.csv,sz,300756,2018-12-28,2025-09-30,1640,158656,True,utf-8,31695a6cabbec743e1488b61d16f42fe3f5b4ee9211af7ff5fa0198dbe8ba9c9
/Users/mic/Downloads/20250930/sz301448.csv,sz301448.csv,sz,301448,2023-06-19,2025-09-30,557,51778,True,utf-8,bdfcd39a89cca00d06fe089763ce488dd56c0f03d8817f758d7f24c432dd06b4
/Users/mic/Downloads/20250930/sz002847.csv,sz002847.csv,sz,002847,2017-02-08,2025-09-30,2105,207004,True,utf-8,1ffe191167cfa67f8a83c4fa8ebdf7aec825f252ec00aca755440234c79b1fde
/Users/mic/Downloads/20250930/sz000088.csv,sz000088.csv,sz,000088,1997-07-28,2025-09-30,6682,642698,True,utf-8,3964935a8bcb6e01c80159110d326dfa1706431079041c28d5f743e3dcf698a8
/Users/mic/Downloads/20250930/bj835179.csv,bj835179.csv,bj,835179,2022-03-04,2025-09-30,871,84460,True,utf-8,e2a8ab475ed670a69cb22f1597918e8dc70c24e588e827573176c7bd19ed724a
/Users/mic/Downloads/20250930/sz001382.csv,sz001382.csv,sz,001382,2025-03-21,2025-09-30,133,13002,True,utf-8,795b3c4f6cdcf120de5447649eabfca772b2d88265f02003a7b68c01a12231d7
/Users/mic/Downloads/20250930/sh688388.csv,sh688388.csv,sh,688388,2019-07-22,2025-09-30,1506,150245,True,utf-8,a5cecd9a74caa0c49533c8f6ae0833758e574e3bbd2a6a8b0a34f032c5c0af5e
/Users/mic/Downloads/20250930/sz002853.csv,sz002853.csv,sz,002853,2017-03-10,2025-09-30,2079,204979,True,utf-8,fcc02bdee21cfc5a3c9e3304aa8e083aa5d8ed4cf3edc916bb3705630c1ce79a
/Users/mic/Downloads/20250930/sz300024.csv,sz300024.csv,sz,300024,2009-10-30,2025-09-30,3861,386888,True,utf-8,ef623e1264ab14374b9ead32ad74c5f0df1d33b11fd055c500bbd64b2a47912f
/Users/mic/Downloads/20250930/sz000922.csv,sz000922.csv,sz,000922,1999-06-18,2025-09-30,6139,585722,True,utf-8,2cc89a74f9b2c8e50b20dfc46908768a1d7f76c5f1ea04066cb0a350c7e0659a
/Users/mic/Downloads/20250930/sz301312.csv,sz301312.csv,sz,301312,2022-07-11,2025-09-30,786,76802,True,utf-8,176fc8f6cbd5314fc55b1c5d85fb1e493422760d3c18b2e6decdf2f1fa6df713
/Users/mic/Downloads/20250930/sh603393.csv,sh603393.csv,sh,603393,2016-09-12,2025-09-30,2137,209200,True,utf-8,06d62a35a199829d96265fbf671c49f89bb1f89b6c90c5c2170302e3009cc87b
/Users/mic/Downloads/20250930/sh603387.csv,sh603387.csv,sh,603387,2017-07-17,2025-09-30,1997,197233,True,utf-8,e89e28e3006b3a1e91c3b60630f47aa66051dc2aa9aa35fc29a9c2d1460d841b
/Users/mic/Downloads/20250930/sh605090.csv,sh605090.csv,sh,605090,2021-05-25,2025-09-30,1049,106441,True,utf-8,73e6e04808a2584bf794ad4d915ea46ae602f8c1d515a2006e6619a28c568eea
/Users/mic/Downloads/20250930/sz301306.csv,sz301306.csv,sz,301306,2022-07-26,2025-09-30,775,74812,True,utf-8,e190b73ddd4f816c8090989cabd731e972981266136954967c0df8378ef87bfc
/Users/mic/Downloads/20250930/sz300018.csv,sz300018.csv,sz,300018,2009-10-30,2025-09-30,3780,363003,True,utf-8,ddc5120ccbf2b754caf72d6b8288fbb9762a88e246d95c6aed5ce806fe3c76cd
/Users/mic/Downloads/20250930/sh600103.csv,sh600103.csv,sh,600103,1997-07-03,2025-09-30,6704,632491,True,utf-8,13dccb2dfcb5f43f6a122e0df617f530366825c6e11cdeb2a490e1d8c7c9aed9
/Users/mic/Downloads/20250930/sh688439.csv,sh688439.csv,sh,688439,2022-08-26,2025-09-30,752,74294,True,utf-8,3e91789ab110c948851730ff8b692a94358f6483f2166ed3f9d33025537f9b4a
/Users/mic/Downloads/20250930/sh600665.csv,sh600665.csv,sh,600665,1993-07-09,2025-09-30,7677,721449,True,utf-8,19f501d12b6e241071218057a6f4c9b66fdfdaccb17b1951b9151819fcb7ad14
/Users/mic/Downloads/20250930/sz002884.csv,sz002884.csv,sz,002884,2017-07-11,2025-09-30,1995,192686,True,utf-8,6381816429248f91df000437d6e6f7b0211b6f15ad7ab99d833df8964ebaec3d
/Users/mic/Downloads/20250930/sz300795.csv,sz300795.csv,sz,300795,2019-10-22,2025-09-30,1444,137996,True,utf-8,ad08a82f82d9c8b4ed6a7e186c921e19d6747da8eb1d8fc18ae4c24791f596d4
/Users/mic/Downloads/20250930/sz300959.csv,sz300959.csv,sz,300959,2021-03-22,2025-09-30,1097,103753,True,utf-8,28305e8bdbb16e2de4eee6d3d724848dd223f9d0d66e4de6d4fd1b370fde23c7
/Users/mic/Downloads/20250930/sh600671.csv,sh600671.csv,sh,600671,1993-08-23,2025-09-30,7275,686030,True,utf-8,21163564ce5e9987d57bb15fc4d2dc7d4d37308f004ba63f2ab3f0100e1fd362
/Users/mic/Downloads/20250930/sz002890.csv,sz002890.csv,sz,002890,2017-08-02,2025-09-30,1975,187544,True,utf-8,db584a2681f0021802162dbf07d5aa17676989ccf053c336e4756ff942f47699
/Users/mic/Downloads/20250930/sz300781.csv,sz300781.csv,sz,300781,2019-06-06,2025-09-30,1533,149227,True,utf-8,02682f1e362df5f47e9896c5e09ddf491d7ddb67918c932b700488f5fdaa43d7
/Users/mic/Downloads/20250930/sz002648.csv,sz002648.csv,sz,002648,2011-12-28,2025-09-30,3317,313997,True,utf-8,692f6841663cdb57b8563e3d079c00e9fdab9680e8705812f8d0fccaa5f34ed7
/Users/mic/Downloads/20250930/sh603378.csv,sh603378.csv,sh,603378,2017-09-28,2025-09-30,1944,186071,True,utf-8,1781a0abb721c405dbd3bae5b9e53fdd968c70af702b3e5ef719c9942b416e96
/Users/mic/Downloads/20250930/sz000739.csv,sz000739.csv,sz,000739,1997-05-09,2025-09-30,6742,644655,True,utf-8,338f104f0989306ff425d64206ff7557fc8b94afeecc74ed27a5daa6f7321683
/Users/mic/Downloads/20250930/sh600117.csv,sh600117.csv,sh,600117,1997-10-15,2025-09-30,6620,636692,True,utf-8,c7487892f09607478d842e6d4e857cc4ee291ba60ffa84dc0928d70d355ebfc0
/Users/mic/Downloads/20250930/sz000711.csv,sz000711.csv,sz,000711,1997-04-11,2025-09-30,6359,597389,True,utf-8,a9ce2f261f1d7d0518fb015d536394b5c9274bc61894ef67b6c82a2ab9001794
/Users/mic/Downloads/20250930/sz002106.csv,sz002106.csv,sz,002106,2007-01-12,2025-09-30,4389,430101,True,utf-8,bf395b6e877d560114eb4d9f24872cf0b0c6b5a8599310945fcaa4172331b160
/Users/mic/Downloads/20250930/sz300971.csv,sz300971.csv,sz,300971,2021-04-15,2025-09-30,1085,105505,True,utf-8,47c68ebaaae37b0213971400263247e98fe379fc734adf24c02a33f117676319
/Users/mic/Downloads/20250930/sz002660.csv,sz002660.csv,sz,002660,2012-03-16,2025-09-30,3118,299473,True,utf-8,cac9eedaa5f861fd06e2776160409c4631ff692f5821ffd73cdb9cd50264d75d
/Users/mic/Downloads/20250930/sh600881.csv,sh600881.csv,sh,600881,1995-11-15,2025-09-30,7137,685507,True,utf-8,d252a5fecc4610d058357aaad85e30f5e9756a28adbe6454805510136270114c
/Users/mic/Downloads/20250930/sh688363.csv,sh688363.csv,sh,688363,2019-11-06,2025-09-30,1435,147056,True,utf-8,a98a6ddf57d9140a39b62aa0f2ce221ef2936a85e4b1462d96546d66bdb5f853
/Users/mic/Downloads/20250930/sh603350.csv,sh603350.csv,sh,603350,2024-07-03,2025-09-30,306,29609,True,utf-8,2c2105d5b182f989897cca432f470b2ec26f4ec95a7c5d0d51b9303a4db3c48d
/Users/mic/Downloads/20250930/sh688377.csv,sh688377.csv,sh,688377,2020-07-08,2025-09-30,1273,125368,True,utf-8,5dfb8d3e1cb9c265a4397df044c2bd0cf278cd1a3c824b4385afb855aa8469a9
/Users/mic/Downloads/20250930/sh603344.csv,sh603344.csv,sh,603344,2024-03-20,2025-09-30,375,37269,True,utf-8,228475bad5338ee6c36f3109153af7369c7f21dae907ebf9a6e8a62b442bf435
/Users/mic/Downloads/20250930/sz000063.csv,sz000063.csv,sz,000063,1997-11-18,2025-09-30,6602,659162,True,utf-8,25a93c93cb563659f06fb8d27a300fd9e96f654d6aa829335a374c6edf0227e2
/Users/mic/Downloads/20250930/sz300965.csv,sz300965.csv,sz,300965,2021-04-02,2025-09-30,1081,103003,True,utf-8,9baa8272acaf0498d0c6c44dcffadb92c23467259c6434cb704f3936036b8efa
/Users/mic/Downloads/20250930/sz002674.csv,sz002674.csv,sz,002674,2012-05-07,2025-09-30,3240,309994,True,utf-8,61f5df03a9ca82115bde7a5a37ce601b6b2b2688a30cb31c9748f0a4dc9426e3
/Users/mic/Downloads/20250930/sh600895.csv,sh600895.csv,sh,600895,1996-04-22,2025-09-30,7086,710339,True,utf-8,2b80336bfb67f7d7c7f5455a997e1a80e7f18482e9486bcea7f74b9b6c6a92c0
/Users/mic/Downloads/20250930/sz002112.csv,sz002112.csv,sz,002112,2007-02-08,2025-09-30,4180,403535,True,utf-8,73a2beb346ec806beec0d458b3214fffdec33b4b265a4bd45e49f33e4a45b68b
/Users/mic/Downloads/20250930/sz000705.csv,sz000705.csv,sz,000705,1997-04-10,2025-09-30,6815,644147,True,utf-8,d5044384348cf58f46744f5a8cfdd8caf4e361001e230519ecd44a6e9b248955
/Users/mic/Downloads/20250930/sh688411.csv,sh688411.csv,sh,688411,2025-01-27,2025-09-30,166,16270,True,utf-8,bc0f11bf287112bcc2f6b197ea7686ed66b41600f0743a34b99a2e5b5ef6628f
/Users/mic/Downloads/20250930/sz300554.csv,sz300554.csv,sz,300554,2017-04-21,2025-09-30,2052,199288,True,utf-8,72217c210eca147e9f617dbab76856b73573547b4cb7115ce7cf4f3e709ad920
/Users/mic/Downloads/20250930/sz300232.csv,sz300232.csv,sz,300232,2011-06-22,2025-09-30,3385,322719,True,utf-8,6f74a8e556b16acf0266c5f737efcd5e09c8136ff1a6562896a6715ea10483dd
/Users/mic/Downloads/20250930/sh603813.csv,sh603813.csv,sh,603813,2017-09-18,2025-09-30,1952,187951,True,utf-8,b43c3350357a035e158e68c7a842d158054242fe7cac7f4de817c82c1d02b688
/Users/mic/Downloads/20250930/sz300226.csv,sz300226.csv,sz,300226,2011-06-08,2025-09-30,3367,328376,True,utf-8,3f35587de5a782520ebcbcfb6b87973a36045f2c5411a7b0a29367bc740d1e24
/Users/mic/Downloads/20250930/sz301138.csv,sz301138.csv,sz,301138,2021-12-15,2025-09-30,922,87081,True,utf-8,c6ff5fb65b6a209afbbc811c9a16f7e439162ec86349e977c414090123fc6508
/Users/mic/Downloads/20250930/sz002489.csv,sz002489.csv,sz,002489,2010-10-21,2025-09-30,3597,347021,True,utf-8,c05780df5e5881f87e28eeea3ae8c10c1e4cbadc87498deeef39b1ecb59215d9
/Users/mic/Downloads/20250930/sz300540.csv,sz300540.csv,sz,300540,2016-08-23,2025-09-30,2203,213890,True,utf-8,843f56446dee66028eaba5ad4aebcaffd1fc4e367b7bf0b1e595d8d0b521a765
/Users/mic/Downloads/20250930/sh600498.csv,sh600498.csv,sh,600498,2001-08-23,2025-09-30,5753,564164,True,utf-8,720851bef6453d012de6ffd6a19ad3c6ed60cea4cb9f4f3193f66719f778651f
/Users/mic/Downloads/20250930/sz300568.csv,sz300568.csv,sz,300568,2016-12-01,2025-09-30,2148,209414,True,utf-8,db6838fb06f0c1ab4fd2dd0488f916450fbe1cb5b5885446a4f23bc1df4fd338
/Users/mic/Downloads/20250930/sh603191.csv,sh603191.csv,sh,603191,2022-04-28,2025-09-30,834,82100,True,utf-8,cc4275e7d4b79a1e23797afd8f0a84b9390b24780253f9928b541cb78b077c4d
/Users/mic/Downloads/20250930/sh605286.csv,sh605286.csv,sh,605286,2021-03-22,2025-09-30,1092,104928,True,utf-8,4fe218d6a6807e91a4f21bc1347922d4814204d5e4953015680d698cede023f2
/Users/mic/Downloads/20250930/sz301110.csv,sz301110.csv,sz,301110,2022-03-11,2025-09-30,866,84303,True,utf-8,1e0d01c7f6811f8b7049c87b4b818aff96427578744310d1f0dfa3cae7f1d005
/Users/mic/Downloads/20250930/bj871263.csv,bj871263.csv,bj,871263,2023-12-28,2025-09-30,427,40842,True,utf-8,aa491601dca7d9232fcbec709c7999be44a1700403edd3ff8c8c51c9c8095178
/Users/mic/Downloads/20250930/sh603185.csv,sh603185.csv,sh,603185,2018-12-28,2025-09-30,1640,162664,True,utf-8,8a1ca695d349d861027507095d5075688c8882c297b55e07f335647ff2e95410
/Users/mic/Downloads/20250930/sz301662.csv,sz301662.csv,sz,301662,2025-04-17,2025-09-30,115,11431,True,utf-8,43c4de9777f15a256f2d427c2af65cb8cb5bb26f140458cb351fed956f74ea67
/Users/mic/Downloads/20250930/sz300597.csv,sz300597.csv,sz,300597,2017-01-23,2025-09-30,2107,206842,True,utf-8,4082e69a67536042380b58c0d07406ef67c13cf846974c647b386ea862afb442
/Users/mic/Downloads/20250930/sh600467.csv,sh600467.csv,sh,600467,2004-04-05,2025-09-30,5172,510387,True,utf-8,df9d0903326269e9ed09f34f29b524f5fb0ef65d9151534edd300611ada8015f
/Users/mic/Downloads/20250930/sh603608.csv,sh603608.csv,sh,603608,2016-02-18,2025-09-30,2261,216419,True,utf-8,98b25d6d00b5a0cc5f529b3a534cb7cc48682e0ca82b681b64effb1ef828f630
/Users/mic/Downloads/20250930/sz003026.csv,sz003026.csv,sz,003026,2020-12-18,2025-09-30,1162,113880,True,utf-8,1e9cf6ae3cf85db316474458a042baf0ce6632c64c88aa3dbc19fc85e33f430b
/Users/mic/Downloads/20250930/sh600301.csv,sh600301.csv,sh,600301,2000-07-12,2025-09-30,5952,588553,True,utf-8,88d53de5d8a86e17ee6cd9953bbdd735ba1f35d8ff4557ceefe2542897911948
/Users/mic/Downloads/20250930/sz002338.csv,sz002338.csv,sz,002338,2010-01-15,2025-09-30,3761,366989,True,utf-8,6935633cfb8b1fa591c8a4530a66097123f6b7dc40222b364afdd3fc773d016d
/Users/mic/Downloads/20250930/sz003032.csv,sz003032.csv,sz,003032,2021-01-12,2025-09-30,1145,111622,True,utf-8,4b5355b1617baf24bbd4feb233680e9d6be7311feb071e65cdc948e4f3b48029
/Users/mic/Downloads/20250930/sh600315.csv,sh600315.csv,sh,600315,2001-03-15,2025-09-30,5652,541494,True,utf-8,87e25e83c85ab1edca3de61be9668932c37c54c270c3ad60d47c0757f915e573
/Users/mic/Downloads/20250930/sz300583.csv,sz300583.csv,sz,300583,2017-01-06,2025-09-30,2123,208579,True,utf-8,78753c1e12829af40cda64423bc57b2d3e8ddd88296c387342378859a9824b40
/Users/mic/Downloads/20250930/sh688161.csv,sh688161.csv,sh,688161,2021-06-30,2025-09-30,1035,98827,True,utf-8,1306e658f435dd596060aa97a6eb79aa6b440a90fcd0856304fff984614a782f
/Users/mic/Downloads/20250930/sz002462.csv,sz002462.csv,sz,002462,2010-08-18,2025-09-30,3565,349495,True,utf-8,1245925c144b7b72ef0cf7320b690ae880531d2f629cd741787437849ba5551d
/Users/mic/Downloads/20250930/bj836699.csv,bj836699.csv,bj,836699,2023-05-09,2025-09-30,586,57498,True,utf-8,dc319b52b1269b283168f5185a31722f3bbe168e934e5109cec1b6c140222abf
/Users/mic/Downloads/20250930/sz002304.csv,sz002304.csv,sz,002304,2009-11-06,2025-09-30,3854,394076,True,utf-8,9e3de367eec759a74af08d49a366a81a2b07c2bd586cf9c79a5bf92690c44f3e
/Users/mic/Downloads/20250930/sh688607.csv,sh688607.csv,sh,688607,2021-02-01,2025-09-30,1132,109535,True,utf-8,d7c84db46497819d39b396427a052ea089ba6cc9fb7980d1ee8df65a399e8891
/Users/mic/Downloads/20250930/sz000513.csv,sz000513.csv,sz,000513,1993-10-28,2025-09-30,7444,714620,True,utf-8,7ae4f15bc09a466c46d78c677f46705af64cbd599ea7b8e963700e3cc989442f
/Users/mic/Downloads/20250930/sh688613.csv,sh688613.csv,sh,688613,2021-05-21,2025-09-30,1062,105584,True,utf-8,04d233d7ec3d2ba1c2466fb58d590218c3652f061f8650e7a56526a7cc953ced
/Users/mic/Downloads/20250930/sz000507.csv,sz000507.csv,sz,000507,1993-03-26,2025-09-30,7794,763185,True,utf-8,ee2bf3aed22a36c7741b288ef742861c816ebf6aa489ce3c9c0d1ac7aea94cc8
/Users/mic/Downloads/20250930/sh600329.csv,sh600329.csv,sh,600329,2001-06-06,2025-09-30,5846,565701,True,utf-8,69fb0b51e410b6336828df0111fd6acbe6ab35134b3611030ff0020e7fcbae2a
/Users/mic/Downloads/20250930/sz002310.csv,sz002310.csv,sz,002310,2009-11-27,2025-09-30,3615,351319,True,utf-8,64b34c2f9833cd27aa8ae8be1eb68aeb4fe44541bf741fed7828539bdb19f3b1
/Users/mic/Downloads/20250930/sz002476.csv,sz002476.csv,sz,002476,2010-09-15,2025-09-30,3502,331895,True,utf-8,293f2cf7c9803a773d08d505635c33b97a60bcab09c869ae86ce7a434e139253
/Users/mic/Downloads/20250930/sh688175.csv,sh688175.csv,sh,688175,2022-03-15,2025-09-30,856,82871,True,utf-8,ac7b2e05de41b551e172670dd00bfd30c68b85a733fd28843139c60c075376a5
/Users/mic/Downloads/20250930/sh603636.csv,sh603636.csv,sh,603636,2014-12-30,2025-09-30,2537,247330,True,utf-8,ef50ad6aa8b453b804bea0f9e2e95ca34bac3fff2e60b27cae4727ba4b69d03a
/Users/mic/Downloads/20250930/sh688605.csv,sh688605.csv,sh,688605,2024-12-12,2025-09-30,197,19228,True,utf-8,a03a2e8a05a261f3a337368afc4d84ec9f539b9c8129ed0433818a9206357268
/Users/mic/Downloads/20250930/sz002306.csv,sz002306.csv,sz,002306,2009-11-11,2025-09-30,3437,324587,True,utf-8,022848cca4e92eb1466ed08678e79350a08f30ca776ad76fb51b0a8b5aca637f
/Users/mic/Downloads/20250930/sh601021.csv,sh601021.csv,sh,601021,2015-01-21,2025-09-30,2578,255553,True,utf-8,42ec280dacba92bfa8cc8c1788abb84128d8e636d3b509e17a6fce7dd24bae07
/Users/mic/Downloads/20250930/sz003018.csv,sz003018.csv,sz,003018,2020-11-06,2025-09-30,1192,112775,True,utf-8,b805883d32754b6e08108c0401ed183969ecb99f8316b67501249a2351a212c1
/Users/mic/Downloads/20250930/sh600459.csv,sh600459.csv,sh,600459,2003-05-16,2025-09-30,5368,513191,True,utf-8,7d3cd04b0ddd96edade4b58e50afd197ae9777e9371ebdfbd81e394ae65ed61e
/Users/mic/Downloads/20250930/sz002460.csv,sz002460.csv,sz,002460,2010-08-10,2025-09-30,3591,355640,True,utf-8,bfc14242e8a0df2321fdb3b83c51790f35f37a222892405f23ac20a62dc5a6b6
/Users/mic/Downloads/20250930/sh688163.csv,sh688163.csv,sh,688163,2022-03-11,2025-09-30,866,83435,True,utf-8,6682183de1ec15a4e660d960cd2549ea9b96ebe3fc8c9c557569cfd709658652
/Users/mic/Downloads/20250930/sh603150.csv,sh603150.csv,sh,603150,2022-01-24,2025-09-30,895,87343,True,utf-8,bab21c8302a0e64457466a9e8a38587246e1288589c9a19992667be1760d3852
/Users/mic/Downloads/20250930/sh688177.csv,sh688177.csv,sh,688177,2020-02-21,2025-09-30,1365,133240,True,utf-8,3bcd30eb82e9991e13b956225399ba709d12f16f33ae987e3c987d74b735016c
/Users/mic/Downloads/20250930/sz002474.csv,sz002474.csv,sz,002474,2010-09-15,2025-09-30,3585,343070,True,utf-8,4d4ddd429e6199feeeaeb3adcdf8851ebc6d58780a2a658c10eb6c76e24d7a32
/Users/mic/Downloads/20250930/sz002312.csv,sz002312.csv,sz,002312,2009-12-03,2025-09-30,3436,334358,True,utf-8,08da44b5f4c34b23b5dc0f02dd9fa287d43632f3a5ad22dec5e3a80f6bcfc6a5
/Users/mic/Downloads/20250930/sz000505.csv,sz000505.csv,sz,000505,1992-12-21,2025-09-30,7531,712273,True,utf-8,b48692d2052e6f909bf3af2aeae5693fa86d64326f956bf85ad1bb65f7adc037
/Users/mic/Downloads/20250930/sh688611.csv,sh688611.csv,sh,688611,2021-04-12,2025-09-30,1088,105139,True,utf-8,1766cd391ac9c4d6fa4574826864dbde560d34d4133c55c97f80b17476bc5cc2
/Users/mic/Downloads/20250930/sh600303.csv,sh600303.csv,sh,600303,2000-12-26,2025-09-30,5859,561590,True,utf-8,de33ea9a0a7205a1106f6fd67a3c2e118b045b39093cea81a81d989a3ecea245
/Users/mic/Downloads/20250930/sh688639.csv,sh688639.csv,sh,688639,2021-04-22,2025-09-30,1080,107097,True,utf-8,ddfa7649ac5a98cd596cb7b7a96ca4475ce6c0131baf524f61d1552d6124ad8f
/Users/mic/Downloads/20250930/sz300595.csv,sz300595.csv,sz,300595,2017-01-17,2025-09-30,2116,207811,True,utf-8,ab64c2c0b8f98a9d172500fc3290b83de689a151bb3430f346fa21efd4162948
/Users/mic/Downloads/20250930/sz300581.csv,sz300581.csv,sz,300581,2016-12-20,2025-09-30,2135,205295,True,utf-8,1cb164d54963e2f7774587a129977d8050305f625cb10326d7410ba5b5c0844b
/Users/mic/Downloads/20250930/sz002448.csv,sz002448.csv,sz,002448,2010-07-16,2025-09-30,3685,353335,True,utf-8,9fa8501e6ed0256856d56672c60dcf695d40755f66034fac07bb67c1f832a417
/Users/mic/Downloads/20250930/bj430139.csv,bj430139.csv,bj,430139,2022-10-28,2025-09-30,713,72103,True,utf-8,d317a00fa556662764012e36b19d6e590ce4066d0c8470383356669cd4b232b8
/Users/mic/Downloads/20250930/sh603178.csv,sh603178.csv,sh,603178,2017-03-28,2025-09-30,2071,196296,True,utf-8,a6ca23db2db3aaec706ef7f096f3a456271bc77a3f67a273925d84537e318fd0
/Users/mic/Downloads/20250930/sz000539.csv,sz000539.csv,sz,000539,1993-11-26,2025-09-30,7519,717139,True,utf-8,9265c961b4e6c94698e50003cd9cbea8b79a3ac4283b0ac537c990ed03859fc1
/Users/mic/Downloads/20250930/sh601009.csv,sh601009.csv,sh,601009,2007-07-19,2025-09-30,4406,431739,True,utf-8,bcd204dbae181ab8cabe7c475bffe5475c7a1737dbe4d92b0df999cdb9ee522d
/Users/mic/Downloads/20250930/sz003030.csv,sz003030.csv,sz,003030,2021-01-06,2025-09-30,1150,111096,True,utf-8,462b2c707c37be86aaf140c4cfd8d6262e188959a19836343c165ce03689b4d1
/Users/mic/Downloads/20250930/sz301112.csv,sz301112.csv,sz,301112,2022-06-29,2025-09-30,784,76046,True,utf-8,213c58a11b934d8974dccab4a41a716a18612052ccebbd429f8a79a695322395
/Users/mic/Downloads/20250930/sh603193.csv,sh603193.csv,sh,603193,2023-10-17,2025-09-30,479,46894,True,utf-8,aaf3ed7b7c6ac27f723aefddb1199c78b6928c59ce06c1db1101ce69eb480803
/Users/mic/Downloads/20250930/sh603187.csv,sh603187.csv,sh,603187,2018-11-29,2025-09-30,1661,161700,True,utf-8,0c1ca3ba29f739e63b06dee63e9117a5b9e063de48779a93d6ec0271d000207c
/Users/mic/Downloads/20250930/sh603839.csv,sh603839.csv,sh,603839,2017-02-14,2025-09-30,2100,200233,True,utf-8,458f8952dfe6f0547573639b1a1c61c5fe23771e230f2e87d52cd2892937018d
/Users/mic/Downloads/20250930/sz301106.csv,sz301106.csv,sz,301106,2022-01-28,2025-09-30,881,89710,True,utf-8,3a647f6be2aaf62e218e1e7c111989f014464318f284f50c873e096e788d0ff6
/Users/mic/Downloads/20250930/sz300218.csv,sz300218.csv,sz,300218,2011-05-18,2025-09-30,3478,333630,True,utf-8,6cf4777d425ff520642e4732c6e0f45a5a3d1ad6e3faf366397a6dd19b53d56c
/Users/mic/Downloads/20250930/sh603811.csv,sh603811.csv,sh,603811,2017-03-15,2025-09-30,2080,197854,True,utf-8,fc69386913c03252d86960a4e421400530f966ea2a946bdc97e708a03291d41f
/Users/mic/Downloads/20250930/sz300230.csv,sz300230.csv,sz,300230,2011-06-15,2025-09-30,3349,316888,True,utf-8,bba7eee8d42e0c6b3112473e3bb1130938286a9a1776cf78b692668ded645dcb
/Users/mic/Downloads/20250930/sz300556.csv,sz300556.csv,sz,300556,2016-11-04,2025-09-30,2167,213114,True,utf-8,4c49d818df4e8e21db85f11d4cf125c74d5ba9ff2e0410e33ecb74478346fdef
/Users/mic/Downloads/20250930/sh688188.csv,sh688188.csv,sh,688188,2019-08-08,2025-09-30,1493,152279,True,utf-8,63fb0f8ede6b0fe7ae346188701694822fdc9ed67672ad1941ed98e46fe169b5
/Users/mic/Downloads/20250930/sz300542.csv,sz300542.csv,sz,300542,2016-09-20,2025-09-30,2185,215566,True,utf-8,5135fd197dd5ff3f558552398daba4d300cd0b3f9279ebaa53470bced8a21fd8
/Users/mic/Downloads/20250930/sz300224.csv,sz300224.csv,sz,300224,2011-05-31,2025-09-30,3400,329206,True,utf-8,8d70182c2186d0f9026f9aaa874f85a3e43c4eb2f72695f56b2f03601c335c81
/Users/mic/Downloads/20250930/sh688361.csv,sh688361.csv,sh,688361,2023-05-19,2025-09-30,578,57614,True,utf-8,bdff23ad78a9ed3da5441f6e217327dcc51a093151e07ddd2a1aa130e12c7b5e
/Users/mic/Downloads/20250930/sz002662.csv,sz002662.csv,sz,002662,2012-03-09,2025-09-30,3115,309439,True,utf-8,7734434ca282b1e6d46aeccfecb42ddab78b8c006294aacc67f1fa4be0b21412
/Users/mic/Downloads/20250930/sh600883.csv,sh600883.csv,sh,600883,1995-12-08,2025-09-30,7177,673013,True,utf-8,684683d2fc94d7378560cfd7914c7c10ed32b13563babf32ab7dcffd1d40be9a
/Users/mic/Downloads/20250930/sz300973.csv,sz300973.csv,sz,300973,2021-04-15,2025-09-30,1085,107232,True,utf-8,0788a31a85afbd57ea4edff0c7027bfa6ce68d66ad3c2b5f20718c2d564d1471
/Users/mic/Downloads/20250930/sz002104.csv,sz002104.csv,sz,002104,2007-01-10,2025-09-30,4482,430046,True,utf-8,5ab283d271e7901a476351ed3fcba9286398f89ab7e4f9a894964859f9a54aea
/Users/mic/Downloads/20250930/sz000713.csv,sz000713.csv,sz,000713,1997-04-22,2025-09-30,6696,634127,True,utf-8,f6e3c66db7e023e5451da10c34b5e698b2f384cf7fc8d30d6585cbf94013be4a
/Users/mic/Downloads/20250930/sz000707.csv,sz000707.csv,sz,000707,1997-04-15,2025-09-30,6725,644452,True,utf-8,8fe106cdc7ae914249558d767bc777d3003668476f5ab5c96ba105eac3a9ae13
/Users/mic/Downloads/20250930/sh600129.csv,sh600129.csv,sh,600129,1997-11-18,2025-09-30,6538,626645,True,utf-8,bb87d8c9492a37a35404f446f839c06d47203a9af1979dc3d986f0c4539e77fa
/Users/mic/Downloads/20250930/sz002110.csv,sz002110.csv,sz,002110,2007-01-26,2025-09-30,4243,404379,True,utf-8,c20969bc230cd4327a200834e8c9b9149007a9692edc996fca62ef51d3f2eb0d
/Users/mic/Downloads/20250930/sz002676.csv,sz002676.csv,sz,002676,2012-05-25,2025-09-30,3011,282712,True,utf-8,b675ac56463e7582b2aa3917ae627c43d548586f3f8a2bf696b48ff67edacd9e
/Users/mic/Downloads/20250930/sh600897.csv,sh600897.csv,sh,600897,1996-05-31,2025-09-30,7071,671226,True,utf-8,bd82df9e06353698a01f3c8fde51f391441d84d1458fbd437264bf18ee494cb9
/Users/mic/Downloads/20250930/sz300967.csv,sz300967.csv,sz,300967,2021-04-13,2025-09-30,1087,107166,True,utf-8,098a01335d58bc32a0f9288843a94cc4a595cef608737192547d5a45e996e8f7
/Users/mic/Downloads/20250930/sz000061.csv,sz000061.csv,sz,000061,1997-01-10,2025-09-30,6675,651992,True,utf-8,482bb0e2bad9dddad4f3f5cf2d94d067679aaae1a957adb079647c89252399b2
/Users/mic/Downloads/20250930/bj835184.csv,bj835184.csv,bj,835184,2016-03-29,2025-09-30,1852,171016,True,utf-8,b16336b74c84628ad21dec7643f55e28bfe0a08e876b40ecf03ecd1eaa6a8808
/Users/mic/Downloads/20250930/sh688375.csv,sh688375.csv,sh,688375,2022-07-22,2025-09-30,777,77316,True,utf-8,aa575eefeeb07427532ac71d4cd6db6891315f2e9f28d14b2a865094e41f7500
/Users/mic/Downloads/20250930/sh601579.csv,sh601579.csv,sh,601579,2014-08-25,2025-09-30,2679,253336,True,utf-8,178aa69b2f52f51c939f1a1e9dc9f550c34965e12e8428302c40425b4207f35c
/Users/mic/Downloads/20250930/sz300797.csv,sz300797.csv,sz,300797,2019-11-01,2025-09-30,1438,139350,True,utf-8,a1f495683cf2bb2206d51e27f49e6a945e7f31e92c7ed1bc03f16f9fb3cbb9df
/Users/mic/Downloads/20250930/sh600667.csv,sh600667.csv,sh,600667,1993-07-28,2025-09-30,7565,718240,True,utf-8,6b12b13c8970aefc2537f2c05d5ace9b83d184ea2670c5c042573be5c81364ec
/Users/mic/Downloads/20250930/sz301489.csv,sz301489.csv,sz,301489,2023-10-24,2025-09-30,474,46263,True,utf-8,b4786d66e6d3dc3580d873e5d174ebefd0a574b31269408743e602a827eabbd0
/Users/mic/Downloads/20250930/sz002886.csv,sz002886.csv,sz,002886,2017-06-27,2025-09-30,2008,201224,True,utf-8,cc7692d66e9defb94e1048246f355d75b812033e08c9986b56e2f802664fdf01
/Users/mic/Downloads/20250930/sz000049.csv,sz000049.csv,sz,000049,1995-03-20,2025-09-30,7244,691584,True,utf-8,ac62b8094339c3782f0b7899abd0adbc729060f17ca7cb9c48879185aa3a0ddd
/Users/mic/Downloads/20250930/sh603408.csv,sh603408.csv,sh,603408,2020-07-30,2025-09-30,1257,124991,True,utf-8,d18d8ca0716fb54a32cd94cabb55287c0361d4870b2dfbea835b004bfb131e63
/Users/mic/Downloads/20250930/sh600101.csv,sh600101.csv,sh,600101,1997-06-27,2025-09-30,6797,641685,True,utf-8,bf9827c03a4771197b73d5789a715458fd7ab5f4e1a4410b942e6e5fb3f17db7
/Users/mic/Downloads/20250930/sz002138.csv,sz002138.csv,sz,002138,2007-06-13,2025-09-30,4426,433034,True,utf-8,67e713daac7855b284bbebf0892040455b0c67497767342dbc935bd812e6f387
/Users/mic/Downloads/20250930/sh600115.csv,sh600115.csv,sh,600115,1997-11-05,2025-09-30,6566,639113,True,utf-8,ca08c425ac7d5102019ff2649b7acc896e0dfcf44fd7b88c8cbbb2f17959cbd2
/Users/mic/Downloads/20250930/sh688349.csv,sh688349.csv,sh,688349,2022-06-22,2025-09-30,799,81746,True,utf-8,c08a6cac50f8e179629e3b04e5964a1e970f1b8a8b9aaf86828348f0c706e024
/Users/mic/Downloads/20250930/sz300783.csv,sz300783.csv,sz,300783,2019-07-12,2025-09-30,1512,149394,True,utf-8,233db2eb9d5c999533a3abffdc9becb63d7fed0e48fd4ef90961c85fbee18779
/Users/mic/Downloads/20250930/sh600673.csv,sh600673.csv,sh,600673,1993-09-17,2025-09-30,7288,687697,True,utf-8,b1efc66462d0881423b7d657fc78f8b03b3e9ec25f0ca1c2d44944b02931504a
/Users/mic/Downloads/20250930/sz002892.csv,sz002892.csv,sz,002892,2017-08-17,2025-09-30,1972,187690,True,utf-8,dcdd20b0e464acf53fd6447ed5184932e08964bb9a52f4417fd38df9c8c740e8
/Users/mic/Downloads/20250930/sz002879.csv,sz002879.csv,sz,002879,2017-07-07,2025-09-30,2003,196381,True,utf-8,a527ecd50beb9b141e78d222bb276fc8dc73d2acb045bfea77aa6d74ea0198aa
/Users/mic/Downloads/20250930/sh600698.csv,sh600698.csv,sh,600698,1993-12-06,2025-09-30,6995,664497,True,utf-8,b3638f185c663216e6e02d3100d44055097a5aed46a7f6765c71fe9e3d3ac57c
/Users/mic/Downloads/20250930/sz300768.csv,sz300768.csv,sz,300768,2019-04-12,2025-09-30,1573,159406,True,utf-8,6302fc253b8aaea439b220ea268437c5ee3c5ad5b9ad4d09a8837220c0c6eaa5
/Users/mic/Downloads/20250930/sh603391.csv,sh603391.csv,sh,603391,2024-07-31,2025-09-30,286,27608,True,utf-8,b04d547334af3a21fc0e4a2919a6359a13ce9d910fdfe35be2c06ea661f328ff
/Users/mic/Downloads/20250930/sh605086.csv,sh605086.csv,sh,605086,2021-04-16,2025-09-30,1084,103172,True,utf-8,0c44523074a0e5e8ea02b57d5e11ed0bcea53d024c44f89012033e8bb9be3611
/Users/mic/Downloads/20250930/sz000908.csv,sz000908.csv,sz,000908,1999-02-03,2025-09-30,6019,570408,True,utf-8,31485276409c6a471637eb1d543127500d023046e2fc3fb53036fb3bdcb27a8f
/Users/mic/Downloads/20250930/sz301310.csv,sz301310.csv,sz,301310,2023-06-02,2025-09-30,568,55176,True,utf-8,3bf0b041bb2e3fd0dfc0a5f6db96d76223a63f3ebf9467f6fab56486f6aaf07d
/Users/mic/Downloads/20250930/sh603385.csv,sh603385.csv,sh,603385,2017-04-05,2025-09-30,2067,197602,True,utf-8,5a983208795471fcab25d1508a78a23863ea13ecb538a544f54d56eccc607fdb
/Users/mic/Downloads/20250930/sh600854.csv,sh600854.csv,sh,600854,1994-04-25,2025-09-30,7199,683324,True,utf-8,b282fd55429dd40cba68fac156bee5ddbaa19e7bc6deaeab034aa7a234b251da
/Users/mic/Downloads/20250930/sz002845.csv,sz002845.csv,sz,002845,2017-01-25,2025-09-30,2110,207091,True,utf-8,de3a3c13d2bd77cf3db23e7f5d5ca802e6db929d7aa85e843b32b6a89b822dac
/Users/mic/Downloads/20250930/sz300032.csv,sz300032.csv,sz,300032,2009-12-25,2025-09-30,3602,347751,True,utf-8,f5c7187eba66b0edcb9a7018055a761ba7c22213cefb4ec736faa75e5ddc381d
/Users/mic/Downloads/20250930/sz000920.csv,sz000920.csv,sz,000920,1999-06-16,2025-09-30,5957,563113,True,utf-8,a0a8b66ed05bb57e4b11d85ada66cfbc78021d8bdbd218ff0370aa5ac0107c7c
/Users/mic/Downloads/20250930/sz300026.csv,sz300026.csv,sz,300026,2009-10-30,2025-09-30,3748,363426,True,utf-8,84507a7d516b9426636e9a4f9beba11360f13a79c4dc6e1486a08b9622412fc4
/Users/mic/Downloads/20250930/sz301338.csv,sz301338.csv,sz,301338,2022-08-16,2025-09-30,760,73643,True,utf-8,92e18944550fd3de69950305f3c8cf9025b2a676f44bac19e970e76108b37719
/Users/mic/Downloads/20250930/sz002851.csv,sz002851.csv,sz,002851,2017-03-06,2025-09-30,2007,200941,True,utf-8,c7341ad994ad6ec35b7443f04302ca7806a15024a90044cdb1eb10862fdab1c0
/Users/mic/Downloads/20250930/sz300998.csv,sz300998.csv,sz,300998,2021-06-02,2025-09-30,1054,103558,True,utf-8,bc793330a64259d9ff15d6778f46d7025178c6ffdea55790799b026008220c75
/Users/mic/Downloads/20250930/sh600868.csv,sh600868.csv,sh,600868,1994-09-12,2025-09-30,7394,733634,True,utf-8,dc4e61b7bc339dc2dc6c7633d8682653e6269adee5a4babd98f0c5ea85596694
/Users/mic/Downloads/20250930/sz002689.csv,sz002689.csv,sz,002689,2012-07-17,2025-09-30,3193,309825,True,utf-8,6513d7e661b57eee9f81039170923faff11dce459a70f1439d7ee936835845f4
/Users/mic/Downloads/20250930/sz300740.csv,sz300740.csv,sz,300740,2018-02-08,2025-09-30,1755,173243,True,utf-8,cf4a6878f5335280fb501a3ef9d069043f750e2fd098953a361d1669b0339797
/Users/mic/Downloads/20250930/sz001380.csv,sz001380.csv,sz,001380,2023-05-16,2025-09-30,581,57345,True,utf-8,8f14f6c0babb278f4592c40851e1198f3e553751d13abe2fd6e9a9a10fbf6f7e
/Users/mic/Downloads/20250930/sh688215.csv,sh688215.csv,sh,688215,2020-08-28,2025-09-30,1236,120146,True,utf-8,536dad103d5d5f17f82ffa661019627308dd48cfb372ba09dcb23808992e6fe5
/Users/mic/Downloads/20250930/sh603226.csv,sh603226.csv,sh,603226,2017-06-15,2025-09-30,2013,195757,True,utf-8,91a15818531f3d3dc570fe77d1567ac8a7c38a6ff12aa6b25e5562756b3ece71
/Users/mic/Downloads/20250930/sz300807.csv,sz300807.csv,sz,300807,2019-12-19,2025-09-30,1399,137784,True,utf-8,8b73cc0ce08b8071d143408176dfea6b1e4e687089a7aa4a3b895e3c97b2a0e4
/Users/mic/Downloads/20250930/sz002716.csv,sz002716.csv,sz,002716,2014-01-28,2025-09-30,2650,258089,True,utf-8,2db6fd9bb06529a82f81dddd7319eb9a4a10f2ba0f0062045e1b631dd64cc641
/Users/mic/Downloads/20250930/sh688573.csv,sh688573.csv,sh,688573,2023-08-17,2025-09-30,516,51614,True,utf-8,478742c29f4b97ac30fa602a3176669e7092a4725a6900ee04549617d5b8a0aa
/Users/mic/Downloads/20250930/sh688567.csv,sh688567.csv,sh,688567,2020-07-17,2025-09-30,1259,125093,True,utf-8,6b63b7219bb4dd2807bcd51f224fbfe8ce70e2ec964cf87251539e6801d04f9e
/Users/mic/Downloads/20250930/sz002064.csv,sz002064.csv,sz,002064,2006-08-23,2025-09-30,4620,445195,True,utf-8,95b13c8b2bfdae3af41d682d834bcaa36129d34a266497fcc8134f552dbe2411
/Users/mic/Downloads/20250930/sz300813.csv,sz300813.csv,sz,300813,2020-01-14,2025-09-30,1387,135077,True,utf-8,01fcfdc692bdc4f318d341082eb84c1fc5230c541b3713d2808c8518bdf297f9
/Users/mic/Downloads/20250930/sz002702.csv,sz002702.csv,sz,002702,2012-10-11,2025-09-30,3095,293626,True,utf-8,229f5b1ada3380c0509820b8c4fde8bba08af0c5fd95dd02a2f81fdc86cf9a1a
/Users/mic/Downloads/20250930/sh688201.csv,sh688201.csv,sh,688201,2021-04-21,2025-09-30,1078,104952,True,utf-8,52a717b4b558f5c14b8d442dff5c413f3ee68b7725134339870e6e9c2a363748
/Users/mic/Downloads/20250930/sh603232.csv,sh603232.csv,sh,603232,2017-04-21,2025-09-30,2055,201160,True,utf-8,0855f4407745229982181792af6f03efc3d678d18daa364f3888503b522fdea9
/Users/mic/Downloads/20250930/sh600713.csv,sh600713.csv,sh,600713,1996-07-01,2025-09-30,7006,658882,True,utf-8,a210683a68ddffc28bcbcc976dd516c2d2b8b0b195422b36d3568ca6957b0b79
/Users/mic/Downloads/20250930/sz001223.csv,sz001223.csv,sz,001223,2022-12-12,2025-09-30,682,65709,True,utf-8,ff46395ee444c8d847548adfc1e739470ee21c76b6e2848ca1fe0350b1f73315
/Users/mic/Downloads/20250930/sh688229.csv,sh688229.csv,sh,688229,2020-08-17,2025-09-30,1245,119945,True,utf-8,64a0c8b8a90aabc1effdeef5184d8701aa8df441a48ae9c5c1fc0942d5ef504b
/Users/mic/Downloads/20250930/sz000883.csv,sz000883.csv,sz,000883,1998-05-19,2025-09-30,6357,606886,True,utf-8,86a52bd4e78e10ee92b6986714e098df8d4a37e49702220fe51cd7acb46ea83e
/Users/mic/Downloads/20250930/sz300185.csv,sz300185.csv,sz,300185,2011-03-08,2025-09-30,3497,338833,True,utf-8,165b045f948d904d50afa4c1cdfbeafe688f0207c063f9a13d92fd3c578b5495
/Users/mic/Downloads/20250930/sh600075.csv,sh600075.csv,sh,600075,1997-06-17,2025-09-30,6614,624685,True,utf-8,2204964bf8e0244318bfe6bbaf599e4f67638cbcf20c424683d72ef87cc62454
/Users/mic/Downloads/20250930/sz002058.csv,sz002058.csv,sz,002058,2006-08-02,2025-09-30,4607,440931,True,utf-8,2f24b0a474a1b3516e2a34252ae8242870f4cb4064b6b08fc6b0d8f3ee4f70bc
/Users/mic/Downloads/20250930/sz300191.csv,sz300191.csv,sz,300191,2011-03-16,2025-09-30,3438,333076,True,utf-8,240ffcf0d5b70d7d7e90625fee5cfcb8f2682fa838c28c52684123fbbd86746f
/Users/mic/Downloads/20250930/sh600061.csv,sh600061.csv,sh,600061,1997-05-19,2025-09-30,6683,635083,True,utf-8,090fc788f8dd047892270f050a1b354add6332106d9d2a2e190046926942c62b
/Users/mic/Downloads/20250930/sh603568.csv,sh603568.csv,sh,603568,2015-05-28,2025-09-30,2518,249808,True,utf-8,687d856bcd30bbd64abf0a803773acbf01799fa70138cc91b8f75e5638113758
/Users/mic/Downloads/20250930/sz000897.csv,sz000897.csv,sz,000897,1999-04-22,2025-09-30,6292,603036,True,utf-8,a9a4fec844734e678875a4a21ecc5e7160d959eb89164096b403ff5dab207fcc
/Users/mic/Downloads/20250930/sh600707.csv,sh600707.csv,sh,600707,1996-05-20,2025-09-30,6939,663070,True,utf-8,0050350663f8ddbcab4ab43b072fcc46b60e5658eedec24c02b4a91f832c9684
/Users/mic/Downloads/20250930/sz301502.csv,sz301502.csv,sz,301502,2024-02-02,2025-09-30,402,38859,True,utf-8,eabe617a3350d3e7284ed83ceb01a79a4cde5ced8609fd3d39891808c238de7a
/Users/mic/Downloads/20250930/sh603583.csv,sh603583.csv,sh,603583,2018-09-21,2025-09-30,1704,169197,True,utf-8,03ebdd42bae9d6220e4b49e754209c747120aacc5df2cebb8fa2f4a5c3768e7d
/Users/mic/Downloads/20250930/sz301270.csv,sz301270.csv,sz,301270,2022-08-31,2025-09-30,749,72866,True,utf-8,86e8ca01a6d88d0192da74d082f97b7a5ae62f962ac039daed876b07a7c8856c
/Users/mic/Downloads/20250930/sz000868.csv,sz000868.csv,sz,000868,1997-07-25,2025-09-30,6651,634648,True,utf-8,59d67802cdc95c82e20d342de09ae6eafe9c48cef5ea82a7d0e750f3a22b2697
/Users/mic/Downloads/20250930/sz300608.csv,sz300608.csv,sz,300608,2017-02-13,2025-09-30,2102,206299,True,utf-8,36fe9aa51fb32d3b6bb4095f8632ce67ffe80160b1a261423e5e88c40d5c5b49
/Users/mic/Downloads/20250930/sz002919.csv,sz002919.csv,sz,002919,2017-12-18,2025-09-30,1890,182451,True,utf-8,d2a592f44678945bd98e35fc438b9c19310c17a4b71d7924ba3005bde72641d6
/Users/mic/Downloads/20250930/sz301516.csv,sz301516.csv,sz,301516,2023-12-08,2025-09-30,441,43736,True,utf-8,ded998124b1bf84da3b51d8fee5c5822595148a38732539fd2bf0a80f03cdd0c
/Users/mic/Downloads/20250930/sz300620.csv,sz300620.csv,sz,300620,2017-03-10,2025-09-30,2073,205599,True,utf-8,c2f1a5f7446d4e7350467e16010dc9edfb076cb0a5601ec7421b45f0c9cafba7
/Users/mic/Downloads/20250930/sh600908.csv,sh600908.csv,sh,600908,2016-09-23,2025-09-30,2187,213213,True,utf-8,61fd23623505da4f009089510be81b06e5b24c092f222a16fc488c91e36e389d
/Users/mic/Downloads/20250930/sz002931.csv,sz002931.csv,sz,002931,2018-04-03,2025-09-30,1815,179832,True,utf-8,ab7e507aea6056e0708dc5fc8bb2f7e8d3e9698fe1b87845a7ce66d37b0eed7b
/Users/mic/Downloads/20250930/sz301258.csv,sz301258.csv,sz,301258,2022-03-29,2025-09-30,854,82709,True,utf-8,0a21d21cef9f107adc6060f9012a34d3bc22eb58beec51a8480616913ef2d8be
/Users/mic/Downloads/20250930/sz300146.csv,sz300146.csv,sz,300146,2010-12-15,2025-09-30,3425,338888,True,utf-8,61b4caa81acbe57fef6f6eec3cb6aa0577cd7b56997c76d5d866ebce7cb95de5
/Users/mic/Downloads/20250930/sz000698.csv,sz000698.csv,sz,000698,1997-02-20,2025-09-30,6752,634234,True,utf-8,cd5d13336d4e720c93eacaec6532b11c8bae081d26e21d0df9065ae2522bac40
/Users/mic/Downloads/20250930/sh688598.csv,sh688598.csv,sh,688598,2020-05-18,2025-09-30,1308,130128,True,utf-8,9b69bddb2ade077224605ac735a6dab12700823733be13ef1b429bdd4f3ae769
/Users/mic/Downloads/20250930/bj836260.csv,bj836260.csv,bj,836260,2021-11-15,2025-09-30,944,87403,True,utf-8,29dad5ecd6020f2be3d5f3eaf0c1e34d9968260e3c9fe3c9c297fcd54500174b
/Users/mic/Downloads/20250930/sz300152.csv,sz300152.csv,sz,300152,2010-12-29,2025-09-30,3386,322615,True,utf-8,226eceae3e1afda4e8149e9f0e6804783f07c0ed4c89480967e5d6cb82fb3388
/Users/mic/Downloads/20250930/sz300634.csv,sz300634.csv,sz,300634,2018-03-23,2025-09-30,1829,184491,True,utf-8,46abd06bf25c5adfa8f0a0ac4e4abfa200f2fe3e4e73b3f0cb5341b7893001ba
/Users/mic/Downloads/20250930/sz002925.csv,sz002925.csv,sz,002925,2018-01-15,2025-09-30,1871,186573,True,utf-8,613860d540d82505d10fc9706e2c0653468f76fc868c81d15588101dc9f20002
/Users/mic/Downloads/20250930/sh605333.csv,sh605333.csv,sh,605333,2020-08-18,2025-09-30,1244,121764,True,utf-8,6cae52a9cfaee5606ff883e3c3dc2c5139f0f3e3f96ac2130ed45784fc563c04
/Users/mic/Downloads/20250930/sh601155.csv,sh601155.csv,sh,601155,2015-12-04,2025-09-30,2379,238837,True,utf-8,ff5e51a7146651dc79f2fc8a887eac30862b19ed961cc273353ad27b93e123ef
/Users/mic/Downloads/20250930/sz002272.csv,sz002272.csv,sz,002272,2008-09-19,2025-09-30,3924,375838,True,utf-8,40b5d1c36093e47175420eea903acc18c0c649ec5cd64750cdcb316bf3bd94b2
/Users/mic/Downloads/20250930/sz002514.csv,sz002514.csv,sz,002514,2010-12-03,2025-09-30,3363,317712,True,utf-8,d413ba5242dba6f3b21654ba763d40f787062ae1daa7a62b0a0ec5c4bd91147a
/Users/mic/Downloads/20250930/sh601633.csv,sh601633.csv,sh,601633,2011-09-28,2025-09-30,3378,336467,True,utf-8,7e43073aacf0978d7092c4d2f202386042020b8aa4fd2782d072a1f2eb5255e9
/Users/mic/Downloads/20250930/sh688017.csv,sh688017.csv,sh,688017,2020-08-28,2025-09-30,1236,126306,True,utf-8,d8b9772afae26292cb49f8e638a938b00f5bb13063a82fa13758f26b750670ac
/Users/mic/Downloads/20250930/sh603030.csv,sh603030.csv,sh,603030,2015-03-20,2025-09-30,2547,243411,True,utf-8,73b0b7319682fa1f674a77728773f04972c47663966dffb53007de1ef3b77a28
/Users/mic/Downloads/20250930/sh688003.csv,sh688003.csv,sh,688003,2019-07-22,2025-09-30,1506,147458,True,utf-8,aadda46cc30552ca5d55351990559158b993d1927dbd00e0963f7ff69452ac87
/Users/mic/Downloads/20250930/sz002500.csv,sz002500.csv,sz,002500,2010-11-15,2025-09-30,3494,345710,True,utf-8,de101030b014788fe3db930985887e9e6e9c3550a6992b7d215cda72919429b9
/Users/mic/Downloads/20250930/bj870976.csv,bj870976.csv,bj,870976,2023-09-01,2025-09-30,505,47824,True,utf-8,2a13f233faff7795437e06440466d0a54d59b04a93c4c499c7f1aca948426c8f
/Users/mic/Downloads/20250930/sh600539.csv,sh600539.csv,sh,600539,2001-08-24,2025-09-30,5515,520002,True,utf-8,418d7f06150d2a1ff8da2110aa9037a517a6cd43a2988fb829464164084ecfeb
/Users/mic/Downloads/20250930/HS300_monthly_top10_2015_2025.csv,HS300_monthly_top10_2015_2025.csv,hs,HS300_monthly_top10_2015_2025.csv,2015-01-01,2025-01-01,1290,33391,True,utf-8,b8792e3a3fc20288540c00e5390c1c73f8bb0df1dbf9c26d48b7ccadb8a2b1ba
/Users/mic/Downloads/20250930/sz002266.csv,sz002266.csv,sz,002266,2008-08-06,2025-09-30,4006,391580,True,utf-8,14484db82a8c0861bfeaa9269aa59b1be4c67e9fd2fc49e3c7f98d741d34f854
/Users/mic/Downloads/20250930/sz301099.csv,sz301099.csv,sz,301099,2021-11-22,2025-09-30,939,91717,True,utf-8,12310de84c13eda86ef59444f8d60a5ca9bd1bab60af19a82fbac2ae541bbf1a
/Users/mic/Downloads/20250930/sz300387.csv,sz300387.csv,sz,300387,2014-07-02,2025-09-30,2648,252626,True,utf-8,09852fb6c18f887dac20f11bb45f96fa1c9fabdbdfdeb5ef8442448e4844ed09
/Users/mic/Downloads/20250930/sh601169.csv,sh601169.csv,sh,601169,2007-09-19,2025-09-30,4328,433510,True,utf-8,67b2637715bb3f8a1ce2acaf9e2be5083dcbaa2b01de38382762e3477e87ad5f
/Users/mic/Downloads/20250930/sh603018.csv,sh603018.csv,sh,603018,2014-10-13,2025-09-30,2611,249665,True,utf-8,de1df360c78f9874e95638027a3101dfc95a264aafc227f71423f2bce4a51bf3
/Users/mic/Downloads/20250930/bj833873.csv,bj833873.csv,bj,833873,2021-11-15,2025-09-30,944,88064,True,utf-8,07ce40d337588fd50c30fddc7c0c136cd85d5fdf1ae7ad662563aa2baa1a93e7
/Users/mic/Downloads/20250930/sz002528.csv,sz002528.csv,sz,002528,2010-12-24,2025-09-30,3463,336540,True,utf-8,3e7988a94afe7e99a1456691f682ecca38b28c250935d1c7d5092046a3013d80
/Users/mic/Downloads/20250930/sh600511.csv,sh600511.csv,sh,600511,2002-11-27,2025-09-30,5330,519534,True,utf-8,f613081777bc4e7cd1dfa391ff33ccdd6964c5b72d2cc70e968527995ac2130c
/Users/mic/Downloads/20250930/sh600505.csv,sh600505.csv,sh,600505,2002-05-30,2025-09-30,5566,527319,True,utf-8,d7d30037b56b7cd3a87e9d234b102dea75708b582c9366a8fb83ebb49040d7ca
/Users/mic/Downloads/20250930/sh688981.csv,sh688981.csv,sh,688981,2020-07-16,2025-09-30,1261,128060,True,utf-8,6a7205db35cabbf489c4e773833c5c6ba445ff3577f367ec257bd76482a238eb
/Users/mic/Downloads/20250930/sz300393.csv,sz300393.csv,sz,300393,2014-09-12,2025-09-30,2676,258152,True,utf-8,4ea2de8391352a884f55f0cc1d67a6cb4220a29a87a341908372918b3c76e400
/Users/mic/Downloads/20250930/sz300378.csv,sz300378.csv,sz,300378,2014-01-27,2025-09-30,2837,285840,True,utf-8,7daaf129f1a350e30bc268c2de6522768625eb848c4d291977a989f320e4e4ee
/Users/mic/Downloads/20250930/sh600288.csv,sh600288.csv,sh,600288,2000-11-29,2025-09-30,5907,558318,True,utf-8,679018f437ac9cd968f6c65b363f0c28204f3525cab9cecb8959955a8db88d01
/Users/mic/Downloads/20250930/sz301066.csv,sz301066.csv,sz,301066,2021-09-22,2025-09-30,977,95438,True,utf-8,08bc91114bf25ae794c161d364301c4cec9b2a458eaf3893dbf4b77c00345f19
/Users/mic/Downloads/20250930/sh603959.csv,sh603959.csv,sh,603959,2016-05-17,2025-09-30,2273,220579,True,utf-8,630f70d8729fd6c888954818bebc1883a81174fa7f6306ef360b1953975d6172
/Users/mic/Downloads/20250930/sh601828.csv,sh601828.csv,sh,601828,2018-01-17,2025-09-30,1865,180474,True,utf-8,fd4b613a2c0e1290b54c42cdd8a6437c6238fe195d141a8bd5603965fc80519e
/Users/mic/Downloads/20250930/bj838701.csv,bj838701.csv,bj,838701,2023-07-19,2025-09-30,537,50893,True,utf-8,7f79dee0cfcebd01d2714dd43db8a40904f99d5a484023952d7951eddde83d2f
/Users/mic/Downloads/20250930/sz301072.csv,sz301072.csv,sz,301072,2021-09-29,2025-09-30,972,94094,True,utf-8,2cb1f7ba162832d96f644911e7769f3b671141381e761afe4caabaa6abfed9e5
/Users/mic/Downloads/20250930/sz300344.csv,sz300344.csv,sz,300344,2012-08-01,2025-09-30,3078,291138,True,utf-8,6698fd8c9f721b7ca529c4f15d9ea80616112471bb3e0d3638be05d3ef3bb5f7
/Users/mic/Downloads/20250930/sz300422.csv,sz300422.csv,sz,300422,2015-02-17,2025-09-30,2561,248855,True,utf-8,2955e4eec668a2a1e758749174f7b3b88a7d01716b02bc364a91efc9e25b7189
/Users/mic/Downloads/20250930/sh601800.csv,sh601800.csv,sh,601800,2012-03-09,2025-09-30,3297,328417,True,utf-8,591d3df766969d7f4d63b1e1c4ee296612fe1b165b97798fb282361bcc4ae9aa
/Users/mic/Downloads/20250930/sz300436.csv,sz300436.csv,sz,300436,2015-04-22,2025-09-30,2492,246676,True,utf-8,496c9020ca96c88f5152926d1079dbb83848f0ca14a590068a3937db88451009
/Users/mic/Downloads/20250930/sz300350.csv,sz300350.csv,sz,300350,2012-08-21,2025-09-30,2995,285734,True,utf-8,71650f518c90b9eb2be4716502ea68fdcf5da87b445ca414e4fa35249bab863e
/Users/mic/Downloads/20250930/sz002299.csv,sz002299.csv,sz,002299,2009-10-21,2025-09-30,3751,374121,True,utf-8,926953586676f001b96b9497471228b2a4be5d8fbaf55ef280416315e58cd917
/Users/mic/Downloads/20250930/sz300437.csv,sz300437.csv,sz,300437,2015-04-23,2025-09-30,2420,241921,True,utf-8,d3ca2955e952b1fc0f350bffb06ac2265e489d1058c8dee2863996303a77543a
/Users/mic/Downloads/20250930/sh601801.csv,sh601801.csv,sh,601801,2010-01-18,2025-09-30,3787,364152,True,utf-8,654fd47ea29f80fcf74a045ae348cf4785187f155f57eb0ce9e0f3f5f65bc5ba
/Users/mic/Downloads/20250930/sh603970.csv,sh603970.csv,sh,603970,2017-11-16,2025-09-30,1914,185022,True,utf-8,b3a627eb3df13ffaab820a8b8d6906bcee1073d348a89bb83a9119b4d431cd68
/Users/mic/Downloads/20250930/sz002298.csv,sz002298.csv,sz,002298,2009-09-29,2025-09-30,3732,359600,True,utf-8,58d729ac2732402988af789144ee38aec718937a3f389c11015248e588e45089
/Users/mic/Downloads/20250930/sz300351.csv,sz300351.csv,sz,300351,2012-09-20,2025-09-30,3028,295533,True,utf-8,353610ac93a5001ebf0576f7e9128b6f3ab70e23f218ecf5ea275c4de412609e
/Users/mic/Downloads/20250930/bj836077.csv,bj836077.csv,bj,836077,2016-11-03,2025-09-30,1098,106740,True,utf-8,005dad2aa5189f48108bde829757769b07f6fbff876d01ada729e6c1473b1369
/Users/mic/Downloads/20250930/sz300345.csv,sz300345.csv,sz,300345,2012-08-01,2025-09-30,3070,295603,True,utf-8,71dde8546c9b53ce64e568da4646e643c456fb5550988a60675ec98846f2909a
/Users/mic/Downloads/20250930/bj920167.csv,bj920167.csv,bj,920167,2018-01-05,2025-09-30,1269,121866,True,utf-8,7d83b1839995092bc6d723f8dbcd77aff0b048a9fa4edbac78c6f2af1171a107
/Users/mic/Downloads/20250930/sz300423.csv,sz300423.csv,sz,300423,2015-02-17,2025-09-30,2315,225090,True,utf-8,572dd226dcf18fdef43b8f224ef9a6b2d1b5cdb1edab202818bff5bb2c498c34
/Users/mic/Downloads/20250930/sz301073.csv,sz301073.csv,sz,301073,2021-09-30,2025-09-30,971,95312,True,utf-8,723886a2d53667a59f737d9952bb4fedc1ee18706e0025863a00c12cd9bc58d6
/Users/mic/Downloads/20250930/sh603958.csv,sh603958.csv,sh,603958,2016-06-29,2025-09-30,2227,211807,True,utf-8,1747fb307c6a2a9e3cd1051634e64b54da57b021fb261f35d10b097c134cfaa8
/Users/mic/Downloads/20250930/sz301067.csv,sz301067.csv,sz,301067,2021-09-22,2025-09-30,977,94470,True,utf-8,429ee2be308b366d6d257e481a79a9ce7170e1b0b24fb6f5f75048999c5e3c34
/Users/mic/Downloads/20250930/sh600289.csv,sh600289.csv,sh,600289,2000-07-20,2025-09-30,5848,541331,True,utf-8,6097b906af42fb17558476adfddb7d9a8bfa20d1a4cd34e5b420f71e9799c638
/Users/mic/Downloads/20250930/sz300379.csv,sz300379.csv,sz,300379,2014-01-28,2025-09-30,2724,270865,True,utf-8,66df09c632d29a6186baf55207c6dbd4aba699d2883e3bbda38df8f1489bae2d
/Users/mic/Downloads/20250930/sh600262.csv,sh600262.csv,sh,600262,2000-06-30,2025-09-30,6064,578265,True,utf-8,7b7eab1c42a80f1bc4f156c730f71073c71de0c357d225b6442ca1875b0518e8
/Users/mic/Downloads/20250930/sh688758.csv,sh688758.csv,sh,688758,2025-01-10,2025-09-30,177,17208,True,utf-8,027d2ce21544e606b000702db9acc3fbf24999365af4693cdac5cee1787dd435
/Users/mic/Downloads/20250930/sh601168.csv,sh601168.csv,sh,601168,2007-07-12,2025-09-30,4217,415945,True,utf-8,70d76dee65cdbdcc7926614ab6943e32a43a1f3879287bb307c02c35b072805b
/Users/mic/Downloads/20250930/sz300386.csv,sz300386.csv,sz,300386,2014-06-26,2025-09-30,2743,270373,True,utf-8,ba6b50c78380dfb7f2256f0067ef9c1d853a1bf549bf90051988f07f2daca4a0
/Users/mic/Downloads/20250930/sh600276.csv,sh600276.csv,sh,600276,2000-10-18,2025-09-30,6009,583540,True,utf-8,a532f6e7c497e41b3eaba4d4114a9b07d89d5fee32b0ab098a68988f984af52f
/Users/mic/Downloads/20250930/sz301098.csv,sz301098.csv,sz,301098,2021-11-12,2025-09-30,945,92707,True,utf-8,d192c76f3a3df84221841c67e0db398dbfd0a2a717e7883f832f1f510ee6119a
/Users/mic/Downloads/20250930/sh600510.csv,sh600510.csv,sh,600510,2002-06-18,2025-09-30,5544,526019,True,utf-8,5ab74edb5fde58a3a86f0f5517f6cd4027e9339cfc1449fe4e95bc1071480e98
/Users/mic/Downloads/20250930/sz002529.csv,sz002529.csv,sz,002529,2010-12-24,2025-09-30,3459,320373,True,utf-8,e05030d11c457f56b0c48f61a970252ca6294bb060ef454912babd094b8171c4
/Users/mic/Downloads/20250930/bj872190.csv,bj872190.csv,bj,872190,2022-12-23,2025-09-30,673,66617,True,utf-8,2bc8903b301eb20271b65aa51cb11d2abffd97c854c25865f81cb26d4a4f426b
/Users/mic/Downloads/20250930/sh603019.csv,sh603019.csv,sh,603019,2014-11-06,2025-09-30,2627,267952,True,utf-8,a78739f1c6e3cc03a03cfc7508e3e831fd6da0491ed38d5a5eafb8a2728e56a3
/Users/mic/Downloads/20250930/sh600538.csv,sh600538.csv,sh,600538,2003-01-14,2025-09-30,5280,509814,True,utf-8,6f91565917de796c121d8e2e593f7119f7dca3df8d367cf69f9ae965e2cdb49c
/Users/mic/Downloads/20250930/sz002501.csv,sz002501.csv,sz,002501,2010-11-17,2025-09-30,3592,346682,True,utf-8,6242134ddae67726f1c6a76d7a1cfb56e36c804ceca1e3759331253c8f8cc119
/Users/mic/Downloads/20250930/sh688002.csv,sh688002.csv,sh,688002,2019-07-22,2025-09-30,1506,150495,True,utf-8,777c668e4f990039b1d436997e3a1fe0d165b32ed11c5ee30207a7a2914b2499
/Users/mic/Downloads/20250930/sh603031.csv,sh603031.csv,sh,603031,2016-08-22,2025-09-30,2206,210378,True,utf-8,a4cc9a8654a6976a1f27707df4e0308a8e248452ecbb7c701411be2dc792c96c
/Users/mic/Downloads/20250930/sh603757.csv,sh603757.csv,sh,603757,2017-07-11,2025-09-30,2001,195311,True,utf-8,f24ac520392e949844bd8a418ec5a9e89946f152ce6886e31bbd13f05ef51652
/Users/mic/Downloads/20250930/sz002267.csv,sz002267.csv,sz,002267,2008-08-13,2025-09-30,4151,393443,True,utf-8,d73d3796baa4274cebfca9d78e06a3bdc3ffe39c8389df5172b977f3891d7fe1
/Users/mic/Downloads/20250930/sz002273.csv,sz002273.csv,sz,002273,2008-09-19,2025-09-30,4062,400641,True,utf-8,df8fec87ebf26bfd41664f4e4f78e1f87684277cbbabe4785f7375220cd4d926
/Users/mic/Downloads/20250930/sh688016.csv,sh688016.csv,sh,688016,2019-07-22,2025-09-30,1506,151616,True,utf-8,b30d3533fbfb6c1c7d5614c39df3c7ed959c2448ff3fe859a7a90ab01cde8289
/Users/mic/Downloads/20250930/sh603025.csv,sh603025.csv,sh,603025,2015-04-22,2025-09-30,2506,244939,True,utf-8,782a0c58819f423d1502894dc3703c01371376f61c333c238256b1bda2800a61
/Users/mic/Downloads/20250930/sz002515.csv,sz002515.csv,sz,002515,2010-12-03,2025-09-30,3349,317275,True,utf-8,e181e4eaf8bf6a917a3d1bfd982feb1ea1b7e7646111bc6d1ebd665af4a09bc5
/Users/mic/Downloads/20250930/sz300153.csv,sz300153.csv,sz,300153,2010-12-29,2025-09-30,3460,328467,True,utf-8,19843d77a45c04b1b8314f5d7bebc11d54f5a2c96f4d9eed7f7f1071c5187cb8
/Users/mic/Downloads/20250930/sh688599.csv,sh688599.csv,sh,688599,2020-06-10,2025-09-30,1291,130947,True,utf-8,fed691a32b4bd5226a8143e11d9d8c75bde229ba8af07fcc6b4dd26a5c0a9e90
/Users/mic/Downloads/20250930/sz300635.csv,sz300635.csv,sz,300635,2017-03-31,2025-09-30,2060,204252,True,utf-8,67f228bdd2bac464737bbf8cdd51e59725461df6b1c833ce91aa2164f4ded3b2
/Users/mic/Downloads/20250930/sz002930.csv,sz002930.csv,sz,002930,2018-03-28,2025-09-30,1817,180045,True,utf-8,ee3747d7913c2fda4dad9118cecb30bb24ee98e514f139795469983268aa6fa1
/Users/mic/Downloads/20250930/sh600909.csv,sh600909.csv,sh,600909,2016-12-06,2025-09-30,2139,206412,True,utf-8,f936f6f30bb81e859bbb00f616a8a0d297077b31130eb2aeaab194249af829ae
/Users/mic/Downloads/20250930/sz300621.csv,sz300621.csv,sz,300621,2017-03-16,2025-09-30,2079,198944,True,utf-8,b8df880c80277f24d1f0b6564d200bb76a0fcdc2c1cf27bd9a8a1a556b9167b7
/Users/mic/Downloads/20250930/bj872351.csv,bj872351.csv,bj,872351,2022-12-29,2025-09-30,669,62553,True,utf-8,9fac6dc62de2b924579cbe3d1584f57f7045e077e0d8ea360532d75887897bb7
/Users/mic/Downloads/20250930/sz300147.csv,sz300147.csv,sz,300147,2010-12-15,2025-09-30,3574,346606,True,utf-8,09c2f4301aaed7b6528503f93b8260661325468656498c437c789b32bc3ba00b
/Users/mic/Downloads/20250930/sz301259.csv,sz301259.csv,sz,301259,2022-04-26,2025-09-30,836,81066,True,utf-8,cde7d0c5afb96a4bfe11d813ddfd8512f1f05950d2c4b61b446173f520707c0d
/Users/mic/Downloads/20250930/sh603596.csv,sh603596.csv,sh,603596,2018-04-27,2025-09-30,1806,179143,True,utf-8,322bd9b59a613a0652340571c0068db839dba448553673c7c2456ec9546158d4
/Users/mic/Downloads/20250930/sz000869.csv,sz000869.csv,sz,000869,2000-10-26,2025-09-30,5990,575252,True,utf-8,1bd82fb1783c65e584aad41fff0496bd55ecbccab52dff1b11c9589dde080895
/Users/mic/Downloads/20250930/sz002918.csv,sz002918.csv,sz,002918,2017-12-19,2025-09-30,1891,185358,True,utf-8,ceaae44088bd0be30718f531e1f9395f9b182b14b234069e4eea668065c7d278
/Users/mic/Downloads/20250930/sz301517.csv,sz301517.csv,sz,301517,2023-10-17,2025-09-30,470,45757,True,utf-8,df836a0413e397821283938027befdfc683ff319efc3252148c9b92c819ca455
/Users/mic/Downloads/20250930/sz300609.csv,sz300609.csv,sz,300609,2017-02-15,2025-09-30,2097,205732,True,utf-8,ec2689b1e87dabf4c847651a4566d087c90df8abf1cc8d1ccb13d82f8a754532
/Users/mic/Downloads/20250930/sz301503.csv,sz301503.csv,sz,301503,2023-07-17,2025-09-30,539,49725,True,utf-8,60a57e90368bc5a4d63ca553d1fa471130e9bf1a8f00942d5b3901b3ae7d0a6f
/Users/mic/Downloads/20250930/sh600935.csv,sh600935.csv,sh,600935,2021-11-26,2025-09-30,935,89842,True,utf-8,5b6044e176547d24625c05eefef743f6de8916eda708ed16cb12bcb1cf82db33
/Users/mic/Downloads/20250930/bj831526.csv,bj831526.csv,bj,831526,2022-12-22,2025-09-30,671,63821,True,utf-8,b8197267e63ccbe80ba705f9658dde2eda4b0c9a06be30721eea6f6bd798c7f2
/Users/mic/Downloads/20250930/sz301265.csv,sz301265.csv,sz,301265,2022-12-16,2025-09-30,678,65897,True,utf-8,a1e5d681de9e4becd829054764232fea2cb2ec9755aee4e67612c3156c190cde
/Users/mic/Downloads/20250930/sh605118.csv,sh605118.csv,sh,605118,2020-07-30,2025-09-30,1257,122583,True,utf-8,66590b1ef778a15ae7db024f5e26f9d930c6130b5396232e7ddcbb4767482303
/Users/mic/Downloads/20250930/sh603569.csv,sh603569.csv,sh,603569,2016-08-10,2025-09-30,2222,212871,True,utf-8,7b06e91601928dce55c66049833c90e92f6116abb9d6829314436f27c79e7f80
/Users/mic/Downloads/20250930/sh600060.csv,sh600060.csv,sh,600060,1997-04-22,2025-09-30,6835,660954,True,utf-8,93de5b0ecb375fecf96ff8f0cb898df42b2e240d6ff17cb752ac9c9822822001
/Users/mic/Downloads/20250930/sz300190.csv,sz300190.csv,sz,300190,2011-03-16,2025-09-30,3311,317197,True,utf-8,856771f10ecfad1e497057b577e8e1091b86767ccaac7abb971b3c00de4261fa
/Users/mic/Downloads/20250930/sz002059.csv,sz002059.csv,sz,002059,2006-08-10,2025-09-30,4294,406003,True,utf-8,141515f7070e8af71f4c5c9edb95e34a3e8734b78b818479e7df68ea1d49769b
/Users/mic/Downloads/20250930/sh600706.csv,sh600706.csv,sh,600706,1996-05-16,2025-09-30,6984,668697,True,utf-8,893273b5ff7d33d70e11b76580d2bfa03b2581e23c132e93ecaef0e55ab4b9ec
/Users/mic/Downloads/20250930/bj871857.csv,bj871857.csv,bj,871857,2022-02-28,2025-09-30,875,81973,True,utf-8,6063175c77bb21dc37cdafd3683f6bb2e6e3109e939b5aa2f2fbf15b0133c6ea
/Users/mic/Downloads/20250930/sz001236.csv,sz001236.csv,sz,001236,2022-08-05,2025-09-30,767,74957,True,utf-8,bb89ea00f72f23d76a52fc05762600970f97952507b34fdb5ee0641c206a639a
/Users/mic/Downloads/20250930/sh688228.csv,sh688228.csv,sh,688228,2020-03-27,2025-09-30,1330,128741,True,utf-8,aff0d3ae6fad990bed8a678982871d4540c17921c6259f74c4575f2ed2d28c87
/Users/mic/Downloads/20250930/bj872392.csv,bj872392.csv,bj,872392,2022-12-30,2025-09-30,668,62022,True,utf-8,6df7ad05ca363b79f4d4fbf0c21bed781948cfe5d63c3c82b756dd617e46aded
/Users/mic/Downloads/20250930/sz001222.csv,sz001222.csv,sz,001222,2022-08-18,2025-09-30,758,73441,True,utf-8,b0f117ee329e7b650b6848458548f12559b81b85f9a5979bcbe2acecae659f66
/Users/mic/Downloads/20250930/sh600712.csv,sh600712.csv,sh,600712,1996-06-26,2025-09-30,7002,652339,True,utf-8,cc15474c6d25b3110f28714758bda45cab9c3a15371ca750341a6d664011b4d9
/Users/mic/Downloads/20250930/sz300184.csv,sz300184.csv,sz,300184,2011-02-22,2025-09-30,3213,306443,True,utf-8,772c12cd2aab0748530fe71a188b84782030d228a9036a08970dbd7f3fd3f007
/Users/mic/Downloads/20250930/sz000882.csv,sz000882.csv,sz,000882,1998-06-16,2025-09-30,6415,608795,True,utf-8,85a91c2841e302d3f5d11de9d2166d315f3677d08f01f9e8c41c5df5ccff2f6c
/Users/mic/Downloads/20250930/sz002065.csv,sz002065.csv,sz,002065,2006-08-23,2025-09-30,4274,417615,True,utf-8,31342b5c2964110d80921635d699f5fe51b67c79207c61432cf9080e95e041e7
/Users/mic/Downloads/20250930/sh688566.csv,sh688566.csv,sh,688566,2020-05-18,2025-09-30,1308,127331,True,utf-8,1408ef43b17f910dfe68463ed11d6935ec2922999b74190812ccbe3954c6b41b
/Users/mic/Downloads/20250930/sz000672.csv,sz000672.csv,sz,000672,1996-12-18,2025-09-30,5314,505154,True,utf-8,a319f543321dda4c2be4317006873c5cf3232f0f4590d968d2cca27d4417c1e8
/Users/mic/Downloads/20250930/sh603233.csv,sh603233.csv,sh,603233,2017-07-31,2025-09-30,1987,198234,True,utf-8,ff163c25304a99931d776b81df39f80ecc31665dff00258856764dd61432bd20
/Users/mic/Downloads/20250930/sh688200.csv,sh688200.csv,sh,688200,2020-02-18,2025-09-30,1368,138865,True,utf-8,b9a4f6dec482a3ffa537348caa45b2e505e81fa866b450425769e3c6bb0a3c20
/Users/mic/Downloads/20250930/sz002703.csv,sz002703.csv,sz,002703,2012-11-02,2025-09-30,2976,285903,True,utf-8,0afe2df1aca2c104e9c61422d8bd31c7c0d97e4252ae18cb41c1e77551376a21
/Users/mic/Downloads/20250930/sz300812.csv,sz300812.csv,sz,300812,2020-01-09,2025-09-30,1390,136866,True,utf-8,b627d36e6c82c34f5226edd819e47c496e49f16ad389b0ed84b8e33a4a053bb9
/Users/mic/Downloads/20250930/sz002717.csv,sz002717.csv,sz,002717,2014-02-19,2025-09-30,2663,257393,True,utf-8,c177a3e784ba11306e5ef441889f84771343f02cac285557285481dcb3c8c646
/Users/mic/Downloads/20250930/sz300806.csv,sz300806.csv,sz,300806,2019-11-25,2025-09-30,1422,139756,True,utf-8,7f338d13b459ba8d56ca997bc60e071ed2133c69418eff249b05b64b99437741
/Users/mic/Downloads/20250930/sz000100.csv,sz000100.csv,sz,000100,2004-01-30,2025-09-30,4916,483969,True,utf-8,05e3393bb4bfb1dbdfb49faf33f8e458ad48e57cdf40991e455ac056abd9e802
/Users/mic/Downloads/20250930/sh603227.csv,sh603227.csv,sh,603227,2015-05-15,2025-09-30,2468,237086,True,utf-8,c7ef44ff727c4cf3a32d8a731553506bbaaaf31e78f5d5c0bc8413a1e9c9b911
/Users/mic/Downloads/20250930/sh600048.csv,sh600048.csv,sh,600048,2006-07-31,2025-09-30,4637,462389,True,utf-8,569dffc0f1f5f72a760c41a41aa22166339fd337abbc37b5aaa632dc113ad1df
/Users/mic/Downloads/20250930/sz301339.csv,sz301339.csv,sz,301339,2022-09-09,2025-09-30,742,73972,True,utf-8,64ef50fed7c0deb0d77c39e823e2cda7234718bf1f6b1106158db9e3263d9bd4
/Users/mic/Downloads/20250930/sz300027.csv,sz300027.csv,sz,300027,2009-10-30,2025-09-30,3675,358979,True,utf-8,ab04fae2ae3ca463cb1d56c34109aba132ec50d064ee8b2c072326efb4543a2a
/Users/mic/Downloads/20250930/sz000921.csv,sz000921.csv,sz,000921,1999-07-13,2025-09-30,5950,572556,True,utf-8,65637d5f8162ec1132a888076557e87af350738260f459a0ff4784d78acb4f54
/Users/mic/Downloads/20250930/sz300741.csv,sz300741.csv,sz,300741,2018-03-01,2025-09-30,1845,181705,True,utf-8,c48af68541d89b259e106972f8918e84c7d6b6fd3623e2be5495a117202542a2
/Users/mic/Downloads/20250930/sz002688.csv,sz002688.csv,sz,002688,2012-07-13,2025-09-30,3133,298783,True,utf-8,b7a7ca8df8d62f74a191a51ff73c85146b316cc215b7b806721dc3ed1bf8e9e4
/Users/mic/Downloads/20250930/sh600869.csv,sh600869.csv,sh,600869,1995-02-06,2025-09-30,7252,669973,True,utf-8,d6e508507bd8c8f286af0411f5ef7ba9489df1143acb62867d2c91fd46f89a98
/Users/mic/Downloads/20250930/sz300999.csv,sz300999.csv,sz,300999,2020-10-15,2025-09-30,1208,121081,True,utf-8,f65d395e067092ae5eb9fe1618b83e1333547e001450babb90562959fad58064
/Users/mic/Downloads/20250930/sz002850.csv,sz002850.csv,sz,002850,2017-03-02,2025-09-30,2089,208410,True,utf-8,cb9bd551906733142ab9f276a3f6742ad0e5215c2010726d6b07e3c2114b8017
/Users/mic/Downloads/20250930/sz300755.csv,sz300755.csv,sz,300755,2019-01-29,2025-09-30,1620,161732,True,utf-8,0a2105e3abc1916128e5b24333d549571d97f0b03fa852bc27e196994ebb970b
/Users/mic/Downloads/20250930/sz001395.csv,sz001395.csv,sz,001395,2025-01-27,2025-09-30,166,16137,True,utf-8,b189fd780527b083c93c41b5abcf1a3d504909f7ce05948c2d64f37a0edc837d
/Users/mic/Downloads/20250930/sz000935.csv,sz000935.csv,sz,000935,1999-08-24,2025-09-30,5897,567243,True,utf-8,abd074da0c0d041ee686e2abfb51abe1de56765dccf7678ffe12b37f2734f822
/Users/mic/Downloads/20250930/sz300033.csv,sz300033.csv,sz,300033,2009-12-25,2025-09-30,3811,378648,True,utf-8,93fc33dc2032e29ab5254008c0dff4a437280e658bd28e01f0007785899b6219
/Users/mic/Downloads/20250930/sz301305.csv,sz301305.csv,sz,301305,2023-05-23,2025-09-30,576,56553,True,utf-8,85e38c2234b69059aa2ad200d58bcb546557b1c6b4de2f6515cf619370316c7f
/Users/mic/Downloads/20250930/sh600855.csv,sh600855.csv,sh,600855,1994-04-25,2025-09-30,7012,676762,True,utf-8,19c173e71c65260f5bbe3e850c10d00ceced1f08a25773ad299a96349ef9a931
/Users/mic/Downloads/20250930/sh603390.csv,sh603390.csv,sh,603390,2019-11-25,2025-09-30,1422,136284,True,utf-8,75e4953d3f961de4ad14c8afd7ee648ad51789b1b0086f02b1743c0254200930
/Users/mic/Downloads/20250930/bj833523.csv,bj833523.csv,bj,833523,2016-06-29,2025-09-30,1227,118117,True,utf-8,4abbf44ee7b1b82e4bcee412824efe6ad7d13dbcf41de27debac1449768e4643
/Users/mic/Downloads/20250930/sz300769.csv,sz300769.csv,sz,300769,2019-04-15,2025-09-30,1572,156960,True,utf-8,f69a2e901c068deddf2ca698d559a3d054ff0747548e86d0ccdcec7e2f67ccae
/Users/mic/Downloads/20250930/sh600841.csv,sh600841.csv,sh,600841,1994-03-11,2025-09-30,7492,714061,True,utf-8,e12624d04f067679e2159ac1330f02128beb5c62d5a443ee90955125a53839c5
/Users/mic/Downloads/20250930/sh600699.csv,sh600699.csv,sh,600699,1993-12-06,2025-09-30,7262,706957,True,utf-8,591b48e142f1b5f6f8f373c19cb7e0f8fd75d5162ef67dcffc55986dca88b9e4
/Users/mic/Downloads/20250930/sz002878.csv,sz002878.csv,sz,002878,2017-06-06,2025-09-30,2022,198541,True,utf-8,40c6886c8804d532df2f55e22da739e1903ccb6491e89fb87a7b5e83efa2fbe9
/Users/mic/Downloads/20250930/sz301311.csv,sz301311.csv,sz,301311,2022-11-30,2025-09-30,690,66791,True,utf-8,bf8f69950bfe6d88c141a69207aca370747fc035ca93595881c128682482fb28
/Users/mic/Downloads/20250930/bj837023.csv,bj837023.csv,bj,837023,2024-03-29,2025-09-30,368,35174,True,utf-8,f7f670e54f486ce494daebf9cf630b56533fe6bb9e99a51671b7394d47da9945
/Users/mic/Downloads/20250930/sz000909.csv,sz000909.csv,sz,000909,1999-05-07,2025-09-30,6332,595727,True,utf-8,0f304d87fe7e3bcce1009b4882f72dc82922634d585b9466ee9fa09307717089
/Users/mic/Downloads/20250930/sh600114.csv,sh600114.csv,sh,600114,2004-05-11,2025-09-30,5134,490601,True,utf-8,cf220080948962c80f9251d2573f751526bebe21e41c9b4e957a9e269def58a4
/Users/mic/Downloads/20250930/sz002893.csv,sz002893.csv,sz,002893,2017-09-15,2025-09-30,1946,186387,True,utf-8,9a25225a03a5456247b7368d13a4857c75f92338e5b590e0499d835491438da3
/Users/mic/Downloads/20250930/sz300782.csv,sz300782.csv,sz,300782,2019-06-18,2025-09-30,1530,153485,True,utf-8,3e14074de0f14d62b8fc654779a36c8fe1b394b9f66372ef1a594df8b94aad26
/Users/mic/Downloads/20250930/sh688348.csv,sh688348.csv,sh,688348,2022-06-08,2025-09-30,809,80285,True,utf-8,3891599c0f17b6274a5bac6c4b60835581b94454f408b2b8a60797c0c4d6887e
/Users/mic/Downloads/20250930/sz001356.csv,sz001356.csv,sz,001356,2025-01-23,2025-09-30,168,16667,True,utf-8,48e8ccec2598ef27a3d96eb778fcdefe9728f1fe619c6312422de8744fbfc2f0
/Users/mic/Downloads/20250930/sz000048.csv,sz000048.csv,sz,000048,1994-11-01,2025-09-30,7251,699903,True,utf-8,ea06ee5d483a598592706edd60749404fe3ea89f0a654be4348fdb05be8a109b
/Users/mic/Downloads/20250930/sz301488.csv,sz301488.csv,sz,301488,2023-07-04,2025-09-30,548,54297,True,utf-8,96c23fd7a919d05a01cee3acaaffa2a7fccbf885fece655d7989aa6d838ba2f5
/Users/mic/Downloads/20250930/sz002887.csv,sz002887.csv,sz,002887,2017-08-01,2025-09-30,1986,187898,True,utf-8,cd6bb8504e4e644511202b761978381ae56bf02be729cfa378887cc65bce863f
/Users/mic/Downloads/20250930/sh600666.csv,sh600666.csv,sh,600666,1993-07-12,2025-09-30,7324,695064,True,utf-8,94dce38a36db5078ef4a40f1b399d3fab2dce049f0ce5181ea51ffdec793ca2a
/Users/mic/Downloads/20250930/sz300796.csv,sz300796.csv,sz,300796,2019-11-15,2025-09-30,1428,136564,True,utf-8,3c5b6a2588030fbbc90fa1fb82cc2e49c5110c277fc9a49ae010aa0b4d757064
/Users/mic/Downloads/20250930/sz002139.csv,sz002139.csv,sz,002139,2007-06-29,2025-09-30,4390,422433,True,utf-8,cb4ed52b05e3ae773db61da35f826d0e9d8709a6e24f8a7b59bb527c014b3ca3
/Users/mic/Downloads/20250930/sh600100.csv,sh600100.csv,sh,600100,1997-06-27,2025-09-30,6621,642568,True,utf-8,3b6650232e7a3f9e43011c295a1cb6f5e9aecef564f021cbb78194221f018faa
/Users/mic/Downloads/20250930/sh603409.csv,sh603409.csv,sh,603409,2025-03-04,2025-09-30,146,14168,True,utf-8,3c09a4137f19d0e452142e0fbdc35b7c8eabf49a76c7ac7d482b5a74021a6b25
/Users/mic/Downloads/20250930/sz002111.csv,sz002111.csv,sz,002111,2007-01-26,2025-09-30,4422,424167,True,utf-8,2d18670d8539130ca82597fa9d5489ddf42d78c787056fc5e627b32f04d5fc1c
/Users/mic/Downloads/20250930/sh601236.csv,sh601236.csv,sh,601236,2019-07-05,2025-09-30,1511,150887,True,utf-8,8009cee9d2635dd5d2f54593a78ab5c3fee69630213a1540bc1e521d2472b36d
/Users/mic/Downloads/20250930/sh600128.csv,sh600128.csv,sh,600128,1997-09-01,2025-09-30,6728,637166,True,utf-8,943397d92b5aa4ac838a0abe91c732fa7bbb3bf27b2744d56b7e2f35250d9e90
/Users/mic/Downloads/20250930/sh603421.csv,sh603421.csv,sh,603421,2016-10-11,2025-09-30,2185,210052,True,utf-8,fbc5c08f3260b9a3feb3cc4c00d87b3092f647413d0dca52c13cbe7f104c956c
/Users/mic/Downloads/20250930/sh605050.csv,sh605050.csv,sh,605050,2020-09-24,2025-09-30,1217,117061,True,utf-8,746229ee62b46580bdf26c1647fd1def6f75cd84757d37447a4b6eaf8eea25f1
/Users/mic/Downloads/20250930/bj835185.csv,bj835185.csv,bj,835185,2016-01-27,2025-09-30,2264,221924,True,utf-8,dfeb2b0b09365ef728ae6f9aed716191dd53991e32c5d75b3cb649b1901dba2d
/Users/mic/Downloads/20250930/sz000060.csv,sz000060.csv,sz,000060,1997-01-23,2025-09-30,6864,663369,True,utf-8,56075fecf7bfb6b8423fd3848458f0a6a90dc820613eee7643c6e8a5b70ab997
/Users/mic/Downloads/20250930/sz300966.csv,sz300966.csv,sz,300966,2021-04-09,2025-09-30,1089,105756,True,utf-8,df50cd72f1d7a6fa69f64556efb4751ceed37dc85cb685412d88b5e61968e0a8
/Users/mic/Downloads/20250930/sz002677.csv,sz002677.csv,sz,002677,2012-05-25,2025-09-30,3182,298393,True,utf-8,c5bda6ccdfb9b83cddb999f3c09f157925ff9bcb7a037e1e40acf407b55db7f9
/Users/mic/Downloads/20250930/sz300972.csv,sz300972.csv,sz,300972,2021-04-19,2025-09-30,1083,106323,True,utf-8,ca0bd87e65974292963ecbbe923b9e3e7fe0c6e2677a688effb2c34f738725b1
/Users/mic/Downloads/20250930/sh600882.csv,sh600882.csv,sh,600882,1995-12-06,2025-09-30,6915,664357,True,utf-8,ecaafdc6ba86073ff48e4caf6306f9ea269eda7ed5a293f19d5ffeab281e2ad1
/Users/mic/Downloads/20250930/sz002663.csv,sz002663.csv,sz,002663,2012-03-16,2025-09-30,3063,293990,True,utf-8,4ad187a6658d35804a455318c3657bad4ed09735a8964b5dba3b911592160b1e
/Users/mic/Downloads/20250930/sh688360.csv,sh688360.csv,sh,688360,2020-06-02,2025-09-30,1287,125322,True,utf-8,ca2bfb56fe0df40fb0a1281ad684b789341c31a74dbca34333d6091f9fa26b79
/Users/mic/Downloads/20250930/sh603353.csv,sh603353.csv,sh,603353,2020-04-07,2025-09-30,1334,130211,True,utf-8,ac8997b02347bf13de556f8a6e18c2ca7f6c2260db029dc6156cb2a27e6e82b7
/Users/mic/Downloads/20250930/sz000712.csv,sz000712.csv,sz,000712,1997-04-15,2025-09-30,6534,630610,True,utf-8,ee5c7c6bcee0260dca97c061e6a9ea9bed36dc1cecd611a7a5a601c385c5dd3c
/Users/mic/Downloads/20250930/sz002105.csv,sz002105.csv,sz,002105,2007-01-12,2025-09-30,4521,426641,True,utf-8,ff1db56c7cdb898779e75cb11106529df5b4b8e21dd05cb307b4566f89c4cce6
/Users/mic/Downloads/20250930/sh601222.csv,sh601222.csv,sh,601222,2011-08-08,2025-09-30,3421,329902,True,utf-8,ad953b4ca2c546f2fbed0c65d3a94987d8b678ca92064d8c9d687786c178cd3b
/Users/mic/Downloads/20250930/sh601975.csv,sh601975.csv,sh,601975,2019-01-08,2025-09-30,1634,160807,True,utf-8,4c36aeb02e011a1d7fae2f8b82885e1251973c8c3ab5858562d5e5ccbd34255d
/Users/mic/Downloads/20250930/sz300543.csv,sz300543.csv,sz,300543,2016-09-08,2025-09-30,2119,203753,True,utf-8,ecd6bd9f8fd65085e466b3960091d7ec4aa12c142d3a6ae237c130e51d2804ce
/Users/mic/Downloads/20250930/sh688189.csv,sh688189.csv,sh,688189,2020-03-26,2025-09-30,1331,127530,True,utf-8,05b22995258718440fa1a3eea3f050656513dbacbbcd3dcd11929ad7d3066434
/Users/mic/Downloads/20250930/bj920007.csv,bj920007.csv,bj,920007,2025-08-08,2025-09-30,38,3721,True,utf-8,9b3049c7f4ab67cdae4c0ff3c4e91f6b534394aa4e715461c170d80a9be0580c
/Users/mic/Downloads/20250930/sz300225.csv,sz300225.csv,sz,300225,2011-05-31,2025-09-30,3273,314391,True,utf-8,70f94ab39dddfb28d63b6e46a7d9e0ffc719f13b9d012acd89f22d57e1564f22
/Users/mic/Downloads/20250930/sz300231.csv,sz300231.csv,sz,300231,2011-06-15,2025-09-30,3461,330039,True,utf-8,536e23968df6f58aabf4b0739fea6fc9ce2246f7ad127fd108682004a7c59f0f
/Users/mic/Downloads/20250930/sh603810.csv,sh603810.csv,sh,603810,2018-09-17,2025-09-30,1706,163386,True,utf-8,76f5e522582d5b44ac819030d8b2fb0659231bbd2dfa31ce6bcbb3c8d6db3a6b
/Users/mic/Downloads/20250930/bj873339.csv,bj873339.csv,bj,873339,2022-11-17,2025-09-30,699,65172,True,utf-8,010fef262ba0984ebd056c6554bbe7a77e50175202c526d8d28249cbe0633dfe
/Users/mic/Downloads/20250930/sz300557.csv,sz300557.csv,sz,300557,2016-11-01,2025-09-30,2170,209347,True,utf-8,4e736caa55d6163e80f055b2dc6da56005b281202bb0b8b0513fd48bbfced470
/Users/mic/Downloads/20250930/sh603186.csv,sh603186.csv,sh,603186,2017-01-03,2025-09-30,2126,208485,True,utf-8,86fc92c133f903f51eb84cfdb2497abd1eb9ddebedc205f115aa2b1630613839
/Users/mic/Downloads/20250930/sh601949.csv,sh601949.csv,sh,601949,2017-08-21,2025-09-30,1972,190543,True,utf-8,28e8293414c47467bc1d9e933ba96da59e311ca65e07ee0c3d263270b63eea6a
/Users/mic/Downloads/20250930/sz300219.csv,sz300219.csv,sz,300219,2011-05-18,2025-09-30,3268,312556,True,utf-8,e37739cd1050966ce2b64e3663e914a621f290d080d83e4cfa6bb8ac2bc74094
/Users/mic/Downloads/20250930/sz301107.csv,sz301107.csv,sz,301107,2022-05-24,2025-09-30,819,81916,True,utf-8,2d5b8980b8c436f2a83bfd135e93b94aee0d796ef5d077132b385b5134b38b39
/Users/mic/Downloads/20250930/sh603838.csv,sh603838.csv,sh,603838,2015-07-01,2025-09-30,2190,207629,True,utf-8,03bd17a38e2232cd7f8ef257c861fc7a2adc9b478132bb62eab1e12bde6185f2
/Users/mic/Downloads/20250930/sz301113.csv,sz301113.csv,sz,301113,2021-12-22,2025-09-30,917,88944,True,utf-8,aaa97d50466db59cc9bd55f7da15dcfbef88714390011f15d30e022f98e9c46e
/Users/mic/Downloads/20250930/sh603192.csv,sh603192.csv,sh,603192,2018-08-28,2025-09-30,1722,173489,True,utf-8,b2190663dad68d0d2929dae04d1484295a69b6737eb5ac252887fcf94792d9a1
/Users/mic/Downloads/20250930/bj873305.csv,bj873305.csv,bj,873305,2022-12-21,2025-09-30,675,65223,True,utf-8,28a455794558d5105004916dd71bcefe7a33d33e51fefe12e1ddda7e8e73dbff
/Users/mic/Downloads/20250930/sh603179.csv,sh603179.csv,sh,603179,2017-03-17,2025-09-30,2078,205072,True,utf-8,1672382d409897fcf341fa335e3d92127a7f47d3c71b89ec4161ad439121c69f
/Users/mic/Downloads/20250930/sz002449.csv,sz002449.csv,sz,002449,2010-07-16,2025-09-30,3642,357056,True,utf-8,b94168971a68d87b7441b6644e16f91817c3069a7b1790450216fcac1d3a0b42
/Users/mic/Downloads/20250930/sz300580.csv,sz300580.csv,sz,300580,2017-01-11,2025-09-30,2012,193183,True,utf-8,78d1520d058077b660f877d6bad905644453af24a842ea28f0adf71214cd8298
/Users/mic/Downloads/20250930/sh600470.csv,sh600470.csv,sh,600470,2004-03-05,2025-09-30,5192,487128,True,utf-8,1b2c048728ad79ca52b416163ecbd9cf0125a29b27ab07dd55c90633724fe596
/Users/mic/Downloads/20250930/sz003031.csv,sz003031.csv,sz,003031,2021-01-04,2025-09-30,1142,112663,True,utf-8,536fee4ca162348581f926b0886ac7be4896eaa2ad372fca38fab25f71330024
/Users/mic/Downloads/20250930/sh600316.csv,sh600316.csv,sh,600316,2000-12-15,2025-09-30,5880,572960,True,utf-8,850bcef98b9c941a46debb730b1d666c4aa9a6d8444fa9107267657a0977a4f6
/Users/mic/Downloads/20250930/sh601008.csv,sh601008.csv,sh,601008,2007-04-26,2025-09-30,4464,425632,True,utf-8,bc65d8330d070253d983b69bf08cb77cf8ca23931593cf089a7e513751f9c36f
/Users/mic/Downloads/20250930/sz000538.csv,sz000538.csv,sz,000538,1993-12-15,2025-09-30,7481,725067,True,utf-8,6fb9c5b4f586adcdd0066bb1b579482dd5d02834efe36d1a3506fd0830c9e7d4
/Users/mic/Downloads/20250930/sh688638.csv,sh688638.csv,sh,688638,2023-07-12,2025-09-30,542,52044,True,utf-8,a8aa3a6ada2241b80e27161c906bc82f03c3b2a35da262a6172e245530ac115c
/Users/mic/Downloads/20250930/sz003025.csv,sz003025.csv,sz,003025,2020-12-11,2025-09-30,1167,112967,True,utf-8,af479c877a02023ad84c8d7405277a5301c8fbf5c35cc22bc2f5a1758102df71
/Users/mic/Downloads/20250930/sh600302.csv,sh600302.csv,sh,600302,2000-12-13,2025-09-30,5940,559945,True,utf-8,0684874f601a66325ffc6a405fcb86441343e1ee53d69f8981f0dae5e32237a8
/Users/mic/Downloads/20250930/sz300594.csv,sz300594.csv,sz,300594,2019-06-21,2025-09-30,1527,148084,True,utf-8,c25ab4e1450c60f475b5e06fa9f525fa846008d5af972a5f588949c535c3c587
/Users/mic/Downloads/20250930/sz002475.csv,sz002475.csv,sz,002475,2010-09-15,2025-09-30,3626,360390,True,utf-8,ab2f3432cbef6acaa3782b37d3c59247a78288265af3f559db8ce3248efb66c3
/Users/mic/Downloads/20250930/sh688176.csv,sh688176.csv,sh,688176,2022-01-07,2025-09-30,906,87944,True,utf-8,1e97a3d9bfaba0d34f129ea24b6ddc6d602f103429055284298e081574aa5070
/Users/mic/Downloads/20250930/sh688610.csv,sh688610.csv,sh,688610,2023-07-19,2025-09-30,537,53275,True,utf-8,ec71eb3525ec6b58d876192e739598c6b43a6725644272d709f7d673b69dc88b
/Users/mic/Downloads/20250930/sz000504.csv,sz000504.csv,sz,000504,1992-12-08,2025-09-30,7366,698390,True,utf-8,22bea8de7e974460cff82cd3bb0801d7c147442b306cc37605c8dbb28c854a23
/Users/mic/Downloads/20250930/sz002313.csv,sz002313.csv,sz,002313,2009-12-03,2025-09-30,3705,354801,True,utf-8,1ea81b7c087c44b66936cb4126a876d8ce56a79a53b95222883c86a7688a24a4
/Users/mic/Downloads/20250930/sz003019.csv,sz003019.csv,sz,003019,2020-11-17,2025-09-30,1185,115951,True,utf-8,445301f012a8ef66f9fc4394cf9bafdf9ec2016e40b0650dd6a4dc9a3b49c755
/Users/mic/Downloads/20250930/sh601020.csv,sh601020.csv,sh,601020,2016-03-16,2025-09-30,2310,225933,True,utf-8,b7d038e2b75112fc9030ffb61fe10ef4f7f67748e02560fc74450938aa2364bb
/Users/mic/Downloads/20250930/sz002307.csv,sz002307.csv,sz,002307,2009-11-11,2025-09-30,3830,365424,True,utf-8,d1fa39b6ded1dd150ed004cfd04bccc2ee3e17f2c3afd140906cbdbb794074b5
/Users/mic/Downloads/20250930/sh603637.csv,sh603637.csv,sh,603637,2017-02-08,2025-09-30,2103,200159,True,utf-8,c1d438f97739913a9e8f4feb02848a9e5b8d43dfcb13bef6609f8afc5943842f
/Users/mic/Downloads/20250930/sz000510.csv,sz000510.csv,sz,000510,1993-05-07,2025-09-30,7662,724531,True,utf-8,64ac27e28089534076ba059579095cd75ba927fb555ffa19acfab9eaf7b7e3ca
/Users/mic/Downloads/20250930/sh603151.csv,sh603151.csv,sh,603151,2022-10-19,2025-09-30,713,68703,True,utf-8,49755eebecf9a46a80bee58625bcbbcd489499a10dd0bd9e55d65399740e5de7
/Users/mic/Downloads/20250930/sh688162.csv,sh688162.csv,sh,688162,2021-11-10,2025-09-30,947,94888,True,utf-8,3248eeba890bd3c052151aca551928c4e85252c7f202dea2abb5011007c77e0e
/Users/mic/Downloads/20250930/sz002461.csv,sz002461.csv,sz,002461,2010-08-18,2025-09-30,3622,346646,True,utf-8,944a3296682ac7e7af3c0a44a9aa05cdeb98ec43168b1688404bcb57f0cd613c
/Users/mic/Downloads/20250930/sh600458.csv,sh600458.csv,sh,600458,2002-12-19,2025-09-30,5353,512705,True,utf-8,28e91d4731ab2da8fcd1cdfbe030ea112b84fff48eb70980a55209ef16f806a0
/Users/mic/Downloads/20250930/sh603169.csv,sh603169.csv,sh,603169,2014-10-09,2025-09-30,2576,250869,True,utf-8,6874e92ef8ed9526c9191ade6553ac59a782e386d07f2bc703a849bdc7cf142e
/Users/mic/Downloads/20250930/sh600460.csv,sh600460.csv,sh,600460,2003-03-11,2025-09-30,5352,518901,True,utf-8,05eb034f8f02f8e1a958b8ccbbbc4d108224cab2621faaaee80e827cdfc70bf7
/Users/mic/Downloads/20250930/sz002459.csv,sz002459.csv,sz,002459,2010-08-10,2025-09-30,3589,350587,True,utf-8,9d2d81f6c4ec57570cee3a78e1245fbd4e58c147566eadefd23dae96c9eb9f5a
/Users/mic/Downloads/20250930/sz300590.csv,sz300590.csv,sz,300590,2017-01-11,2025-09-30,2016,197418,True,utf-8,054cd892d569c0b805b37755d2a5e7e55ae4e2155f56fb9543a6db2c5addbae3
/Users/mic/Downloads/20250930/sh601018.csv,sh601018.csv,sh,601018,2010-09-28,2025-09-30,3509,339550,True,utf-8,162bfc9d95f4719f2ab38f3cc08d0e893a2263381f3ebaa82739e4cdf9d3a584
/Users/mic/Downloads/20250930/sz003021.csv,sz003021.csv,sz,003021,2020-12-04,2025-09-30,1172,115698,True,utf-8,b9b8b4e51dbb5f21dc2fcd5f3dd28eedd61ed19fafe010b118ca916d2d425be6
/Users/mic/Downloads/20250930/sz000528.csv,sz000528.csv,sz,000528,1993-11-18,2025-09-30,7654,734470,True,utf-8,ef060c2f64936fd59a23ae8ef9120e43ec8db896663661babc9d95eeb3e2e573
/Users/mic/Downloads/20250930/sh688628.csv,sh688628.csv,sh,688628,2021-02-01,2025-09-30,1132,110941,True,utf-8,54aff5045e37e5c21b4e4886f020267645434b15acf1df5a80893f26f8ea4e85
/Users/mic/Downloads/20250930/sz003035.csv,sz003035.csv,sz,003035,2021-01-19,2025-09-30,1141,110419,True,utf-8,4360e00d170867134cf16d64fddd1ab99e5ae114dfc7dbfd3eb8d683556d5a8b
/Users/mic/Downloads/20250930/sh600312.csv,sh600312.csv,sh,600312,2001-02-21,2025-09-30,5790,557206,True,utf-8,5fd317b43986d47e8da64e42e4f9942c955a3a0973ffff747d298e6e6f7e2183
/Users/mic/Downloads/20250930/sz300584.csv,sz300584.csv,sz,300584,2017-01-12,2025-09-30,2119,204838,True,utf-8,4f35b9b2f398cc7c9d4d504786bb4d2204b487ae389df7ebff0046a067dab14d
/Users/mic/Downloads/20250930/sz002465.csv,sz002465.csv,sz,002465,2010-08-31,2025-09-30,3517,345032,True,utf-8,f63564f7201bda1eb2eb6d1f8cefc87e38f6530b799fffccaac94f5ccbad4b6c
/Users/mic/Downloads/20250930/sh688166.csv,sh688166.csv,sh,688166,2019-11-08,2025-09-30,1433,142113,True,utf-8,fcc70c4b595250165be77eb9b39d2c2bf14647e0d7dea0fb70d1a7b6b519afc8
/Users/mic/Downloads/20250930/sh603155.csv,sh603155.csv,sh,603155,2020-09-01,2025-09-30,1234,120306,True,utf-8,24c4fdf65aae7586f34aa164378877936b2d5d7be23ff462831d0a153a5870de
/Users/mic/Downloads/20250930/sh603633.csv,sh603633.csv,sh,603633,2016-11-17,2025-09-30,2152,206008,True,utf-8,52bc738bb05ba07443278610409f0ac93b02d04cfefcce84eb638dbdb715faa9
/Users/mic/Downloads/20250930/sz000514.csv,sz000514.csv,sz,000514,1993-07-12,2025-09-30,7652,717915,True,utf-8,d032636aa5b2cf2ccb2b52c777a7224d1a691b9a31ce456265cbcdcc5c4837ed
/Users/mic/Downloads/20250930/sh688600.csv,sh688600.csv,sh,688600,2020-07-03,2025-09-30,1276,123915,True,utf-8,c2660a9f29025cd6e23a287f5c22f6635ec65ee3a91da21b166b7a6a70f3af59
/Users/mic/Downloads/20250930/sz002303.csv,sz002303.csv,sz,002303,2009-11-03,2025-09-30,3729,357017,True,utf-8,98be92f25bbc3dc2f71396fb9b46af4af2117b4daae15c363e7e293831f973b3
/Users/mic/Downloads/20250930/sz002317.csv,sz002317.csv,sz,002317,2009-12-11,2025-09-30,3769,363108,True,utf-8,705e5367e93594fb98d5d147ad8010baf84fac5d8a4532f3aa6035148a847acf
/Users/mic/Downloads/20250930/sz003009.csv,sz003009.csv,sz,003009,2020-09-25,2025-09-30,1216,119358,True,utf-8,ced1f6812bf5875038a81fecb8b55dd4598d887c212c215c922ece46349d15d5
/Users/mic/Downloads/20250930/sh688172.csv,sh688172.csv,sh,688172,2022-12-16,2025-09-30,678,68331,True,utf-8,3db2dd6e5e95c8c6c1dfadd0f671fbc175e1927d59be5c7d81038bb3cd5fc032
/Users/mic/Downloads/20250930/sh600448.csv,sh600448.csv,sh,600448,2001-09-03,2025-09-30,5706,537272,True,utf-8,c0e7082a27aad2801cd13fe911ba36f3e2868f6419c0ebcaa96783fc66824aa6
/Users/mic/Downloads/20250930/sz002471.csv,sz002471.csv,sz,002471,2010-09-10,2025-09-30,3539,337034,True,utf-8,0a11eec20b4cb5628fa35b64d867bfdec3c00de80ae903782e99fe987753cabf
/Users/mic/Downloads/20250930/sz300553.csv,sz300553.csv,sz,300553,2016-10-21,2025-09-30,2177,211860,True,utf-8,ece887454b5ae0eec63f6ae15b954c4e406ba5f81c3fbef5d7673765c5980222
/Users/mic/Downloads/20250930/sh601965.csv,sh601965.csv,sh,601965,2012-06-11,2025-09-30,3228,319692,True,utf-8,a5e6f6242ceaa6bbc9f9615a7ab83b6d35f41798bfc3fc558e9fb745fb2ecdf3
/Users/mic/Downloads/20250930/bj835368.csv,bj835368.csv,bj,835368,2016-12-22,2025-09-30,1597,157138,True,utf-8,21be1a81a26e347b28037d89d84fe6e5b5eea1cdf965ac3d6d77789a64782561
/Users/mic/Downloads/20250930/sh688199.csv,sh688199.csv,sh,688199,2019-11-05,2025-09-30,1436,140707,True,utf-8,6f7cb3f1af7193ae4ad9f273051e5d14ef86e9a31180f26383554442d7ca0694
/Users/mic/Downloads/20250930/sz300235.csv,sz300235.csv,sz,300235,2011-06-29,2025-09-30,3330,320866,True,utf-8,83fca3daab267a8a5d0e3b1da37fdb032ad3b07464b4306d29acc7239a1d283e
/Users/mic/Downloads/20250930/sz300221.csv,sz300221.csv,sz,300221,2011-05-25,2025-09-30,3409,322460,True,utf-8,9e0cf47eeb5d4d2eeaddeb3d2106fb5d358ebf83485b6bfc0b06032a32314bc7
/Users/mic/Downloads/20250930/sh603800.csv,sh603800.csv,sh,603800,2015-12-10,2025-09-30,2380,231346,True,utf-8,341248d068e0935969a7f4fe95ab3e3b290c4fc92f4aac5508fd35fb1e92def8
/Users/mic/Downloads/20250930/bj834062.csv,bj834062.csv,bj,834062,2022-07-13,2025-09-30,784,76832,True,utf-8,c06427f5c32f01772acfffaa59e1b40bf793f0a926eccfb51879c2162d9a63a5
/Users/mic/Downloads/20250930/sz300547.csv,sz300547.csv,sz,300547,2016-09-30,2025-09-30,2187,213164,True,utf-8,433d5d7ab6ca6cf1aac032ab7ef8eb39f65da06bc4e9fa60c398819da219a1ed
/Users/mic/Downloads/20250930/bj836675.csv,bj836675.csv,bj,836675,2018-01-16,2025-09-30,1224,113316,True,utf-8,16eb39e69b7fd0103735f7438fbea4bd590d679c857e451d06ab1e53db246373
/Users/mic/Downloads/20250930/sh603196.csv,sh603196.csv,sh,603196,2017-05-31,2025-09-30,2010,192206,True,utf-8,cc77a38c91e3133312e4216f4def32e09eadca4cb2ef41268e1a6d7f07658a40
/Users/mic/Downloads/20250930/bj838670.csv,bj838670.csv,bj,838670,2022-07-05,2025-09-30,790,75246,True,utf-8,d66d43a697fae15971553d2b3f30f67c852921499e5d0fa08683676cfcbb2ea4
/Users/mic/Downloads/20250930/sz301117.csv,sz301117.csv,sz,301117,2022-01-17,2025-09-30,900,87449,True,utf-8,bc3252abb913e921624f919fe1a1d9ccbf49f212e1f1889022963b0a927a0577
/Users/mic/Downloads/20250930/sz300209.csv,sz300209.csv,sz,300209,2011-04-26,2025-09-30,3178,299834,True,utf-8,76c800e703771459598a645fa380ce3e6e71d9a91a9ab1cee2659d624df1a398
/Users/mic/Downloads/20250930/sh603828.csv,sh603828.csv,sh,603828,2015-02-26,2025-09-30,2487,233745,True,utf-8,f348e408fbfdef14d8067ed9cdbf9d625a235e88ab636a7222c184a0b521f0a5
/Users/mic/Downloads/20250930/sz301103.csv,sz301103.csv,sz,301103,2022-03-22,2025-09-30,859,83393,True,utf-8,fb4c00263966352e442ad1913e4cc37b312dbfd2235b7e2146ba033fba5c2102
/Users/mic/Downloads/20250930/sz301665.csv,sz301665.csv,sz,301665,2025-04-11,2025-09-30,119,11638,True,utf-8,443fee0ee18f160957f0e3b943777f390f4ae5e1721698a78efe4833b4d9b1c6
/Users/mic/Downloads/20250930/sh603182.csv,sh603182.csv,sh,603182,2022-09-09,2025-09-30,742,71769,True,utf-8,b85ac97b20f338f72e15c84594bd6d4640d6756450afea0ad7296725c57657f9
/Users/mic/Downloads/20250930/sh600104.csv,sh600104.csv,sh,600104,1997-11-25,2025-09-30,6639,669169,True,utf-8,2c6880753188418ec3c5fbbe60bac496b42220c1a9a77b6fee94b3033764e1f9
/Users/mic/Downloads/20250930/sz300792.csv,sz300792.csv,sz,300792,2019-09-27,2025-09-30,1458,146390,True,utf-8,c5d794d817cd701884e33210343c5ff998452bb4ac0008116ce52c332b77c942
/Users/mic/Downloads/20250930/sh600662.csv,sh600662.csv,sh,600662,1993-06-14,2025-09-30,7717,732862,True,utf-8,096a88c19a6a7f732a37930507f8d2821961e993a205c12fa7a2c6189378be88
/Users/mic/Downloads/20250930/sz002883.csv,sz002883.csv,sz,002883,2017-06-20,2025-09-30,2001,193337,True,utf-8,73393b3c06ca4d55445e560f87175173ba04d1278122e7f45d5b4ea1e671cf14
/Users/mic/Downloads/20250930/sh688358.csv,sh688358.csv,sh,688358,2019-12-03,2025-09-30,1416,135039,True,utf-8,9cd63d33c3ff1f471eaf781a2d7dfb26f6add8f36ec260494a53545506632097
/Users/mic/Downloads/20250930/sz000058.csv,sz000058.csv,sz,000058,1996-12-26,2025-09-30,6447,611557,True,utf-8,ca3a6acd73bc46f11cc734962775119dd0c86ec62ae306cb7860ef040f3fe93b
/Users/mic/Downloads/20250930/sh601568.csv,sh601568.csv,sh,601568,2020-10-20,2025-09-30,1205,118870,True,utf-8,ca720b4894e20f79dcebc50fa01e9553e2433f241ca92d0027eea6e54298880f
/Users/mic/Downloads/20250930/sz300786.csv,sz300786.csv,sz,300786,2019-07-23,2025-09-30,1505,147041,True,utf-8,e5208a6545b3cd56bea5c93672ac4a4a1cae665261cded27fac8d8ed3cf2b01c
/Users/mic/Downloads/20250930/sh600676.csv,sh600676.csv,sh,600676,1993-09-28,2025-09-30,7665,716884,True,utf-8,44ed47343fd47c493c2381f19dbc8bc703c5147ff0e5f1095c95cc33394f83d5
/Users/mic/Downloads/20250930/sz301498.csv,sz301498.csv,sz,301498,2023-08-16,2025-09-30,517,52987,True,utf-8,26f0409d254e59bfb16b038d4d3c7e14df2239ee0a4bb35edfaf7e41d957e463
/Users/mic/Downloads/20250930/sz002897.csv,sz002897.csv,sz,002897,2017-09-07,2025-09-30,1959,192687,True,utf-8,2bd1145b03653a7b29c198d6662278e8c28ad436514a7133cf65cd5ab59db282
/Users/mic/Downloads/20250930/sh600110.csv,sh600110.csv,sh,600110,1997-10-07,2025-09-30,6405,616570,True,utf-8,f727ca3798ec2eddce4759ed84b7c64b300fccb869102a10be8b05dc6192f282
/Users/mic/Downloads/20250930/sz002129.csv,sz002129.csv,sz,002129,2007-04-20,2025-09-30,3940,385984,True,utf-8,dde66cc7f728a5b2e78d5bacfbc1d437ab804e8f25e955439d39c34f6db9e70d
/Users/mic/Downloads/20250930/sh605068.csv,sh605068.csv,sh,605068,2020-11-23,2025-09-30,1181,115200,True,utf-8,b7bd6f96f9c18777e8fa616150b8f2951c078f21d8e38daf960950a15cf58d75
/Users/mic/Downloads/20250930/sh600138.csv,sh600138.csv,sh,600138,1997-12-03,2025-09-30,6669,643614,True,utf-8,04f130b242c80e18bb9a87b8fe891e7843f48870513cb35ac2478159daefc5ea
/Users/mic/Downloads/20250930/sz002101.csv,sz002101.csv,sz,002101,2006-12-29,2025-09-30,4426,427780,True,utf-8,d4a303f1b219565e984a8088503b307b68645c4d7ef81f42444211273085f298
/Users/mic/Downloads/20250930/sh601226.csv,sh601226.csv,sh,601226,2014-12-11,2025-09-30,2628,252104,True,utf-8,64595cbfc55c60f4367b57d954faaed2854dabe68f334bc9047262d1e8422696
/Users/mic/Downloads/20250930/sz000716.csv,sz000716.csv,sz,000716,1997-04-18,2025-09-30,6290,598815,True,utf-8,1df747cb625233ce3bcef94b2926420b9353c16f9a383a4d22512e2a853b1d97
/Users/mic/Downloads/20250930/sh603357.csv,sh603357.csv,sh,603357,2017-08-01,2025-09-30,1986,190932,True,utf-8,9fc7d42035b4bf5c5f6715ced53bc6ff5a7b4ee2f16d7b5397db64d31aad498c
/Users/mic/Downloads/20250930/sz000070.csv,sz000070.csv,sz,000070,2000-05-11,2025-09-30,5905,560611,True,utf-8,6eaa6e85102a8b078fc47d894e7502443e28b32cf4d5051152cb08e843091737
/Users/mic/Downloads/20250930/sz002667.csv,sz002667.csv,sz,002667,2012-03-29,2025-09-30,3104,296390,True,utf-8,f4fe9c506b87d1f1e329074f0ce6d40508d9afca37f7c6d93e13770d08cf1ddf
/Users/mic/Downloads/20250930/sh600886.csv,sh600886.csv,sh,600886,1996-01-18,2025-09-30,6927,667563,True,utf-8,d54150b392c4c81c2c0a00dfea98f2028a20f8aca988007ad2df8cec072c6a56
/Users/mic/Downloads/20250930/sz300976.csv,sz300976.csv,sz,300976,2021-04-19,2025-09-30,1083,105817,True,utf-8,4ace7c738d9ebadf6e1be01b103a688588e4eff374d92beb0c0669689120c777
/Users/mic/Downloads/20250930/sz002673.csv,sz002673.csv,sz,002673,2012-05-03,2025-09-30,3244,316254,True,utf-8,051b01cb8df6d19fe8159a9d8165b20f4815b45e4c179999a3dc6404b9d5ceee
/Users/mic/Downloads/20250930/sh600892.csv,sh600892.csv,sh,600892,1996-03-15,2025-09-30,6733,624448,True,utf-8,4edd9f09123f0b5bd426ee280813e6dbb3a162578eb03953b8e31005dbefb963
/Users/mic/Downloads/20250930/sz300962.csv,sz300962.csv,sz,300962,2021-04-09,2025-09-30,1089,107716,True,utf-8,9ebe890faa2c98be2e2ce8c8733a692538096c568da29a2f61d1a98666f5ed39
/Users/mic/Downloads/20250930/sh688370.csv,sh688370.csv,sh,688370,2022-08-25,2025-09-30,753,72601,True,utf-8,e1e3752adceffd09b9f3f5513448cd7f65a4e2e364b4f2953c88f103acc6608a
/Users/mic/Downloads/20250930/sh688416.csv,sh688416.csv,sh,688416,2022-08-29,2025-09-30,751,72912,True,utf-8,63074c7b4497778fef22373d2186ab3d3e14d904ad4c648ae66f2e6d29c3249f
/Users/mic/Downloads/20250930/sz000702.csv,sz000702.csv,sz,000702,1997-03-18,2025-09-30,6865,669586,True,utf-8,47f6dab017c2ea40c20a995253ee615a46c908f2f32a2078dbc7af2da05c0339
/Users/mic/Downloads/20250930/sz002115.csv,sz002115.csv,sz,002115,2007-02-15,2025-09-30,4328,411448,True,utf-8,159b0c27e207f4d8ff14718dc243f461c780ad8bf678753daf6ade7bb2129e17
/Users/mic/Downloads/20250930/sz300037.csv,sz300037.csv,sz,300037,2010-01-08,2025-09-30,3733,363667,True,utf-8,fe4d7a9539dfebf10fffb0218b7c4985e642f4b6c43e14f5114c5c0a5fb24eba
/Users/mic/Downloads/20250930/sz301329.csv,sz301329.csv,sz,301329,2023-07-17,2025-09-30,539,52343,True,utf-8,11130ca38767cec1f20b040a6987faf5ac3269a4e11b2c0c9cb7ae9ffb4cdc39
/Users/mic/Downloads/20250930/sz000931.csv,sz000931.csv,sz,000931,1999-07-12,2025-09-30,6048,592455,True,utf-8,27295d20bc3f387ef1aed6295dcb9c5b710610d94ff0ff4bfedaf357667278cc
/Users/mic/Downloads/20250930/sz001391.csv,sz001391.csv,sz,001391,2024-12-30,2025-09-30,185,17850,True,utf-8,2d358bf912685ea47b6b9f36b308ab79a8fd9753aa1fa233444d14b3f36748c3
/Users/mic/Downloads/20250930/sz300989.csv,sz300989.csv,sz,300989,2021-05-07,2025-09-30,1072,102624,True,utf-8,5e24694a22ced6f06b4e3c3af747e63bcd68663e3fb26ae79ac50c8fcb0ff880
/Users/mic/Downloads/20250930/sz002840.csv,sz002840.csv,sz,002840,2017-01-10,2025-09-30,2121,210455,True,utf-8,afa23c19eb2395729a20db4543bba2e6e7e0e62a0ba1581b3bc6124ca85bc51c
/Users/mic/Downloads/20250930/bj870436.csv,bj870436.csv,bj,870436,2021-11-15,2025-09-30,944,88314,True,utf-8,3d2d787dc67d43dfd59921bc69866e82d0509abaae3c4276e6cf7da99682e33e
/Users/mic/Downloads/20250930/sz300751.csv,sz300751.csv,sz,300751,2018-11-09,2025-09-30,1675,169050,True,utf-8,76ee17d013381bb98b34ded625e08074e30afeb6f3dfb828155f351f186661e5
/Users/mic/Downloads/20250930/sh600879.csv,sh600879.csv,sh,600879,1995-11-15,2025-09-30,7086,675739,True,utf-8,d2030037d97fcd571912d083431cb0299fbae69ff1ddffe1c50a965eff3958ac
/Users/mic/Downloads/20250930/sz002698.csv,sz002698.csv,sz,002698,2012-09-11,2025-09-30,3152,314147,True,utf-8,57946642d5f3b1c8a023d70a5f980d781cf64fc737958aa30361c443c0537916
/Users/mic/Downloads/20250930/sz300745.csv,sz300745.csv,sz,300745,2018-05-23,2025-09-30,1790,175319,True,utf-8,9cbd4e19bfd7a0ffc2712b56c444451758701f495be87b57a65af6ac8931e051
/Users/mic/Downloads/20250930/sz000925.csv,sz000925.csv,sz,000925,1999-06-11,2025-09-30,5614,525481,True,utf-8,70e9c92fd916fd8e35c765d28b746c4567e522c5622f5f5bc7bee22ed4fcd71a
/Users/mic/Downloads/20250930/bj873665.csv,bj873665.csv,bj,873665,2023-09-26,2025-09-30,488,46115,True,utf-8,bb8a248ea3d04c63724c9029ad0ce3f0c2a270092c5f2a65c75406c39235fbf4
/Users/mic/Downloads/20250930/sz301315.csv,sz301315.csv,sz,301315,2023-06-21,2025-09-30,555,53821,True,utf-8,080ccb684480369ab81b6170f4aa68177d0760923059eff24753c1900dbb30c1
/Users/mic/Downloads/20250930/sh600845.csv,sh600845.csv,sh,600845,1994-03-11,2025-09-30,7342,690095,True,utf-8,29538d2c3ef39e270f9c8fe27995063ed5d01e6adacb3761b16f03d030d47c54
/Users/mic/Downloads/20250930/bj833533.csv,bj833533.csv,bj,833533,2022-05-24,2025-09-30,819,77320,True,utf-8,19db82a2cdbc452b0c0c6d2dd07af5c01055deb582a783bdb98bdaf2b4548854
/Users/mic/Downloads/20250930/sh603380.csv,sh603380.csv,sh,603380,2017-06-22,2025-09-30,2014,194048,True,utf-8,7623e599cbf4cda43dff848ac2e28dbf8e02c7d61938e874e2210fb3462a9ea4
/Users/mic/Downloads/20250930/sz002868.csv,sz002868.csv,sz,002868,2017-05-03,2025-09-30,2043,197738,True,utf-8,a6c1571d24ecc1ad56a8a65b165e40393630f35c8dcfd98d8550d8af8b6c13a5
/Users/mic/Downloads/20250930/sh600689.csv,sh600689.csv,sh,600689,1993-11-08,2025-09-30,7451,688538,True,utf-8,391614561eba886905bcdb3e135c4b4a424b7cd37273cd167a812f275d5a3448
/Users/mic/Downloads/20250930/sz300779.csv,sz300779.csv,sz,300779,2019-05-22,2025-09-30,1548,150696,True,utf-8,46016a0ada646c44a8cbf6ff48f9b4dd0fcd3174807199241dd0ffc135ec7f44
/Users/mic/Downloads/20250930/sh600851.csv,sh600851.csv,sh,600851,1994-04-04,2025-09-30,7568,714012,True,utf-8,480e1eefee768c12f90a91789a7505bee5fd18dff43ade29ca53ebbe00a24fc9
/Users/mic/Downloads/20250930/sz301301.csv,sz301301.csv,sz,301301,2022-12-27,2025-09-30,671,65486,True,utf-8,93a1c59d5e3e5a9205cb4361bdaea106fb5c7dca71fc36f18ad515c086eb9aa8
/Users/mic/Downloads/20250930/sz000919.csv,sz000919.csv,sz,000919,1999-11-18,2025-09-30,6227,578011,True,utf-8,f710623298b86823561e826bc4a57f4565752244fa2adb85748d88ba178ab46e
/Users/mic/Downloads/20250930/sh603579.csv,sh603579.csv,sh,603579,2017-01-11,2025-09-30,2120,207090,True,utf-8,6d750b086b9e9558bccc9af7c6a2c31c669faaed305d1ba771cd5c431c325135
/Users/mic/Downloads/20250930/sh605108.csv,sh605108.csv,sh,605108,2020-07-16,2025-09-30,1267,121274,True,utf-8,62d181ad4c195f4ee10362f5eef87be0b7b5f61e29ef22b1144e6db7afda6150
/Users/mic/Downloads/20250930/sz000886.csv,sz000886.csv,sz,000886,1998-01-23,2025-09-30,6628,631603,True,utf-8,e50e5222bad8106822ddf299e126d791928cbea80b114eb802a6edf860e84685
/Users/mic/Downloads/20250930/sz300180.csv,sz300180.csv,sz,300180,2011-02-22,2025-09-30,3387,328524,True,utf-8,d94042a66fb4d6deb8e27f4e7606a5093727e9569f3f392a362c464c07e9f177
/Users/mic/Downloads/20250930/sz002049.csv,sz002049.csv,sz,002049,2005-06-06,2025-09-30,4612,452147,True,utf-8,2d644d45726254ead3c670d36bfa066ab8f59fb7fb27edffd7eb9db320e3dd8a
/Users/mic/Downloads/20250930/sh600716.csv,sh600716.csv,sh,600716,1996-07-02,2025-09-30,6823,652503,True,utf-8,435191f9296dc22701a30fd9a1846026a80c651c724b4287d655efb59eecb6ee
/Users/mic/Downloads/20250930/sz001226.csv,sz001226.csv,sz,001226,2022-06-22,2025-09-30,799,77154,True,utf-8,b1026948f9e0b44ef9b658fee8df58481e050825c119fae8c58f5f5306542928
/Users/mic/Downloads/20250930/sh688238.csv,sh688238.csv,sh,688238,2022-03-22,2025-09-30,859,83119,True,utf-8,d4e530ea07fd4a00dc74025f37c7b1cc5d3aacddd9ebfccc7983c579b9b3a57c
/Users/mic/Downloads/20250930/sh600702.csv,sh600702.csv,sh,600702,1996-05-24,2025-09-30,7016,684641,True,utf-8,7958c8dba6a4ee795c0550b3a41b14f5f8ccaede931fab9b9c159ed1258047aa
/Users/mic/Downloads/20250930/sz300194.csv,sz300194.csv,sz,300194,2011-03-22,2025-09-30,3336,317832,True,utf-8,63e68fd1696ce7d88433e51e6a79ca19dc7d6484c6bf1b2476b51427085d283e
/Users/mic/Downloads/20250930/sh600064.csv,sh600064.csv,sh,600064,1997-05-06,2025-09-30,6818,652097,True,utf-8,2db6260b7582a1f71c7db4ef74fdb6653a3130abb5d9e96771132ecdc31948ea
/Users/mic/Downloads/20250930/sz000892.csv,sz000892.csv,sz,000892,1999-01-15,2025-09-30,5681,540798,True,utf-8,fbd2516e1b7e8c449634709ddf8c515bf7afe020e58864b691f4ecff826c1ee6
/Users/mic/Downloads/20250930/sz002075.csv,sz002075.csv,sz,002075,2006-10-25,2025-09-30,3650,352015,True,utf-8,f8878b6a2636831f34aa72fe18263f5dd65285297c26dd7785d0a6c3ed26eb9b
/Users/mic/Downloads/20250930/sh688576.csv,sh688576.csv,sh,688576,2023-06-06,2025-09-30,566,54822,True,utf-8,f208ba871cb7b3d09c47b3269e5fc1f35b9494e67e02eef9c2f729bc842ab8a7
/Users/mic/Downloads/20250930/sh688210.csv,sh688210.csv,sh,688210,2021-12-27,2025-09-30,914,90069,True,utf-8,cd1c7817a910094906984de7024abcd57246ace12474ceeb643d6f56008e47c8
/Users/mic/Downloads/20250930/sh603223.csv,sh603223.csv,sh,603223,2015-06-30,2025-09-30,2483,235775,True,utf-8,f93ea2e3b82aff92c1aaa90e4a232eb23c7249a013e8ed90ad12edb683e68739
/Users/mic/Downloads/20250930/sz300802.csv,sz300802.csv,sz,300802,2019-11-14,2025-09-30,1428,139679,True,utf-8,b0e0cd627c7df63989080ad59480ee8addcb108dc2b725e98fa753cff168ad1e
/Users/mic/Downloads/20250930/sz002713.csv,sz002713.csv,sz,002713,2014-02-19,2025-09-30,2794,271095,True,utf-8,9f7bc7d2324348a8f9834ec8213fc35b63318dcba85db5119c7d8f6608d5ac69
/Users/mic/Downloads/20250930/sz300816.csv,sz300816.csv,sz,300816,2020-02-10,2025-09-30,1374,133529,True,utf-8,feeb71a87e8b80c147ea7985781c98730c88794f07d71a0a0ba30916d4010f53
/Users/mic/Downloads/20250930/sz002707.csv,sz002707.csv,sz,002707,2014-01-23,2025-09-30,2583,250816,True,utf-8,cdf448e2b42b018b6777d2a1d3eb77605ed9a80bd88c72176eb36c412e49dedc
/Users/mic/Downloads/20250930/sh603237.csv,sh603237.csv,sh,603237,2022-08-31,2025-09-30,749,73118,True,utf-8,bfdd44ac4354112fd1d23f5e8982c20e7bd66acc652dfe847f21ffd64fa3f37c
/Users/mic/Downloads/20250930/sh603551.csv,sh603551.csv,sh,603551,2020-01-15,2025-09-30,1386,132284,True,utf-8,40c56eabf119c2062d354e2f0cfc9f7b7bf9ccba1bda8a5987145507a470938c
/Users/mic/Downloads/20250930/sz000676.csv,sz000676.csv,sz,000676,1996-12-24,2025-09-30,6621,619940,True,utf-8,de5516abf52ba63bf2f7f4a9e45528cc8e59b00620efc64a93860278c63a4a0a
/Users/mic/Downloads/20250930/bj430510.csv,bj430510.csv,bj,430510,2015-06-15,2025-09-30,1312,126167,True,utf-8,d24d4396d36a97ad0246af7e6e02d3489bb0af9d5ec9f665e1e905100e11982a
/Users/mic/Downloads/20250930/sh688562.csv,sh688562.csv,sh,688562,2023-05-24,2025-09-30,575,56048,True,utf-8,1e81a10bd879a85f5dfa5728e52aeea438243a460438648868f006aaf5f2e23a
/Users/mic/Downloads/20250930/sz002061.csv,sz002061.csv,sz,002061,2006-08-16,2025-09-30,4392,417092,True,utf-8,ade0b361bc4a7538aa69ae0aa9e90a7bc387dc69e6b853afcedb2ab39b8f1463
/Users/mic/Downloads/20250930/sh600058.csv,sh600058.csv,sh,600058,1997-05-28,2025-09-30,6623,641457,True,utf-8,b3a46e28a87a01fe5536fe42f11a0a94eedee9a059b9eeea8387edf43ca38f06
/Users/mic/Downloads/20250930/sz300143.csv,sz300143.csv,sz,300143,2010-12-09,2025-09-30,3190,309045,True,utf-8,ecc4f56ce70dcb6a0508e18635cdfd038eb033153b675239c4a67f728ac997b3
/Users/mic/Downloads/20250930/sh688589.csv,sh688589.csv,sh,688589,2020-07-22,2025-09-30,1263,124703,True,utf-8,fbc1d24beb6f474fbdf5d79590bbf2c848657a4dff4447b29bb54dc82405401f
/Users/mic/Downloads/20250930/sz300625.csv,sz300625.csv,sz,300625,2017-03-17,2025-09-30,2078,202454,True,utf-8,b62d1437b2222c914c520f9f8368bd32b563d18f77fab7736b288890c95bc9d4
/Users/mic/Downloads/20250930/bj831278.csv,bj831278.csv,bj,831278,2022-06-20,2025-09-30,801,74741,True,utf-8,29176ccae2d6ecd6b1347ca07ba12c29ec3084b5671370e3b6b7b3446421e245
/Users/mic/Downloads/20250930/sh600919.csv,sh600919.csv,sh,600919,2016-08-02,2025-09-30,2222,221274,True,utf-8,ec04834e513bff62381fb74db664d02c8747bec4124399417232a7d971af7156
/Users/mic/Downloads/20250930/sz300631.csv,sz300631.csv,sz,300631,2017-03-23,2025-09-30,2074,204694,True,utf-8,633f80c738ff855fb08a35083c04f79712af6c5202a028a34cf8c75ab9214056
/Users/mic/Downloads/20250930/sz002920.csv,sz002920.csv,sz,002920,2017-12-26,2025-09-30,1886,188475,True,utf-8,492385b68d03e125df1c503528429056d0bd2292edc27266c13778dd51fc05a3
/Users/mic/Downloads/20250930/sz000851.csv,sz000851.csv,sz,000851,1998-06-09,2025-09-26,6169,586200,True,utf-8,f6fe7e8e1f5f53d09b512bb90e52d91e8e658542264b842e38e19d7eea99bfd7
/Users/mic/Downloads/20250930/sz300157.csv,sz300157.csv,sz,300157,2011-01-07,2025-09-30,3331,322738,True,utf-8,ade512d582a367997791060bfcb2e130e408127967846cb47398f5867267b58c
/Users/mic/Downloads/20250930/sh603586.csv,sh603586.csv,sh,603586,2017-04-06,2025-09-30,2066,209357,True,utf-8,07e60a27db7f81298022eef075b2448873cb6b8519a911c5a11f2d64a39aa7ea
/Users/mic/Downloads/20250930/sz301261.csv,sz301261.csv,sz,301261,2023-07-10,2025-09-30,544,52870,True,utf-8,4fbb4a0d54ab0153cd09103b0d979d640a163932a78dceea189066b6e8709447
/Users/mic/Downloads/20250930/sz300619.csv,sz300619.csv,sz,300619,2017-03-01,2025-09-30,2090,205289,True,utf-8,a76d042e43653d84568ffe86196382ea5beb249a19b4e1d5165c13fc5690a92b
/Users/mic/Downloads/20250930/sz002908.csv,sz002908.csv,sz,002908,2017-10-20,2025-09-30,1931,186078,True,utf-8,35989caa7eddbb2908e56cd87b437003023d37c0e6c5462f08a0bfef1409c4d9
/Users/mic/Downloads/20250930/sz301507.csv,sz301507.csv,sz,301507,2023-09-05,2025-09-30,503,49203,True,utf-8,cae940373b187d3b8c592b6baeca532704fd26a3aceb72581525c76938eb070f
/Users/mic/Downloads/20250930/sh600925.csv,sh600925.csv,sh,600925,2023-03-29,2025-09-30,611,58534,True,utf-8,f0a558bbdb750adf9ad2c65236f5d623c08c89b82aa4742d436b7a43cffa325c
/Users/mic/Downloads/20250930/sz301275.csv,sz301275.csv,sz,301275,2025-03-11,2025-09-30,141,13770,True,utf-8,e4a3add3f5671ac89842424ea93779ba94848f8dde0775952d0f5f71a4fb8d6e
/Users/mic/Downloads/20250930/sh600272.csv,sh600272.csv,sh,600272,2001-02-28,2025-09-30,5874,532958,True,utf-8,a95543c6b92637916550f818a31d869cbfc0eca42eb0d9e80e387f3dd7f6305c
/Users/mic/Downloads/20250930/sz300382.csv,sz300382.csv,sz,300382,2014-01-29,2025-09-30,2828,270615,True,utf-8,8f575364c5936948c66afd75ae3225362fc64802f7156089198dfa281d5540fb
/Users/mic/Downloads/20250930/sz301088.csv,sz301088.csv,sz,301088,2021-10-28,2025-09-30,956,92697,True,utf-8,8d3fefb3c0fd957670ea5e7d12ae5425e2de793228fa9931716db956597a9fe3
/Users/mic/Downloads/20250930/sh600266.csv,sh600266.csv,sh,600266,1999-02-03,2025-09-30,6375,600189,True,utf-8,b4cba045236c5c5446d80dcadec6ee30a616dae56a7a018c57d5d759c46d8976
/Users/mic/Downloads/20250930/sz300396.csv,sz300396.csv,sz,300396,2014-09-10,2025-09-30,2628,258701,True,utf-8,d677102bbe81bed51ce0de7d7f686b4e6fe4f29bb7e61663e69bf5fc72eae6ce
/Users/mic/Downloads/20250930/sz002539.csv,sz002539.csv,sz,002539,2011-01-18,2025-09-30,3536,339540,True,utf-8,71623640d5c5c556c61d9db5e7078fa28a1c096ceb3e0143cf19d46b39a5150d
/Users/mic/Downloads/20250930/sh600500.csv,sh600500.csv,sh,600500,2000-03-01,2025-09-30,6113,585271,True,utf-8,e914399885251247c12765fcef59220698477ec1f594365773dd666328ad79f7
/Users/mic/Downloads/20250930/sh603009.csv,sh603009.csv,sh,603009,2014-07-18,2025-09-30,2648,254352,True,utf-8,29346332177582c7f2e78f90fb97d2b7a7559b5d66487db92dcb0bfa789acf3c
/Users/mic/Downloads/20250930/sh601636.csv,sh601636.csv,sh,601636,2011-08-12,2025-09-30,3422,332558,True,utf-8,06c5e28c137aacf82e27e13353b177d11d2863a3a0d6c4599695933337eba76e
/Users/mic/Downloads/20250930/sz002511.csv,sz002511.csv,sz,002511,2010-11-25,2025-09-30,3567,342685,True,utf-8,11e346265855ee2fb0f23fd33f1294ab94a5e9a4d13e96dad6f70c7eead6a505
/Users/mic/Downloads/20250930/sh600528.csv,sh600528.csv,sh,600528,2001-05-28,2025-09-30,5781,557506,True,utf-8,9781174201512f7bf469b5e317fc257b387e85cf7890010a9b214d6d99033db8
/Users/mic/Downloads/20250930/sh603021.csv,sh603021.csv,sh,603021,2015-04-23,2025-09-30,2440,231971,True,utf-8,877edc5773c772aad8ab3acdc221da6a138192367faf44d8ec288ad6ffb36794
/Users/mic/Downloads/20250930/sh688012.csv,sh688012.csv,sh,688012,2019-07-22,2025-09-30,1506,155602,True,utf-8,afe91f5f3082edf0efbba6d93186c37265c21b357dda1cd9a9e0cd545c3b5f3a
/Users/mic/Downloads/20250930/sh605336.csv,sh605336.csv,sh,605336,2020-10-19,2025-09-30,1206,117050,True,utf-8,a6a08a5a3061c0df9fdc0ad5b9ea36ce11fcdae05eee31995188b16b10355868
/Users/mic/Downloads/20250930/sz002277.csv,sz002277.csv,sz,002277,2009-07-17,2025-09-30,3906,372153,True,utf-8,b93dfc10ac81c064c4966b661c2adecc8a8c1a9ee764acc9cc4d156ef84b7b0c
/Users/mic/Downloads/20250930/sz002263.csv,sz002263.csv,sz,002263,2008-07-28,2025-09-30,3686,354621,True,utf-8,f0a40847af9d5eaf6be7511ff78bb654e4ee4f4328f58d33a605eff26146fd4a
/Users/mic/Downloads/20250930/sh603035.csv,sh603035.csv,sh,603035,2017-01-05,2025-09-30,2124,208472,True,utf-8,dd4bfbb0c1396bd33a150a90ab38dd82da9ba4f999cf271bbe2dc1fa66739ca8
/Users/mic/Downloads/20250930/sh688006.csv,sh688006.csv,sh,688006,2019-07-22,2025-09-30,1506,148780,True,utf-8,182e841d9e09910b9e332f3bad1b4ba9ba6b4570928bba3e58d49e86ef778a07
/Users/mic/Downloads/20250930/sh601811.csv,sh601811.csv,sh,601811,2016-08-08,2025-09-30,2224,215056,True,utf-8,32b0e8755418d968df0abede9f95b16d67792c0ccc0c17f0e313a658fa171d35
/Users/mic/Downloads/20250930/sz300427.csv,sz300427.csv,sz,300427,2015-02-17,2025-09-30,2377,232344,True,utf-8,d6b1bbbcf0a85b5b28e3271e499b8f5ff8d94faf331709de6feda46b91cdadb8
/Users/mic/Downloads/20250930/sh603960.csv,sh603960.csv,sh,603960,2017-03-14,2025-09-30,2024,201564,True,utf-8,41de5aa3e3d38758674c885e10d92ea0e632ddb65509570731f9ec1e2e746ef7
/Users/mic/Downloads/20250930/sz300341.csv,sz300341.csv,sz,300341,2012-07-26,2025-09-30,3023,292658,True,utf-8,dc75e9f562e5ac8dfe7e1f95c28e78325096e1bed7534c360532782a568aca66
/Users/mic/Downloads/20250930/sz300355.csv,sz300355.csv,sz,300355,2012-09-27,2025-09-30,3038,295025,True,utf-8,19ebaabebebfd8e61ad324e1598c0245ff9b7e3f4a3f1742b013fdc58c6a38d6
/Users/mic/Downloads/20250930/sz300433.csv,sz300433.csv,sz,300433,2015-03-18,2025-09-30,2542,255137,True,utf-8,253f3ad58490505fb962bc86d06e54bf54e1f4f73c23a75082f4bacc4664fd42
/Users/mic/Downloads/20250930/sz301063.csv,sz301063.csv,sz,301063,2021-09-24,2025-09-30,975,94512,True,utf-8,772a2d628ab66fc103266f2c6178553be8d9feecbf9818204be4d6a97219c1ae
/Users/mic/Downloads/20250930/sz001965.csv,sz001965.csv,sz,001965,2017-12-25,2025-09-30,1887,183600,True,utf-8,3e78c20f1b4edd22a81c6facbded6f84ae09babe2175bd2dc4fbb117d7fdfb16
/Users/mic/Downloads/20250930/sh603790.csv,sh603790.csv,sh,603790,2018-09-12,2025-09-30,1700,164298,True,utf-8,ef7a316e3919d949ce19fdd9c0c29272a6c572d517bf11d80a2664180531da0b
/Users/mic/Downloads/20250930/sh603948.csv,sh603948.csv,sh,603948,2020-03-02,2025-09-30,1359,129386,True,utf-8,dc6199b35f9ef256142f90c42f0a6c9de816db6a36bd68b341b22575842cc84a
/Users/mic/Downloads/20250930/sh601187.csv,sh601187.csv,sh,601187,2020-10-27,2025-09-30,1200,115338,True,utf-8,c8d2abab65b79de60467643ca379b98d62b76fcf16411c188448149302a796e1
/Users/mic/Downloads/20250930/sz300369.csv,sz300369.csv,sz,300369,2014-01-29,2025-09-30,2745,272949,True,utf-8,12159637c8d807610533aabb6d0865679724c3c33617c3a98abd1362780d5a4b
/Users/mic/Downloads/20250930/sh600299.csv,sh600299.csv,sh,600299,2000-04-20,2025-09-30,5899,556711,True,utf-8,f705354f75f3337b972db43dd2745cdd6c6e43c10d18319a73d936ec6f0b2995
/Users/mic/Downloads/20250930/sz301077.csv,sz301077.csv,sz,301077,2021-09-30,2025-09-30,971,96023,True,utf-8,3408e3c37f68be255aed4b25088d52e59af2e4963b26810f3cc9c486c3ff4ab5
/Users/mic/Downloads/20250930/sz301076.csv,sz301076.csv,sz,301076,2021-10-11,2025-09-30,969,93361,True,utf-8,c50bfcbfcd6658a24c06284930104daf881e3b70c5d8029fa710956c190a4df4
/Users/mic/Downloads/20250930/sh600298.csv,sh600298.csv,sh,600298,2000-08-18,2025-09-30,6018,578873,True,utf-8,7ad5f5d8c76bfde73f9d2f97fc1e9dda1c22f44e6ea48a7dcd0d0bdf3b9324be
/Users/mic/Downloads/20250930/sz300368.csv,sz300368.csv,sz,300368,2014-01-23,2025-09-30,2720,266288,True,utf-8,14bcf425e551528b5f5c2f836f4a40d194231869e5b296e6148fb0e9e9dc622e
/Users/mic/Downloads/20250930/bj837344.csv,bj837344.csv,bj,837344,2017-02-27,2025-09-30,1294,130223,True,utf-8,56eb830bc734f091f1b6df1495508bd506065a2dbafa7ef9d1ac55d6021d52d5
/Users/mic/Downloads/20250930/sh601186.csv,sh601186.csv,sh,601186,2008-03-10,2025-09-30,4252,421287,True,utf-8,fbdd553009c102d2c4a40db98aa1de8f69ace804bb5ec95ce42df55ee346296e
/Users/mic/Downloads/20250930/sh603949.csv,sh603949.csv,sh,603949,2020-03-10,2025-09-30,1353,132106,True,utf-8,aef74690a515ba7815c132cd71e40d0a1647c4e326abd89835e4edb6358e4b67
/Users/mic/Downloads/20250930/sh601838.csv,sh601838.csv,sh,601838,2018-01-31,2025-09-30,1861,186838,True,utf-8,409b5cc5f3ee97dfb494ff3b0cf12da688164f4dc0317ccdd4adde120d6125f9
/Users/mic/Downloads/20250930/sz301062.csv,sz301062.csv,sz,301062,2021-09-14,2025-09-30,981,94819,True,utf-8,8afdf2b1ac7fa6d71872fa2b791dcd5b3077329d8b4e8f09fbc11602297b4cc5
/Users/mic/Downloads/20250930/sz300354.csv,sz300354.csv,sz,300354,2012-09-20,2025-09-30,3165,304477,True,utf-8,4b1e5cde71f1650516f2367ffae2e90ae948bc7b37d07aaf59f7c0f06103b4d7
/Users/mic/Downloads/20250930/sz300432.csv,sz300432.csv,sz,300432,2015-03-19,2025-09-30,2479,240099,True,utf-8,72f397b8914e1b2a914f166d4ee4adb39a595453241fb90060035cdc2d63dc12
/Users/mic/Downloads/20250930/bj832566.csv,bj832566.csv,bj,832566,2015-12-15,2025-09-30,1825,167624,True,utf-8,50458a162a0114a5d31c0199fea28a526c0effd2a69fc2339006cc7ed4716bd8
/Users/mic/Downloads/20250930/sz300426.csv,sz300426.csv,sz,300426,2015-02-17,2025-09-30,2498,237437,True,utf-8,310e2d303ba24e8bf4fad43cf0c0559f1b5e25559f9d1a4112ed0a2c0053493f
/Users/mic/Downloads/20250930/sz300340.csv,sz300340.csv,sz,300340,2012-07-26,2025-09-30,3034,293791,True,utf-8,d0eb44447e047cb243147af6f8800d858d576d11397cdb59307aa843dd48225a
/Users/mic/Downloads/20250930/sz002289.csv,sz002289.csv,sz,002289,2009-09-03,2025-09-30,3452,333569,True,utf-8,e152affb64a02690a689d16585a0246ab11f6db7cb15cdacca425ca9f4ad7331
/Users/mic/Downloads/20250930/sz002262.csv,sz002262.csv,sz,002262,2008-07-23,2025-09-30,4173,408221,True,utf-8,8a1475dab3fd9727e7c3dd663fcd61f0966ae228c2bca5b92c1107649e38e7f4
/Users/mic/Downloads/20250930/sh688007.csv,sh688007.csv,sh,688007,2019-07-22,2025-09-30,1506,151441,True,utf-8,fd6b9cfe0ee288d46fc159cf44e4714cc2f0473c0143afe9f676e9178a5c7a3c
/Users/mic/Downloads/20250930/sh688013.csv,sh688013.csv,sh,688013,2020-09-28,2025-09-30,1215,117454,True,utf-8,88a9745408a95a1301727c2feab3df39abfedf3c6597baef2628fd9b4cad3d7a
/Users/mic/Downloads/20250930/sh603020.csv,sh603020.csv,sh,603020,2015-03-25,2025-09-30,2562,236681,True,utf-8,940a59554cb8768e5c52d8954475fb7291fb589a8742011ba3f57f5aad761f02
/Users/mic/Downloads/20250930/sh600529.csv,sh600529.csv,sh,600529,2002-06-03,2025-09-30,5581,535154,True,utf-8,7231366840fc405e7f5dccfbf7dd58addba5eee42dcfb8b8c0b12f6e52fddbb6
/Users/mic/Downloads/20250930/sz002510.csv,sz002510.csv,sz,002510,2010-11-25,2025-09-30,3523,335178,True,utf-8,25525c29ca03a7735b69dee620bf926a9badbb1f329b4df89fc91c0f9c4c956e
/Users/mic/Downloads/20250930/sz002276.csv,sz002276.csv,sz,002276,2009-07-10,2025-09-30,3840,374191,True,utf-8,ab21bf6a29b81d95607ca69f2744d54fa20842cd7940bd94a79b6a41eeb1e039
/Users/mic/Downloads/20250930/sh605337.csv,sh605337.csv,sh,605337,2021-02-08,2025-09-30,1127,111616,True,utf-8,2f78cd5eec997cb0205a59fb5612c068187cc65b686d2a0baf8e09d547980a29
/Users/mic/Downloads/20250930/sh688775.csv,sh688775.csv,sh,688775,2025-06-11,2025-09-30,80,8117,True,utf-8,a71692ea5fd384d455391488061da4557118ff07d941f5fdadee6ebcc83495a0
/Users/mic/Downloads/20250930/sh601179.csv,sh601179.csv,sh,601179,2010-01-28,2025-09-30,3795,368706,True,utf-8,d072b4472d3c50b1e8b47ba20421d75d109d669e18a94c7a86316ed9efb17519
/Users/mic/Downloads/20250930/sz300397.csv,sz300397.csv,sz,300397,2014-09-10,2025-09-30,2651,259098,True,utf-8,4d1f16c2850455ec533e960a5c31436da7a469135db6a7586edddd80e110b3a3
/Users/mic/Downloads/20250930/sh600267.csv,sh600267.csv,sh,600267,2000-07-25,2025-09-30,5999,580681,True,utf-8,a6f873b14bbeef80f9a1cc6990e06e64a35f7c24b05922f053a3aeba5fa6d053
/Users/mic/Downloads/20250930/sz301089.csv,sz301089.csv,sz,301089,2021-10-27,2025-09-30,952,95030,True,utf-8,bd5899f6875f43f5cd995a7e7c8579847eb82e35bb36790694f7db7749d4701f
/Users/mic/Downloads/20250930/sh603008.csv,sh603008.csv,sh,603008,2012-07-17,2025-09-30,3124,305313,True,utf-8,cc3a8951fbbee2a4902672aaa2589c1af3f6dcf025c282c399538d195daf5b64
/Users/mic/Downloads/20250930/sh600501.csv,sh600501.csv,sh,600501,2001-06-15,2025-09-30,5833,558650,True,utf-8,894ba423d5b1c5fe9c0acec23e1c5365c22209f828156d41b8f04d1a3363bc6d
/Users/mic/Downloads/20250930/sz002538.csv,sz002538.csv,sz,002538,2011-01-18,2025-09-30,3522,337955,True,utf-8,b610546c2ea5b4e0216fd3c876b221aedc16f75555079a0b2df349db44d09386
/Users/mic/Downloads/20250930/sh600515.csv,sh600515.csv,sh,600515,2002-08-06,2025-09-30,5112,483978,True,utf-8,dabe93c521b39412a69774d7cf557b8cb9b787dce960ca65b1cb57f4b3d33be3
/Users/mic/Downloads/20250930/bj831906.csv,bj831906.csv,bj,831906,2023-02-22,2025-09-30,636,61081,True,utf-8,e3319529e8fd391416594b7691f4528e69885ab53dbcdc0416b925bd8b68efc7
/Users/mic/Downloads/20250930/sz300383.csv,sz300383.csv,sz,300383,2014-01-29,2025-09-30,2650,265437,True,utf-8,3426be48679e9d56ea8df3002e1e7b7ac2bb462e5bd808d7e1a0dab4a5d0ecc6
/Users/mic/Downloads/20250930/sh600273.csv,sh600273.csv,sh,600273,2003-06-27,2025-09-30,5156,490253,True,utf-8,c95173cf201cc967087436a135afe3c93fa27e9e6fa0d2773d99d2e2378ca9bd
/Users/mic/Downloads/20250930/sz301512.csv,sz301512.csv,sz,301512,2023-07-20,2025-09-30,536,51773,True,utf-8,4a49a2591122909be3aaa476a64ff5fec001e388b0ee8d6e7ab0a5dedf6994ef
/Users/mic/Downloads/20250930/bj838275.csv,bj838275.csv,bj,838275,2019-04-09,2025-09-30,1150,106617,True,utf-8,2e05e906d721c499213dad35c9d18571645392ebaeb85c7f78210d4a6247b63d
/Users/mic/Downloads/20250930/sh601390.csv,sh601390.csv,sh,601390,2007-12-03,2025-09-30,4240,420236,True,utf-8,ef70dc854950b4707e39bd52bc5a0c2bec37b089130ca9b763748581340c0042
/Users/mic/Downloads/20250930/sz301260.csv,sz301260.csv,sz,301260,2023-02-08,2025-09-30,646,63607,True,utf-8,f5dce3c58dab520bf073f03f0b0d3671a9cdb67f45a7ab5a98e83865562db515
/Users/mic/Downloads/20250930/sh603587.csv,sh603587.csv,sh,603587,2018-06-22,2025-09-30,1769,173545,True,utf-8,d005b37e83cddf91cbed639124861dfeb36bb0485bc5ebc6d130e77f59de6f62
/Users/mic/Downloads/20250930/sz000878.csv,sz000878.csv,sz,000878,1998-06-02,2025-09-30,6412,629631,True,utf-8,7bb41f74773f72eee07ec3ac500aa2d200fc55a86d847134044bd21c893d424e
/Users/mic/Downloads/20250930/sz002909.csv,sz002909.csv,sz,002909,2017-10-26,2025-09-30,1927,181835,True,utf-8,212c6df2bfc41b28b30cca9054fd3526a16fd5357593a5b5512554e7b0acbd7e
/Users/mic/Downloads/20250930/sz300618.csv,sz300618.csv,sz,300618,2017-03-06,2025-09-30,2085,207424,True,utf-8,2afba6586250e3fe7e5febb86baaea52f7444b59ca130eb62f94a2047f034c59
/Users/mic/Downloads/20250930/sh600930.csv,sh600930.csv,sh,600930,2025-07-16,2025-09-30,55,5447,True,utf-8,3c239d70967361cd3c0a80c4cd867c689886122e0166a6f00fbcff77d79a7ae2
/Users/mic/Downloads/20250930/sz002921.csv,sz002921.csv,sz,002921,2017-12-27,2025-09-30,1885,181249,True,utf-8,bf510d906c997f7e72b2de04ecd5453458b9c180fb61d033392053a19cd77b0e
/Users/mic/Downloads/20250930/sh600918.csv,sh600918.csv,sh,600918,2020-06-03,2025-09-30,1296,127088,True,utf-8,446fb0304cd4dae7e55cb14ebcca5ea5e1d3230851da6cccfdd21a98031e8076
/Users/mic/Downloads/20250930/sz301248.csv,sz301248.csv,sz,301248,2022-04-20,2025-09-30,840,82283,True,utf-8,6037b1d20e478bb37fe29d79cfb44f7caf3e80faaa98b198220c3cbbdae24f0a
/Users/mic/Downloads/20250930/sz000688.csv,sz000688.csv,sz,000688,1997-01-20,2025-09-30,5194,510036,True,utf-8,72f3776d0a6c7f0f560312c0431555d900f807603edabb3f9ed3ce609fb32647
/Users/mic/Downloads/20250930/sz000850.csv,sz000850.csv,sz,000850,1998-10-07,2025-09-30,6336,605349,True,utf-8,958f6938e193cdac1ccb51a8f027166768fc62d7d988e67b4041b26766573f65
/Users/mic/Downloads/20250930/sh688588.csv,sh688588.csv,sh,688588,2020-05-11,2025-09-30,1313,128284,True,utf-8,9be1332db73737969ea11f90e0069e547692dab87c531d1148fbd1c6ddc6333f
/Users/mic/Downloads/20250930/sz300142.csv,sz300142.csv,sz,300142,2010-11-12,2025-09-30,3346,330801,True,utf-8,4f41a303b8f14c267cd7d26179600da540384dd03f8458ed345d54ee9ac5e65b
/Users/mic/Downloads/20250930/bj836270.csv,bj836270.csv,bj,836270,2022-09-02,2025-09-30,747,69538,True,utf-8,5bbe752a81eb487c51da8f1c35d912017bca25383df841f763e9657dee065551
/Users/mic/Downloads/20250930/sz002935.csv,sz002935.csv,sz,002935,2018-09-03,2025-09-30,1718,171362,True,utf-8,9e1987cf064a8a0beba5fce42107948dae9dc41a8ac1b7629d39ba1d61a55c3a
/Users/mic/Downloads/20250930/sz300624.csv,sz300624.csv,sz,300624,2018-01-18,2025-09-30,1860,180864,True,utf-8,be740a7978adc6713dca802eb1159298c6a38c78a8a43283c81f80a0670f4d17
/Users/mic/Downloads/20250930/sh603236.csv,sh603236.csv,sh,603236,2019-07-16,2025-09-30,1510,151055,True,utf-8,1a9ed27c3656daba8d207832c91f2a29bb9bc347d956767032a8b984ef8444e7
/Users/mic/Downloads/20250930/sh688205.csv,sh688205.csv,sh,688205,2022-08-09,2025-09-30,765,75301,True,utf-8,ff43ba9e306859d54fd6b57e1376b17e210572b68f8a21ecc0089d93430839f2
/Users/mic/Downloads/20250930/sz002706.csv,sz002706.csv,sz,002706,2014-01-21,2025-09-30,2833,272321,True,utf-8,00648848957c3c9f9ed543e069f5e9b279b9c61a89757f01a7cd0444d00ac0a7
/Users/mic/Downloads/20250930/sz300817.csv,sz300817.csv,sz,300817,2020-02-18,2025-09-30,1368,132418,True,utf-8,bdb4a579a85934816e46e8696b051580496bf51b10d08f6b26f1c740452a1278
/Users/mic/Downloads/20250930/bj830832.csv,bj830832.csv,bj,830832,2015-05-22,2025-09-30,1585,146470,True,utf-8,9b7cc0c7267da2f4734c4ee95742f1547e25da63a80a5aeff31bff660aefa93f
/Users/mic/Downloads/20250930/sh600059.csv,sh600059.csv,sh,600059,1997-05-16,2025-09-30,6827,661707,True,utf-8,7c1f19a88a34c92423445a7523257adddb464dc39687b5eaf2476def6099e359
/Users/mic/Downloads/20250930/sz002060.csv,sz002060.csv,sz,002060,2006-08-10,2025-09-30,4588,439116,True,utf-8,78adf1142f0777f83b12e7942db0d62d98cbeff9e1bb835e9b938fc08679859a
/Users/mic/Downloads/20250930/sh688563.csv,sh688563.csv,sh,688563,2023-07-19,2025-09-30,537,54631,True,utf-8,d65c091a10cc244a45c0ae5563184982678cb1a5c82ba0cb2d8a8953d325d42f
/Users/mic/Downloads/20250930/sz000677.csv,sz000677.csv,sz,000677,1996-12-26,2025-09-30,6313,598593,True,utf-8,4e2f537fe72a1284c9488cf86787597156a49486ae3e8d934a1c618ad6f5edb9
/Users/mic/Downloads/20250930/sh688577.csv,sh688577.csv,sh,688577,2020-09-16,2025-09-30,1223,118016,True,utf-8,993a3b1ad06db360ab7af4b781712828754e36299e9f335940464522197dafd5
/Users/mic/Downloads/20250930/sz000663.csv,sz000663.csv,sz,000663,1996-12-06,2025-09-30,6736,636617,True,utf-8,ca4990a9ff1c46c3da0d68b193920dc2408d76c8c2c26219c105bf08cc40730c
/Users/mic/Downloads/20250930/sz002074.csv,sz002074.csv,sz,002074,2006-10-18,2025-09-30,4378,430750,True,utf-8,dbc021d55fefc2338651cf5b8730eac1b1828d4e795cff4705d1bb4fa5a6c703
/Users/mic/Downloads/20250930/sz002712.csv,sz002712.csv,sz,002712,2014-01-23,2025-09-30,2647,252914,True,utf-8,96cd5109d4ccc3a9921cf1f1c9273302f2381d504c1baf36280c4d80a4b6f7d0
/Users/mic/Downloads/20250930/sz300803.csv,sz300803.csv,sz,300803,2019-11-18,2025-09-30,1427,143044,True,utf-8,afc93551af0df1db3b9754cc83e68b22218a13383a53feea7ae6c4114c867d82
/Users/mic/Downloads/20250930/sh603222.csv,sh603222.csv,sh,603222,2015-02-17,2025-09-30,2529,238082,True,utf-8,a6065a4b75363d9f4b4797aafa27f3f2af6f70619cfe005eeeebf3f9a10b234b
/Users/mic/Downloads/20250930/sh688211.csv,sh688211.csv,sh,688211,2021-10-26,2025-09-30,958,95041,True,utf-8,759f41376ceba8957273cd52fbf4a2858db69c2e18317f85ef77786b7b1d47a2
/Users/mic/Downloads/20250930/sh600703.csv,sh600703.csv,sh,600703,1996-05-28,2025-09-30,6731,644542,True,utf-8,2aa36bfa4c01f8f64cd20180d4b9038aa29f3b6053879726c9ec9146cc42d22b
/Users/mic/Downloads/20250930/sh688239.csv,sh688239.csv,sh,688239,2021-07-05,2025-09-30,1032,102243,True,utf-8,30b20ba0ae2d2b99bbe7e691615787dc11af87c1bd7d0be46adda53199884b48
/Users/mic/Downloads/20250930/sz000893.csv,sz000893.csv,sz,000893,1998-12-24,2025-09-30,6045,577679,True,utf-8,5e403f737ccf5a7e1680d29b1805f80f5ca7607e66a63300999ccf9ff43ea1cb
/Users/mic/Downloads/20250930/sz300195.csv,sz300195.csv,sz,300195,2011-03-29,2025-09-30,3394,326194,True,utf-8,768bfa5d7b304070406b976424c622612f4be5233bff7ddab808dd3abfcf2c4e
/Users/mic/Downloads/20250930/sh600071.csv,sh600071.csv,sh,600071,1997-05-28,2025-09-30,6619,650275,True,utf-8,8af69d4edfee891aad14fae9509af4fa282d427b05a49be5baa92cc173b1438f
/Users/mic/Downloads/20250930/sz002048.csv,sz002048.csv,sz,002048,2005-06-03,2025-09-30,4762,466765,True,utf-8,a98cf4be99258825a3af5b31c8b0d193f393dfd7c18e81c6817c98289d526fba
/Users/mic/Downloads/20250930/sz300181.csv,sz300181.csv,sz,300181,2011-02-22,2025-09-30,3427,324733,True,utf-8,0e5d2fc51f6d4d429608d6c66c0078a8828cf78ac0629ff13ef00aa0fdf4edee
/Users/mic/Downloads/20250930/sz000887.csv,sz000887.csv,sz,000887,1998-12-03,2025-09-30,6135,590700,True,utf-8,ef29ff68f05e40e1a22bb091750df56a188c87a4165816afd07ce92b17ff1eac
/Users/mic/Downloads/20250930/sh603578.csv,sh603578.csv,sh,603578,2017-03-06,2025-09-30,2075,201025,True,utf-8,aa9ef9ca4b4037cdd9d1e31ddfd8269ab8afa4baa3b2a765a5ccc9860f413c9f
/Users/mic/Downloads/20250930/sz001227.csv,sz001227.csv,sz,001227,2022-01-17,2025-09-30,900,87755,True,utf-8,2eaa64ec68472838d32a3e1d3b7ea8149fb49499d7173d94d5181d417f500efe
/Users/mic/Downloads/20250930/sh600717.csv,sh600717.csv,sh,600717,1996-06-14,2025-09-30,7025,675599,True,utf-8,e7ea13351e001a7fe343b47e2d53861ef5fe97a8c3d618190829c031dcaefde1
/Users/mic/Downloads/20250930/sh600850.csv,sh600850.csv,sh,600850,1994-03-24,2025-09-30,7428,701024,True,utf-8,d56a96a59eeb9b3c46b6b473401d3a65159919ea8faaffff67c4e7d06f084eaa
/Users/mic/Downloads/20250930/sz300778.csv,sz300778.csv,sz,300778,2019-05-10,2025-09-30,1556,150823,True,utf-8,4f49dfd352073234bba5f7be3193322e8eedf42a6676d73484de01baba3c799f
/Users/mic/Downloads/20250930/sh600688.csv,sh600688.csv,sh,600688,1993-11-08,2025-09-30,7633,724893,True,utf-8,2636bba0dd3ca246d32d822e220464e67698a5c577768d83b17444e9e270d402
/Users/mic/Downloads/20250930/sz002869.csv,sz002869.csv,sz,002869,2017-05-15,2025-09-30,2040,201030,True,utf-8,657747aedcdc7d155b544403795817ee0aae9168e31408513ea779b4f17abcee
/Users/mic/Downloads/20250930/sh603381.csv,sh603381.csv,sh,603381,2024-06-26,2025-09-30,311,30331,True,utf-8,1f51021243d1103d25d50547862135bb4d7550028120c1a55e4964e6e70d85cb
/Users/mic/Downloads/20250930/sz301300.csv,sz301300.csv,sz,301300,2022-08-19,2025-09-30,757,75218,True,utf-8,b6f3726bac0c3bbd065469ae35db112484cd925e45a6ab46399fad8041736d00
/Users/mic/Downloads/20250930/sz301314.csv,sz301314.csv,sz,301314,2023-03-28,2025-09-30,612,58590,True,utf-8,c41dd76b8004d3431a75a30abf55a269ba13a9e1dec057d93b7febed1a407fa2
/Users/mic/Downloads/20250930/sh603395.csv,sh603395.csv,sh,603395,2024-11-26,2025-09-30,209,20395,True,utf-8,86f088648553414541f9c3ee3835610b4ccf81afbb0c22e0f917d2cc9bc5dabe
/Users/mic/Downloads/20250930/sh600844.csv,sh600844.csv,sh,600844,1994-03-11,2025-09-30,7253,678064,True,utf-8,f542ddad1a2a6f2294b6c4bc385f2ab5078ccb204eba1417184b6876f841b364
/Users/mic/Downloads/20250930/bj834261.csv,bj834261.csv,bj,834261,2023-04-03,2025-09-30,608,59284,True,utf-8,ab3cbcf4546d367bc685faa4f04a76abd4f7d7e508f33305dba32377716262b2
/Users/mic/Downloads/20250930/sz002855.csv,sz002855.csv,sz,002855,2017-03-21,2025-09-30,2076,200957,True,utf-8,47bbca555b6f06f7e7b58f12ceaeab896545dbe6da4552482fd3c3b82289750f
/Users/mic/Downloads/20250930/sz300022.csv,sz300022.csv,sz,300022,2009-10-30,2025-09-30,3665,349891,True,utf-8,3fba19562d7f0c543d4e7db971668c13cbdabc942c13df489edaaadf03762980
/Users/mic/Downloads/20250930/sz000930.csv,sz000930.csv,sz,000930,1999-07-12,2025-09-30,6139,587467,True,utf-8,2dc14ef37f00ac04a2ebac5b37d4dcce9bb8d417bbfec562d0d97dce09c4af44
/Users/mic/Downloads/20250930/sz301328.csv,sz301328.csv,sz,301328,2022-09-08,2025-09-30,743,72842,True,utf-8,af7bd9791920f793cc0893387488fed360e5d58c574b347abe63cbb080dc4755
/Users/mic/Downloads/20250930/sz300036.csv,sz300036.csv,sz,300036,2009-12-25,2025-09-30,3748,368216,True,utf-8,838a3b405f4f5452cd078b98508adc06f4e3368ff458155ec707eb867721c03d
/Users/mic/Downloads/20250930/sz300750.csv,sz300750.csv,sz,300750,2018-06-11,2025-09-30,1777,189489,True,utf-8,2aff34c1c7c397089ac579a3f8338969717cd38c244c11d5d8defff8a6311904
/Users/mic/Downloads/20250930/sz002841.csv,sz002841.csv,sz,002841,2017-01-19,2025-09-30,2114,210485,True,utf-8,674df45c780979ee924d37f61d3905c3812919597b03b6c04694101019870a2b
/Users/mic/Downloads/20250930/sz300988.csv,sz300988.csv,sz,300988,2021-05-12,2025-09-30,1069,106504,True,utf-8,ad2a137041318a220f73890cd67e6203a5a412e08767bbb0ffe08c995e0074e4
/Users/mic/Downloads/20250930/sz001390.csv,sz001390.csv,sz,001390,2025-05-29,2025-09-30,88,9211,True,utf-8,6a5f3dd124a40aa67eb7c03358e365af145ff641da3fc21a4ed66b645555312f
/Users/mic/Downloads/20250930/sh688371.csv,sh688371.csv,sh,688371,2022-08-02,2025-09-30,770,75014,True,utf-8,2c8d411daa45246c4a2f7619d3dc0130ffe43619f49079875286bf667fb76c96
/Users/mic/Downloads/20250930/sz000065.csv,sz000065.csv,sz,000065,1998-06-05,2025-09-30,6416,606694,True,utf-8,d63e09a078557a5343ef32860dea28cb30c83a6b24247dc64eceb08ff0119d31
/Users/mic/Downloads/20250930/sz300963.csv,sz300963.csv,sz,300963,2021-04-09,2025-09-30,1089,104535,True,utf-8,3153eeae5bf8abdf0a838b05b519ef399e3b31aa37394794553a3203cbb470ee
/Users/mic/Downloads/20250930/sh600893.csv,sh600893.csv,sh,600893,1996-04-08,2025-09-30,6506,637921,True,utf-8,67a6e61a4ae7946b0117bb9898009983f14218e1e0cbce7f92c95703de00ba81
/Users/mic/Downloads/20250930/sz002672.csv,sz002672.csv,sz,002672,2012-04-26,2025-09-30,3165,304341,True,utf-8,c722089c465a9282a19dabe4c0db07e4cf44a3bdc6089565458f1f5dc21c2b0b
/Users/mic/Downloads/20250930/sh601555.csv,sh601555.csv,sh,601555,2011-12-12,2025-09-30,3335,322791,True,utf-8,ddb0df8ca2f457e1fe4f89c16e5a89971ef8f3ae37092591001b97d5e44a6ebb
/Users/mic/Downloads/20250930/sh601233.csv,sh601233.csv,sh,601233,2011-05-18,2025-09-30,3483,344044,True,utf-8,3b791c913d644e9b7747414b9f8b912db719f775a4b68d62eb21631a28ce16d8
/Users/mic/Downloads/20250930/sz002114.csv,sz002114.csv,sz,002114,2007-02-15,2025-09-30,4319,414501,True,utf-8,e0358b254f05a75ce38ac340f907ae0cdd85961cbf03bd3f53870c5ae5386a7d
/Users/mic/Downloads/20250930/bj830946.csv,bj830946.csv,bj,830946,2018-01-16,2025-09-30,1346,127405,True,utf-8,cddb76b29b7486549ff3a08efd0d3bcba2c8433a932596d297d962532c5da87a
/Users/mic/Downloads/20250930/sz000703.csv,sz000703.csv,sz,000703,1997-03-28,2025-09-30,6735,641010,True,utf-8,866b64611db7a3b323c0a229bd857538584164f29e0de04bd0333ebeae34572d
/Users/mic/Downloads/20250930/sh605055.csv,sh605055.csv,sh,605055,2021-01-29,2025-09-30,1133,103943,True,utf-8,13bea7effbf0ca6f0932b63a7d7ae84282c608c7d87b07a1f930289b404adec5
/Users/mic/Downloads/20250930/sz000717.csv,sz000717.csv,sz,000717,1997-05-08,2025-09-30,6724,643371,True,utf-8,6a3e5743cf5816f0860177c45637e2142e39b197838aae231f87472e87f19aef
/Users/mic/Downloads/20250930/sh688403.csv,sh688403.csv,sh,688403,2022-08-18,2025-09-30,758,73516,True,utf-8,ea295cfedbcb6a357cad2e4b7ff2afb86523815748c89415fa7ab07fa17c4d18
/Users/mic/Downloads/20250930/sz002100.csv,sz002100.csv,sz,002100,2006-12-26,2025-09-30,4358,417823,True,utf-8,1bcbf7d253a18c28a2ef5c544b743905efa8611d30f816999fac020b6f2fce17
/Users/mic/Downloads/20250930/sz300977.csv,sz300977.csv,sz,300977,2021-04-20,2025-09-30,1082,104540,True,utf-8,60635f38c577ebab67eb37f088c9b21913997c0e793c0f9aeefa0e10705ef556
/Users/mic/Downloads/20250930/sh600887.csv,sh600887.csv,sh,600887,1996-03-12,2025-09-30,7067,687957,True,utf-8,c580b1919025b0d9fa01f65b571a450d3ad53f35f3f4d145de4497da543306dc
/Users/mic/Downloads/20250930/sz002666.csv,sz002666.csv,sz,002666,2012-03-27,2025-09-30,3277,310144,True,utf-8,da93d1f646587397eec6354ea446e60f31e8e1e18d1dc8491bbc62ec9a5f1662
/Users/mic/Downloads/20250930/sh688365.csv,sh688365.csv,sh,688365,2020-04-29,2025-09-30,1318,128333,True,utf-8,c0bd38c6436bb3c25f6834dcaf2aa6650581622a711781c7ed451c8cc67745bb
/Users/mic/Downloads/20250930/sh603356.csv,sh603356.csv,sh,603356,2018-01-24,2025-09-30,1856,180922,True,utf-8,2a31e2f9b42768e0c1934f5a3e331bd344bdfda37fb378304e2d08fa416b89c1
/Users/mic/Downloads/20250930/sz301499.csv,sz301499.csv,sz,301499,2023-07-21,2025-09-30,535,51896,True,utf-8,0709545c5853681612871ef471c3b659b60537593db27b47657baeabf1e43e17
/Users/mic/Downloads/20250930/sz002896.csv,sz002896.csv,sz,002896,2017-08-29,2025-09-30,1964,187230,True,utf-8,2ccb47d3c3480649236748905143f1375850ca0c4f6d44182cc50b14de27e0a3
/Users/mic/Downloads/20250930/sz300787.csv,sz300787.csv,sz,300787,2019-08-15,2025-09-30,1488,144687,True,utf-8,bb55b6746630fc69e1318d0465ba5ed4b7c8f5f1eca5160ecb22bc793ad2b0d6
/Users/mic/Downloads/20250930/sz000059.csv,sz000059.csv,sz,000059,1997-01-30,2025-09-30,6767,651278,True,utf-8,5525d78c09078e8bd93784c666912ec278578057a43e364593cca6788c69a087
/Users/mic/Downloads/20250930/sh603418.csv,sh603418.csv,sh,603418,2025-09-23,2025-09-30,6,657,True,utf-8,d54ef9f6d8d8dba065e7764b8c3a973c5797d798d42cf373028ec42f6ce368e1
/Users/mic/Downloads/20250930/sh605069.csv,sh605069.csv,sh,605069,2021-08-16,2025-09-30,1002,95071,True,utf-8,9d00bbeb62daf367088f0584bc540e2b9d9c40aa232fd49746bce959557ba8b5
/Users/mic/Downloads/20250930/sz002128.csv,sz002128.csv,sz,002128,2007-04-18,2025-09-30,4300,424468,True,utf-8,8722e784298d67d723e1d324899cc0f5248f4301aa61395b9956a0f6ac79953a
/Users/mic/Downloads/20250930/sh600111.csv,sh600111.csv,sh,600111,1997-09-24,2025-09-30,6738,660346,True,utf-8,ae190ce37bcdb855c4ef7aa971fe52a08483748eb877d7650f1d8a2828fc8429
/Users/mic/Downloads/20250930/sh600105.csv,sh600105.csv,sh,600105,1997-09-29,2025-09-30,6647,629679,True,utf-8,3f94450ae3cc8d7d05b054f1be1e79035ce519f6adb4810424162254ce046471
/Users/mic/Downloads/20250930/sh688359.csv,sh688359.csv,sh,688359,2021-05-21,2025-09-30,1062,103885,True,utf-8,600a31a8217ad6153f2b84fa9b832528101bdd01d815d988d0bbd8b2aa1dd590
/Users/mic/Downloads/20250930/sz002882.csv,sz002882.csv,sz,002882,2017-07-17,2025-09-30,1997,190957,True,utf-8,061d31e73d20458be6b6d1b0d6a6e46cfb7c73e94f554e1f4d216a548f63460d
/Users/mic/Downloads/20250930/bj839792.csv,bj839792.csv,bj,839792,2023-03-30,2025-09-30,610,57294,True,utf-8,92b65f1fe12aca1e0b2980bac4ade181d440cad3fedaef77673f3386984125c8
/Users/mic/Downloads/20250930/sh600663.csv,sh600663.csv,sh,600663,1993-06-28,2025-09-30,7663,744582,True,utf-8,c957bb38f6c29bc620899ce1844089dc39d7ea5035237684f2f24c74f3cafe5c
/Users/mic/Downloads/20250930/sz300793.csv,sz300793.csv,sz,300793,2019-10-18,2025-09-30,1448,145193,True,utf-8,59543875648c701f231cf359206448fd3b4da71c3ceb2f4b4f8697821eca3a2e
/Users/mic/Downloads/20250930/sz301102.csv,sz301102.csv,sz,301102,2022-03-28,2025-09-30,855,82678,True,utf-8,7e36a77f038b8a34a1c441fd4809fe1f494c36fe9b0ada3405cf95a57f0c1a1b
/Users/mic/Downloads/20250930/bj831641.csv,bj831641.csv,bj,831641,2022-12-02,2025-09-30,688,66780,True,utf-8,4b3ee186eddf6ea701bd7ce5dfece5ba77df25ddbfc5ac6b9ee619a0020527f3
/Users/mic/Downloads/20250930/sh603183.csv,sh603183.csv,sh,603183,2017-09-05,2025-09-30,1955,185269,True,utf-8,ff57917748f2c77e2a038fa14b27ec5021145c45022d06e79f902d2b6508af42
/Users/mic/Downloads/20250930/sh601958.csv,sh601958.csv,sh,601958,2008-04-17,2025-09-30,4237,415745,True,utf-8,d788c5aebba06127e04110f96348991aa712fc054dfeb3acb9719f7e3385f881
/Users/mic/Downloads/20250930/sh603197.csv,sh603197.csv,sh,603197,2017-05-19,2025-09-30,2036,201242,True,utf-8,a842bd9bb9a7a5e4b543d7cc72594e5e5b1cfd9efc03cdacd55eae9380639db6
/Users/mic/Downloads/20250930/sh603829.csv,sh603829.csv,sh,603829,2017-10-17,2025-09-30,1936,176856,True,utf-8,6fc983ee4750f92fb9ce1c8d756d07d97b4bb43668656a95d0620d18f1d22d69
/Users/mic/Downloads/20250930/sz301116.csv,sz301116.csv,sz,301116,2022-01-18,2025-09-30,899,89283,True,utf-8,b883aa14184116585ae1e265506b4a209dee8bbc8f9882f73fdc19e7ea016a98
/Users/mic/Downloads/20250930/bj920002.csv,bj920002.csv,bj,920002,2024-05-30,2025-09-30,329,31969,True,utf-8,36619ff6b538e25ffa945d61b5f1d0674dc8ffe4eabea4d7efdeb7734d3d11ae
/Users/mic/Downloads/20250930/sh603801.csv,sh603801.csv,sh,603801,2017-06-30,2025-09-30,2008,195232,True,utf-8,0ae07c6bf366f831c8cb45ffcfb7df7127ade66ddb27497b8fa3f9b17513df99
/Users/mic/Downloads/20250930/sz300220.csv,sz300220.csv,sz,300220,2011-05-25,2025-09-30,3270,315035,True,utf-8,d8326b7f82e2ced3ed36bf3b7dcd2a531dff68c7b69bb807c988aef882c5e31e
/Users/mic/Downloads/20250930/sz301658.csv,sz301658.csv,sz,301658,2025-04-02,2025-09-30,125,12207,True,utf-8,491fe1eb04adb5e504f3489d7335193459b5ecb9e943f11fb77651ec72e14f7d
/Users/mic/Downloads/20250930/sz300546.csv,sz300546.csv,sz,300546,2016-09-28,2025-09-30,2189,215129,True,utf-8,09a3830259a101c628c808f580d796951a5f801d6ae2fcd612389ee392d905f8
/Users/mic/Downloads/20250930/sh688198.csv,sh688198.csv,sh,688198,2019-12-09,2025-09-30,1412,141478,True,utf-8,6f46cb931d0cb3027a0bd6811f53017c93e1ddbbfa9528c518b16fccc15f8904
/Users/mic/Downloads/20250930/sz300552.csv,sz300552.csv,sz,300552,2016-10-21,2025-09-30,2177,212821,True,utf-8,c3b1ddde1430a37454518a752a96f975c3bf2c7f2060fda6d3fc46e9564b9082
/Users/mic/Downloads/20250930/sz300234.csv,sz300234.csv,sz,300234,2011-06-22,2025-09-30,3382,316891,True,utf-8,5f5a5c57a83b8d788fa5d8361c78d0c2def7c37a668885a1d6a17013d9a49ef6
/Users/mic/Downloads/20250930/bj920016.csv,bj920016.csv,bj,920016,2024-09-13,2025-09-30,254,24583,True,utf-8,a62eb865a0f74e856dbf849b3e9880916689f756c1ba15a3d78d8bbefd28f6d8
/Users/mic/Downloads/20250930/sh603815.csv,sh603815.csv,sh,603815,2019-10-21,2025-09-30,1437,137221,True,utf-8,d3cf4f852d2f4937974cd05790fa6c3410e28aa34b5a6c5291b4e8d6e86ef7a7
/Users/mic/Downloads/20250930/sh688615.csv,sh688615.csv,sh,688615,2024-09-26,2025-09-30,247,24559,True,utf-8,b299cc4c99a266cab1e36c930e6a69c674d1718f76d8ab7ec3149d8ec1d3e503
/Users/mic/Downloads/20250930/sz000501.csv,sz000501.csv,sz,000501,1992-11-20,2025-09-30,7825,754626,True,utf-8,756768e27036b0c75139a414ed1d6a1b29748813e8cd1d57a511a28facbb607f
/Users/mic/Downloads/20250930/sh603626.csv,sh603626.csv,sh,603626,2017-02-09,2025-09-30,2104,203008,True,utf-8,5785432b5cb8539ed097d77cba27536a4f1b0e76fc8cef04aeafa9e1d44ceabc
/Users/mic/Downloads/20250930/sz003008.csv,sz003008.csv,sz,003008,2020-09-23,2025-09-30,1218,115073,True,utf-8,7cfc198be85daa119c69e9477c4a13bb2f5d22b32e15926b958ccd74ecf24403
/Users/mic/Downloads/20250930/sz002316.csv,sz002316.csv,sz,002316,2009-12-09,2025-09-30,3390,321702,True,utf-8,fda471dadd3b8c09ab01fbbf6eb33edf7e1e7d4d88da926313dc8cbe23d8500f
/Users/mic/Downloads/20250930/sz002470.csv,sz002470.csv,sz,002470,2010-09-08,2025-09-30,3543,342369,True,utf-8,cb746184fe045aaa78ec94810e1ace19ab2a6d7d916306ca473526c3a97f83a2
/Users/mic/Downloads/20250930/sh600449.csv,sh600449.csv,sh,600449,2003-08-29,2025-09-30,5240,499563,True,utf-8,824484311dafa17d617d55e8f8139e4f92a3c148a504ade696ce5a5a560ec029
/Users/mic/Downloads/20250930/sh688173.csv,sh688173.csv,sh,688173,2022-01-21,2025-09-30,888,87924,True,utf-8,c5291dccc8c3881e839a874f6b67e3e368deaad8eae6b6b55aaa73eb016cfa39
/Users/mic/Downloads/20250930/sh688167.csv,sh688167.csv,sh,688167,2021-12-24,2025-09-30,915,92579,True,utf-8,c86bb02574a45e5e2cbee9f6672023044946a372713f831b841c72ceb257171f
/Users/mic/Downloads/20250930/sz002302.csv,sz002302.csv,sz,002302,2009-11-03,2025-09-30,3761,362362,True,utf-8,c4061e8c0aaf360e0cd938e52292b204205159fab929ddbc9495120e29212a89
/Users/mic/Downloads/20250930/sh688601.csv,sh688601.csv,sh,688601,2021-06-28,2025-09-30,1037,101263,True,utf-8,4f5fb3c16cd51d32a71c676380f42eac234ec490df2883562aab328a5bbc51b4
/Users/mic/Downloads/20250930/sh600313.csv,sh600313.csv,sh,600313,2001-01-19,2025-09-30,5210,484989,True,utf-8,aca58ae5e95675950b1ca6f44a16354f8560d7367dfc47ef7b240179a2a4aabb
/Users/mic/Downloads/20250930/sh688629.csv,sh688629.csv,sh,688629,2023-06-27,2025-09-30,553,54377,True,utf-8,3374647a15c8352b790bcdd8d798cb1c9769f98d87c41a1b76005c30ed0541f9
/Users/mic/Downloads/20250930/sz300585.csv,sz300585.csv,sz,300585,2016-12-29,2025-09-30,2122,199576,True,utf-8,d4fed95af8a605bdfe42b42bbdb15d7eb995273b896d7b96b96bcf3675a0c79f
/Users/mic/Downloads/20250930/sh600475.csv,sh600475.csv,sh,600475,2003-07-21,2025-09-30,5205,481957,True,utf-8,3e4dd0aaa42afe19a455a889f94c2732660ef7bbefd7d2b7bdd317e861610630
/Users/mic/Downloads/20250930/sz300591.csv,sz300591.csv,sz,300591,2017-01-10,2025-09-30,2121,200651,True,utf-8,b9686990ad3876ad64a9c0d2499bf8d012e5ba15e1d53b1426de79dcdf747cb7
/Users/mic/Downloads/20250930/sz002458.csv,sz002458.csv,sz,002458,2010-08-10,2025-09-30,3566,344703,True,utf-8,e580d39f8d675a81fcc6316c8339fb0933ebcfeb64ca91fc98c0ecff0069550b
/Users/mic/Downloads/20250930/sh600461.csv,sh600461.csv,sh,600461,2004-06-01,2025-09-30,4996,465670,True,utf-8,a3290c268e078710ddcf0a848e533fed90e84bf743138f99a28cffbf9f744cda
/Users/mic/Downloads/20250930/sh603168.csv,sh603168.csv,sh,603168,2014-07-02,2025-09-30,2713,260224,True,utf-8,5c5cd5ab9a7d3b827331a8cdf8f88ac5136fda876e3854a8d61b87a8227e1f9e
/Users/mic/Downloads/20250930/sz000529.csv,sz000529.csv,sz,000529,1993-11-18,2025-09-30,6777,639413,True,utf-8,289dbd4cd47345aa68feb2ba127709d0c55fe625dddaa8c56b104c60a38cc0af
/Users/mic/Downloads/20250930/sh600307.csv,sh600307.csv,sh,600307,2000-12-20,2025-09-30,5919,556211,True,utf-8,e4ada00c99903e7413f8cc05e30d63e75840ffeef3dd4f2ef9c2c5687c0451bb
/Users/mic/Downloads/20250930/sz003020.csv,sz003020.csv,sz,003020,2020-12-15,2025-09-30,1165,114111,True,utf-8,9c2d4d29365808155fd27fae8c7cc7f9900a06a02c67537ea6a69361ea757765
/Users/mic/Downloads/20250930/sh601019.csv,sh601019.csv,sh,601019,2017-11-22,2025-09-30,1910,183919,True,utf-8,d5163b1eb11fad71054ed517fd6e47e279d34603e96f63adbf6064958857d4d3
/Users/mic/Downloads/20250930/sh600477.csv,sh600477.csv,sh,600477,2003-11-10,2025-09-30,5203,491031,True,utf-8,48415f414603104566e463d25f4508b698a7b6b935684e98386f2973b69af6e7
/Users/mic/Downloads/20250930/sz300587.csv,sz300587.csv,sz,300587,2017-01-05,2025-09-30,2124,203308,True,utf-8,96f227078274c141c26105fae2fb5de3d715f9b4c61525de77d06ba6c7e674ef
/Users/mic/Downloads/20250930/sh603618.csv,sh603618.csv,sh,603618,2015-02-17,2025-09-30,2558,245767,True,utf-8,ca87bf8c9d46c391a44a1f204be15e8096ef23648a04310b545acc33b67a377c
/Users/mic/Downloads/20250930/sz002328.csv,sz002328.csv,sz,002328,2009-12-30,2025-09-30,3753,354445,True,utf-8,56635b31df7c99a30086dd99889a62446e09154c7e3d26252d2cecf2ce20796c
/Users/mic/Downloads/20250930/sz003036.csv,sz003036.csv,sz,003036,2021-01-28,2025-09-30,1134,110135,True,utf-8,895d839e3d8ec591e62a31f5b28ba6156a33d22f2927c769690c8d8637da239f
/Users/mic/Downloads/20250930/sz003022.csv,sz003022.csv,sz,003022,2020-12-08,2025-09-30,1170,116755,True,utf-8,7ad4a5602606d82c6a9aa2398344dd81fd1bbcb6759ec05f874a7ffb927cc74c
/Users/mic/Downloads/20250930/sh600305.csv,sh600305.csv,sh,600305,2001-02-06,2025-09-30,5922,548514,True,utf-8,9c0405ea3b784803c06bffc62fa619829142bac64236dd25cd07e0a9e8d8b9eb
/Users/mic/Downloads/20250930/sh688159.csv,sh688159.csv,sh,688159,2020-01-23,2025-09-30,1380,135817,True,utf-8,5db578faafe4a9c2872a20c498efa8ed8e37b04ea16c364ccb9c44aa9be0f873
/Users/mic/Downloads/20250930/sh600463.csv,sh600463.csv,sh,600463,2004-03-18,2025-09-30,5163,478666,True,utf-8,257267698fd9083896d0fe15b760e48efedfd581737bf6d195768742275ad1bf
/Users/mic/Downloads/20250930/sz300593.csv,sz300593.csv,sz,300593,2017-01-13,2025-09-30,2077,203454,True,utf-8,b0c5aa5b701ce507517c28227a0287b6c0f6adb54198ffcc6102dc84a6b27815
/Users/mic/Downloads/20250930/sh688171.csv,sh688171.csv,sh,688171,2022-01-27,2025-09-30,892,86093,True,utf-8,d493857652ea8845aaa95ba58d403e32caa9b71d4f1f6d4d2aa877045ff59b77
/Users/mic/Downloads/20250930/bj920799.csv,bj920799.csv,bj,920799,2015-03-10,2025-09-30,1750,164462,True,utf-8,bec95254897e8a0e3b79215fe3345070b28c06f8e8945e8ece63351c4091719f
/Users/mic/Downloads/20250930/sz002472.csv,sz002472.csv,sz,002472,2010-09-10,2025-09-30,3641,355544,True,utf-8,c25c45ba2e6e7d8b3df81a124d6cbb21c9b6a0e298adbb5f33b6546f50d5f1b8
/Users/mic/Downloads/20250930/sh601033.csv,sh601033.csv,sh,601033,2024-01-18,2025-09-30,413,39786,True,utf-8,e12412a3b214aaec89b6bfc45780dd01ead981f23f108f6144236b3063914eba
/Users/mic/Downloads/20250930/sz002314.csv,sz002314.csv,sz,002314,2009-12-03,2025-09-30,3649,348498,True,utf-8,d92f6c94acf113c06fcc071f1722de418fb0e74c99d47acfbbb6db072f64676b
/Users/mic/Downloads/20250930/sz000503.csv,sz000503.csv,sz,000503,1992-11-30,2025-09-30,7644,733690,True,utf-8,52a1f27289b5c6f4ce3e4a73fe478085389f784a0449045bc895ad08803fba7f
/Users/mic/Downloads/20250930/sh605255.csv,sh605255.csv,sh,605255,2020-08-25,2025-09-23,1221,118714,True,utf-8,47f3b7a659afb1e73fb6cd32288c73e5394916c754eb188943932747cad075f9
/Users/mic/Downloads/20250930/sh688617.csv,sh688617.csv,sh,688617,2021-01-07,2025-09-30,1149,119846,True,utf-8,4a176b55bfd2a79d86c23167dda3352731cc215e30e305224953db78e767810e
/Users/mic/Downloads/20250930/sh603630.csv,sh603630.csv,sh,603630,2017-03-13,2025-09-30,2082,205163,True,utf-8,fe7091a1dff6a2aa33a5be965c02dd5f80c2e6a4ff4059e03771a4c12764e72e
/Users/mic/Downloads/20250930/sz000517.csv,sz000517.csv,sz,000517,1993-08-06,2025-09-30,6814,648247,True,utf-8,eee147cdcc033293829cfdd43f55e8a687735b3572307295c665c23671410225
/Users/mic/Downloads/20250930/sh688603.csv,sh688603.csv,sh,688603,2023-07-10,2025-09-30,544,54873,True,utf-8,bcb08496f0aedff862e0e5a8633c312dae1e117cdd9d03fa27f3589303801feb
/Users/mic/Downloads/20250930/sz002300.csv,sz002300.csv,sz,002300,2009-10-21,2025-09-30,3868,371972,True,utf-8,5354b4eeb28d1d38a974a977369e3657d6e1705196b9474c273668bd69f4719d
/Users/mic/Downloads/20250930/sh600339.csv,sh600339.csv,sh,600339,2000-12-25,2025-09-30,5786,550968,True,utf-8,fcfd4ea0d2ed6500d38a1b139e2a7ae335d1b8e162f2dbeed0c10e909f3fb39e
/Users/mic/Downloads/20250930/sh601999.csv,sh601999.csv,sh,601999,2007-12-21,2025-09-30,4216,401268,True,utf-8,def1c7ae363e3b21cf326664ab9c63a15e80b8999753f775d5396e4c2480c1cd
/Users/mic/Downloads/20250930/sz002466.csv,sz002466.csv,sz,002466,2010-08-31,2025-09-30,3506,349283,True,utf-8,da42587e257dc091bfc16efb966e179b50ae95f1b56a554757e66367dd63ae56
/Users/mic/Downloads/20250930/sh688165.csv,sh688165.csv,sh,688165,2020-07-15,2025-09-30,1268,123038,True,utf-8,18dcc6ccf43a8e80a2e9861d9d684c99c26f955dfa4dac83f0d1bd76ecafa2df
/Users/mic/Downloads/20250930/sh603156.csv,sh603156.csv,sh,603156,2018-02-12,2025-09-30,1853,184763,True,utf-8,14c0deccd8d756faee2c7f8d2d939dde99c67e4ba58f05bc64dc3aa9ace49b94
/Users/mic/Downloads/20250930/sz300222.csv,sz300222.csv,sz,300222,2011-05-25,2025-09-30,3170,305394,True,utf-8,f7350d843d48f52fae3a988dfda948aae0b78f86bd8a705676020cf0b503c2a6
/Users/mic/Downloads/20250930/sh603803.csv,sh603803.csv,sh,603803,2017-04-20,2025-09-30,2053,197763,True,utf-8,ae958d571253d44c4461d727da605e29825673ff51db3f54b9005bde172dd9cc
/Users/mic/Downloads/20250930/sh603817.csv,sh603817.csv,sh,603817,2017-02-20,2025-09-30,2097,201036,True,utf-8,6aa63c20fdbbfc00ab699af5c054d10273748f4816bd8d03371b05c9320ffa35
/Users/mic/Downloads/20250930/sz301128.csv,sz301128.csv,sz,301128,2021-11-10,2025-09-30,947,92741,True,utf-8,078f9ae4309397d00a1a0701f01f1a8bee66b9d0f14ed78d7153982f818a76e9
/Users/mic/Downloads/20250930/sz300236.csv,sz300236.csv,sz,300236,2011-06-29,2025-09-30,3428,334806,True,utf-8,07fce15b322198b4552f35c418d0e1d8fbe5dfef00e3b19a477f3bd8332aa079
/Users/mic/Downloads/20250930/sz300550.csv,sz300550.csv,sz,300550,2016-10-18,2025-09-30,2180,209937,True,utf-8,8d7a46c3f22896a86ab1a68c8121dcc0b42744893535a477c8eb6922b1ba55c3
/Users/mic/Downloads/20250930/sh601966.csv,sh601966.csv,sh,601966,2016-07-06,2025-09-30,2228,221672,True,utf-8,3a66f793728f3ec7501c03c5e01927e083bc0778584627a13ac8651a86676a5c
/Users/mic/Downloads/20250930/bj836892.csv,bj836892.csv,bj,836892,2017-09-05,2025-09-30,999,94639,True,utf-8,33fc8117005f2701954d9ed76de9ac39053a6861213b1d14f4e19091887314d8
/Users/mic/Downloads/20250930/sz300578.csv,sz300578.csv,sz,300578,2017-01-25,2025-09-30,2036,202316,True,utf-8,a7e0d68a92d0f2621a8d19231fa185cae036740115f47351fb8612a79c705386
/Users/mic/Downloads/20250930/sh600488.csv,sh600488.csv,sh,600488,2001-06-18,2025-09-30,5745,544619,True,utf-8,9bba6e07d4adafc7e9b1db580b79b4cbb5f337a8890e9446234693e12a25588f
/Users/mic/Downloads/20250930/sh603181.csv,sh603181.csv,sh,603181,2017-08-24,2025-09-30,1969,187971,True,utf-8,b81b72bbf61641fd02b01a65b3f6e9ec7fa2e9deb690923340f91c91919bdeec
/Users/mic/Downloads/20250930/sh605296.csv,sh605296.csv,sh,605296,2021-05-28,2025-09-30,1057,103122,True,utf-8,af845c36ac9be671b1206c3cd31461ec1aa446834b8575eaa3e0470ffff74e13
/Users/mic/Downloads/20250930/sz301100.csv,sz301100.csv,sz,301100,2021-12-17,2025-09-30,920,81484,True,utf-8,6988225b1b8d493e72fbd6cdc85a9df948fcdbd4bc5f1b40ecdaff33c0accab5
/Users/mic/Downloads/20250930/sh603195.csv,sh603195.csv,sh,603195,2020-02-06,2025-09-30,1376,136928,True,utf-8,d9e373498a8b03f277619352c03c514480f5d05f6f9227423e6f332733666ab2
/Users/mic/Downloads/20250930/sh600113.csv,sh600113.csv,sh,600113,1997-10-21,2025-09-30,6499,588708,True,utf-8,14d21d3dc44512cd472fa6b99f819eb17da1a7a536a1a6b0fea96d25753f5d2c
/Users/mic/Downloads/20250930/sh688429.csv,sh688429.csv,sh,688429,2023-06-29,2025-09-30,551,53466,True,utf-8,027e0ae9d88ebbf34e2351639debe689e2e1190811cfdb767f481bc53300f305
/Users/mic/Downloads/20250930/sz300785.csv,sz300785.csv,sz,300785,2019-07-15,2025-09-30,1511,148016,True,utf-8,6585283028f26ae8d1251bd6641b2f8c7828bb303f8494de5f6abb520c602be3
/Users/mic/Downloads/20250930/sh600675.csv,sh600675.csv,sh,600675,1993-09-24,2025-09-30,7453,709949,True,utf-8,8b8997240846f2ffc5d685a67642425b112857f72f086a14825f26992805f30c
/Users/mic/Downloads/20250930/sz300791.csv,sz300791.csv,sz,300791,2019-09-25,2025-09-30,1460,142794,True,utf-8,47418c6b560bdafb273243d70890fe815ccae8b375356e9568255a1ca6b99848
/Users/mic/Downloads/20250930/sz002658.csv,sz002658.csv,sz,002658,2012-03-09,2025-09-30,3287,317147,True,utf-8,ed8aa7e858ed314d662f1020040ae07bee5b1d7e303253b160a7b7e2e45a42ed
/Users/mic/Downloads/20250930/sz300949.csv,sz300949.csv,sz,300949,2021-02-26,2025-09-30,1118,106261,True,utf-8,424cc2e6a856f6e01d3b675686a4f3afa2c87ef6f4931a207479cc337d22245b
/Users/mic/Downloads/20250930/sz002880.csv,sz002880.csv,sz,002880,2017-06-16,2025-09-30,1975,192573,True,utf-8,cfd7e67e785de28ef0cff1bbf01ac8f4abc72a55c8e8a286531085edd623b0f7
/Users/mic/Downloads/20250930/sh600661.csv,sh600661.csv,sh,600661,1993-06-14,2025-09-30,7675,728617,True,utf-8,7a99d9f93f7ad4ddbad1eb28b7118b0b5e4ddbf4646a6b9e08ca52ca0ee035b8
/Users/mic/Downloads/20250930/bj839790.csv,bj839790.csv,bj,839790,2022-09-02,2025-09-30,747,69963,True,utf-8,935cc1c481997b2e8dccfd608fa545ef08f88acee7e43c578e12411a26e6bc83
/Users/mic/Downloads/20250930/sh603368.csv,sh603368.csv,sh,603368,2014-12-04,2025-09-30,2621,260629,True,utf-8,72d2e8c1048f4ce701780682c5364f30c24ef8bcee807a7f188a73cef00b4ca5
/Users/mic/Downloads/20250930/sz000729.csv,sz000729.csv,sz,000729,1997-07-16,2025-09-30,6782,649799,True,utf-8,c46eace44de53e52bb7a25b34ae275fb76e188876d7211c15a3ec6629970b65d
/Users/mic/Downloads/20250930/sh600107.csv,sh600107.csv,sh,600107,1997-11-06,2025-09-30,6647,621623,True,utf-8,f795d4d20b990f7ca1004827e0ef96c1b9cc1ee1ef04191cd6282d0490261a47
/Users/mic/Downloads/20250930/sz000701.csv,sz000701.csv,sz,000701,1997-02-26,2025-09-30,6865,653424,True,utf-8,a9a824fc0847ec9f9c55910c5f341820125d893d71371d97356cb61d80d9c9e3
/Users/mic/Downloads/20250930/sz002116.csv,sz002116.csv,sz,002116,2007-02-15,2025-09-30,4445,432658,True,utf-8,1c455871433d12260fe9e32d8b4a71366de743d38dd8197e0526553f4ad0891d
/Users/mic/Downloads/20250930/sh601231.csv,sh601231.csv,sh,601231,2012-02-20,2025-09-30,3294,327001,True,utf-8,84a4bdb6c6745fe6cd7fbc93086d52ce271d1aefa6a1dd70f8dcdffe952796bc
/Users/mic/Downloads/20250930/sz002670.csv,sz002670.csv,sz,002670,2012-04-16,2025-09-30,3035,298149,True,utf-8,28547b29c403c1830a5ad5683e163b0766e2e2bdc58faced51bab7dd15ed5a6a
/Users/mic/Downloads/20250930/sz300961.csv,sz300961.csv,sz,300961,2021-03-30,2025-09-30,1096,106693,True,utf-8,665fbb4ebafc2b94c838f92991c465b893771224172b57dbf069dca70afe4fd1
/Users/mic/Downloads/20250930/sh600649.csv,sh600649.csv,sh,600649,1993-05-18,2025-09-30,7410,708786,True,utf-8,f6af3f87c8a0dae7c9f099bdd34d4c706fae71406179b1c8d7e364abb5c2e259
/Users/mic/Downloads/20250930/sz001379.csv,sz001379.csv,sz,001379,2024-01-19,2025-09-30,412,38976,True,utf-8,d832a34541271483e4a77ae07ef55c6bd263db6ade3aed795d90f42ab1023b16
/Users/mic/Downloads/20250930/sh688373.csv,sh688373.csv,sh,688373,2022-08-05,2025-09-30,767,73385,True,utf-8,72ec5aa0c63c6b6cc5621516b30b182335bb2aeb14a34caf07123003365656d4
/Users/mic/Downloads/20250930/sh688367.csv,sh688367.csv,sh,688367,2021-06-28,2025-09-30,1037,101193,True,utf-8,b6bd282b937619aaa7385d5127c20c421d2ac82609c1299a125f8404785c3cc7
/Users/mic/Downloads/20250930/sh600885.csv,sh600885.csv,sh,600885,1996-02-05,2025-09-30,6925,664230,True,utf-8,e1b7763053d477b399826fd1faa8ce062a1168932dd420eb383f22197f9b1d74
/Users/mic/Downloads/20250930/sz002664.csv,sz002664.csv,sz,002664,2012-03-16,2025-09-30,3081,304307,True,utf-8,06ecd3e502eeea296f8b5a161ce88360d54095e3364908c4e46e1a0b4e3fc0b0
/Users/mic/Downloads/20250930/sz300975.csv,sz300975.csv,sz,300975,2021-04-21,2025-09-30,1081,105248,True,utf-8,4a192f1b58f038fc23401f9a73d537853fb5c82115c7c855db0bd71e06c4e16b
/Users/mic/Downloads/20250930/sz002102.csv,sz002102.csv,sz,002102,2006-12-29,2025-09-30,4167,396571,True,utf-8,116f875cc84fd20edd42dfbf8a646a9b032f53585e47935bd34c7130811dd31d
/Users/mic/Downloads/20250930/sh601225.csv,sh601225.csv,sh,601225,2014-01-28,2025-09-30,2841,271318,True,utf-8,555e727087ce04c7a161746c9cb66281ec0e747317bd7ada6d9f9e32f013e847
/Users/mic/Downloads/20250930/sh688401.csv,sh688401.csv,sh,688401,2022-08-17,2025-09-30,759,76805,True,utf-8,98c5fd288be4557c9d0de4da97e2933e92ad99f964c3bd5132bb702866a4e50d
/Users/mic/Downloads/20250930/sz000715.csv,sz000715.csv,sz,000715,1997-05-08,2025-09-30,6544,611834,True,utf-8,e441c0e606ae07ae124411a2722313a4d8ff20f7871e63c9132f0630490f0bfd
/Users/mic/Downloads/20250930/sz000926.csv,sz000926.csv,sz,000926,1999-06-18,2025-09-30,6261,606571,True,utf-8,803839bcf7083b1fb54814ba7aab15bf25362eadfb677384a104990ff49c6199
/Users/mic/Downloads/20250930/sz300020.csv,sz300020.csv,sz,300020,2009-10-30,2025-09-30,3691,355559,True,utf-8,fa577ec32ecdec8a82d3a177a1b0beb676dc4aacb2aedeec93990a175f314d78
/Users/mic/Downloads/20250930/sz301458.csv,sz301458.csv,sz,301458,2025-01-10,2025-09-30,177,18169,True,utf-8,748d9c81f8fa1998032eddcdfd8cd756b18a45187a83f83e8912ef028769d392
/Users/mic/Downloads/20250930/sz002857.csv,sz002857.csv,sz,002857,2017-03-23,2025-09-30,2001,185345,True,utf-8,ade650ec288f640f807c442e7164854243229591ccb54053e7f661b8a5bf1ac7
/Users/mic/Downloads/20250930/sz300746.csv,sz300746.csv,sz,300746,2018-05-25,2025-09-30,1771,171488,True,utf-8,f17343b88d2df81f3c316c25a6968e59afab79a8c1b12fde9943453522c729ea
/Users/mic/Downloads/20250930/sh688398.csv,sh688398.csv,sh,688398,2020-02-11,2025-09-30,1373,134038,True,utf-8,dda60a403e0cc8a3a890eb0ba384a87b08193306cf3cf4a9dc1dae807203f499
/Users/mic/Downloads/20250930/sz002843.csv,sz002843.csv,sz,002843,2017-01-20,2025-09-30,2113,203045,True,utf-8,07e57c85eae72f67772c010086bd17db46e40029c0a0539a063ebb3fb85ca764
/Users/mic/Downloads/20250930/sz300752.csv,sz300752.csv,sz,300752,2018-11-30,2025-09-30,1660,163726,True,utf-8,55c4a00cf665ced03cb7f873d1284f8bf09064cf31cc04b890d4df85d018c452
/Users/mic/Downloads/20250930/sz300034.csv,sz300034.csv,sz,300034,2009-12-25,2025-09-30,3732,367184,True,utf-8,7feb92ba235d7d574cb2a273c487f67dcbaa1c337a9ec9111b48f3d00c2bb2a4
/Users/mic/Downloads/20250930/sz000932.csv,sz000932.csv,sz,000932,1999-08-03,2025-09-30,6065,578895,True,utf-8,6b2c1e05d6802bbfd9d704a801fa5baf8a92ef46d662c66de56ba1164c129848
/Users/mic/Downloads/20250930/sz301302.csv,sz301302.csv,sz,301302,2022-06-23,2025-09-30,798,77555,True,utf-8,519d308782542d03ccba39ed43b2dc48b0525ee81c1ace3b13ed19081b8be71e
/Users/mic/Downloads/20250930/sh603383.csv,sh603383.csv,sh,603383,2017-05-22,2025-09-30,2033,203258,True,utf-8,f53de50f1c44c2796db937aaa7d1ba4b6e83f41f4e598696fd5a45dba95bffe9
/Users/mic/Downloads/20250930/sh600846.csv,sh600846.csv,sh,600846,1994-03-11,2025-09-30,7609,715765,True,utf-8,a48132136a95135e597cd68489c16c5626046659089eb7c978ffd8749dea44ca
/Users/mic/Downloads/20250930/sh605080.csv,sh605080.csv,sh,605080,2021-05-06,2025-09-30,1073,104174,True,utf-8,0ef0c1136777ac098fb107d4014091a07cdc3d4773be07957199237235ea4e68
/Users/mic/Downloads/20250930/sz300008.csv,sz300008.csv,sz,300008,2009-10-30,2025-09-30,3684,359846,True,utf-8,e4a28bf005e9e078ed4954ebd05b75c0db328fdf6218ce7620695f0c21067e4f
/Users/mic/Downloads/20250930/sz301316.csv,sz301316.csv,sz,301316,2022-10-13,2025-09-30,714,70416,True,utf-8,3b2200f24499265743f4b4786488790b372106394d9506992d5eca4c20ece755
/Users/mic/Downloads/20250930/sz300197.csv,sz300197.csv,sz,300197,2011-03-29,2025-09-30,3207,311639,True,utf-8,6cdf5ef4c0f182b9f77fbf2cb107a563bcdda7423ee6526fbe4f1fbbb9b630a0
/Users/mic/Downloads/20250930/sz301289.csv,sz301289.csv,sz,301289,2022-06-22,2025-09-30,799,76306,True,utf-8,f635a1785a9b382f678a6e08edc29b04c9e9cb494df6b8db0681354da8a83e65
/Users/mic/Downloads/20250930/sh600067.csv,sh600067.csv,sh,600067,1997-05-08,2025-09-30,6820,656426,True,utf-8,0be063726162b3a8189f0cfd76bd85201fc1ff21bf61fe1a55ce90f28fb8152a
/Users/mic/Downloads/20250930/sz001231.csv,sz001231.csv,sz,001231,2022-08-19,2025-09-30,757,70796,True,utf-8,620e70c44d045523867fd6025fba250f7a03ebf07a01e1681a6cbcc277a09847
/Users/mic/Downloads/20250930/sh603208.csv,sh603208.csv,sh,603208,2017-02-10,2025-09-30,2103,205374,True,utf-8,b9fef207d3f70e6cbc26cc3f81e9a76b3b6135818f4d328c365ae8fc4042fd14
/Users/mic/Downloads/20250930/sz300829.csv,sz300829.csv,sz,300829,2020-04-22,2025-09-30,1323,131406,True,utf-8,2df87164d69a1ba5a7c7f157daaffcf3da331249a41ae4888c4a3ea15649d2ed
/Users/mic/Downloads/20250930/sz002738.csv,sz002738.csv,sz,002738,2014-12-30,2025-09-30,2488,242881,True,utf-8,b32ac4fada7fcdf5d625cc94e90becbe18dcd2803de86143ce6db2a3c9300bdb
/Users/mic/Downloads/20250930/sh600715.csv,sh600715.csv,sh,600715,1996-07-01,2025-09-30,6764,635412,True,utf-8,84b5c2809f581bbd3d5ce8c72077d4b510f1e0ea5b961cfebfb8ed44ddbec6b3
/Users/mic/Downloads/20250930/sz001225.csv,sz001225.csv,sz,001225,2023-02-22,2025-09-30,636,61142,True,utf-8,7fd687d5d08102de185456e6c76f6c6e64eee9302018cd5fc7d67869d71f56c5
/Users/mic/Downloads/20250930/sh688549.csv,sh688549.csv,sh,688549,2023-09-08,2025-09-30,500,47752,True,utf-8,839f6c2c28fafc2e4e4c0e5cd153386f6460de2a1ecb8df17fa77db8541a57b5
/Users/mic/Downloads/20250930/sz000885.csv,sz000885.csv,sz,000885,1999-03-19,2025-09-30,5931,561817,True,utf-8,e7855d768101730c29688b805a193c1c8c355d0bccf9fb9bb8b1333b36fddab9
/Users/mic/Downloads/20250930/sz300183.csv,sz300183.csv,sz,300183,2011-02-22,2025-09-30,3450,338860,True,utf-8,e8dd202b7ca26f4a6cb82a58e1c08734915b905c506df24952b4b6805fc22887
/Users/mic/Downloads/20250930/sh600073.csv,sh600073.csv,sh,600073,1997-07-04,2025-09-30,6695,628350,True,utf-8,003777ebe2a07967ff45b81a09673872e21f3db81210731f223ef23e6293a6e6
/Users/mic/Downloads/20250930/sh605123.csv,sh605123.csv,sh,605123,2020-08-25,2025-09-30,1239,122489,True,utf-8,c6591b7a0499f69634f59415cc4bfa292a0edd3c26d8be9408ba2651ec1f07b5
/Users/mic/Downloads/20250930/sh688561.csv,sh688561.csv,sh,688561,2020-07-22,2025-09-30,1263,125511,True,utf-8,f57219117e9e8c9560002ede8dcae86cdd9695200a22a16156b74d20c6414ac4
/Users/mic/Downloads/20250930/sz002062.csv,sz002062.csv,sz,002062,2006-08-16,2025-09-30,4589,434549,True,utf-8,a013f7cac02794659b947ab8e102f3b68cd210134d9973173a03e66c2e7f8af7
/Users/mic/Downloads/20250930/sz300815.csv,sz300815.csv,sz,300815,2020-01-23,2025-09-30,1380,137801,True,utf-8,ba5d97fffc91f916c955cbee7173681a7ed0c68a42b4204a9766303d9536acd9
/Users/mic/Downloads/20250930/sh688207.csv,sh688207.csv,sh,688207,2022-03-17,2025-09-30,862,85376,True,utf-8,8aeb508172f44b6bf5a67bb0003dfac6d6787070e60e15bd04a8780d6bca2848
/Users/mic/Downloads/20250930/sh688213.csv,sh688213.csv,sh,688213,2022-05-20,2025-09-30,821,81162,True,utf-8,cc123f04dfd7abf517b997946bc8bd9a266593d62ed2507a7b0f31d44219cde8
/Users/mic/Downloads/20250930/sz001219.csv,sz001219.csv,sz,001219,2021-10-21,2025-09-30,961,93614,True,utf-8,8c4308893b3c2fc24b73ab45fa12d8d8295561c16f8b6bc5239bcc9b4c3e64e6
/Users/mic/Downloads/20250930/sh603220.csv,sh603220.csv,sh,603220,2018-11-15,2025-09-30,1671,164819,True,utf-8,428b3463b24adc9d198018e6c439cfd9538d1078f5734e3e38b64c1bd1fcfcfa
/Users/mic/Downloads/20250930/sh600729.csv,sh600729.csv,sh,600729,1996-07-02,2025-09-30,6754,648036,True,utf-8,17c81b1ca09606246575b6cfdbfa0bde82c5aad5192bc7cb470966faad76c154
/Users/mic/Downloads/20250930/sz300801.csv,sz300801.csv,sz,300801,2019-11-28,2025-09-30,1419,139499,True,utf-8,6bc9f8b3cab8dded5c2164e82746db34688ab16d58e16a2654bc5fcf345d4210
/Users/mic/Downloads/20250930/sz002076.csv,sz002076.csv,sz,002076,2006-10-25,2025-09-30,4267,408266,True,utf-8,84b65857f2c59d453400ca6ae5dcac73b46a6be74759b0a4d8a558d44ccf949f
/Users/mic/Downloads/20250930/sz000661.csv,sz000661.csv,sz,000661,1996-12-18,2025-09-30,6870,672248,True,utf-8,5dc6e731da942abd8e14b4951e014bb7517c286fee6ce6404da64a130425e3db
/Users/mic/Downloads/20250930/sh688575.csv,sh688575.csv,sh,688575,2021-05-17,2025-09-30,1066,105850,True,utf-8,0022b5098ce625ab3acf434da94bfb429d908dc199b5627e929e8af244d3436c
/Users/mic/Downloads/20250930/sz000852.csv,sz000852.csv,sz,000852,1998-11-26,2025-09-30,6298,599264,True,utf-8,4895cfb6ac5dea992cd02bd0630a5fa604fa55b3f39e3e1cf53721cc34fa2944
/Users/mic/Downloads/20250930/bj832000.csv,bj832000.csv,bj,832000,2017-03-29,2025-09-30,1159,107454,True,utf-8,20286fbd995aecde7aada9eccbf26be4bd28c5faece7ae1d25724a0ebebf5ac1
/Users/mic/Downloads/20250930/sz300154.csv,sz300154.csv,sz,300154,2010-12-29,2025-09-30,3554,334430,True,utf-8,ac89e08128f4ccdb8afcdd756ecff61bbe5de37011bd4378a8c30f16205a4876
/Users/mic/Downloads/20250930/sz300632.csv,sz300632.csv,sz,300632,2017-04-06,2025-09-30,2066,204567,True,utf-8,ef95edc06409e20f6aa46499ce28290cb8afc267af0a3a587161358bae8a9af1
/Users/mic/Downloads/20250930/sz002923.csv,sz002923.csv,sz,002923,2018-01-05,2025-09-30,1879,180631,True,utf-8,bc25e47fe26b73e9abe2ca4a32380a0061f071fa265f4b50828aedf8c6196fd1
/Users/mic/Downloads/20250930/sz300626.csv,sz300626.csv,sz,300626,2017-03-20,2025-09-30,2077,195729,True,utf-8,dbe0a80b4574b743ade97676a814fe106c4fb98d9175030dc03b909964b6bfaa
/Users/mic/Downloads/20250930/sz301538.csv,sz301538.csv,sz,301538,2024-03-20,2025-09-30,375,36461,True,utf-8,91d7357f7f8faceefa8f3f1fff7a2326512a2b51569e4119eaddedfd3318dcba
/Users/mic/Downloads/20250930/sz002937.csv,sz002937.csv,sz,002937,2018-09-26,2025-09-30,1702,166747,True,utf-8,32da5cb2c1f973956f863fcfa2b2dd031d678d54fc2118e4be4a90f06f7b8e34
/Users/mic/Downloads/20250930/sz300140.csv,sz300140.csv,sz,300140,2010-11-12,2025-09-30,3398,329829,True,utf-8,32d26b575ed162b329049428fd4bdb0aaa395cef8773f3837c0399af1a6ae4ca
/Users/mic/Downloads/20250930/sh600098.csv,sh600098.csv,sh,600098,1997-07-18,2025-09-30,6760,645900,True,utf-8,761631ee1e5e4b693a58d188c8f9f766d512165af0b104ac4fac3a6ee4c05a47
/Users/mic/Downloads/20250930/sz301276.csv,sz301276.csv,sz,301276,2022-09-09,2025-09-30,742,71776,True,utf-8,5ed575a3a23fea1cf5fa6fea103d278312a1e624e43200755158abc37dedcb91
/Users/mic/Downloads/20250930/sz300168.csv,sz300168.csv,sz,300168,2011-01-25,2025-09-30,3338,327469,True,utf-8,b4819413ab15f8f10d0b283211f5a5a9aaed40e26e85ae6ad712401f5a079ce5
/Users/mic/Downloads/20250930/bj873706.csv,bj873706.csv,bj,873706,2024-03-08,2025-09-30,383,36610,True,utf-8,732ae29b47228b0acc97b43dd5531af3c394b0f659f6199fede7216eb517cb34
/Users/mic/Downloads/20250930/bj832982.csv,bj832982.csv,bj,832982,2023-07-20,2025-09-30,536,54562,True,utf-8,c526c38f8306ca9d7b238c62299f3fd551441e6dbbb445e0dead48a64874fbff
/Users/mic/Downloads/20250930/sh600926.csv,sh600926.csv,sh,600926,2016-10-27,2025-09-30,2173,217564,True,utf-8,d89199c456f727bcaa8adebef084f92db0e09a0d09aad83026c8f7e62e74c572
/Users/mic/Downloads/20250930/sz301510.csv,sz301510.csv,sz,301510,2023-08-15,2025-09-30,518,50922,True,utf-8,70b98d6c3e3a083faa7cde63341ee2c18dd1618602f31f8b0eeccb66b03adca4
/Users/mic/Downloads/20250930/sh603585.csv,sh603585.csv,sh,603585,2016-12-14,2025-09-30,2139,206202,True,utf-8,7b06a958d6383afdcd1281ef330bf1eea259f4f20ac7e88b73e79a9a105c2d51
/Users/mic/Downloads/20250930/sz301262.csv,sz301262.csv,sz,301262,2023-06-20,2025-09-30,556,54489,True,utf-8,260e678a547f9c1a6e5d349779303f5bfe9a4378d57714d635635f4db176b1e5
/Users/mic/Downloads/20250930/sh600503.csv,sh600503.csv,sh,600503,2002-07-09,2025-09-30,5269,494141,True,utf-8,ee7b39dcfba59cd83e817f476c145dc15317477746bf95449006c524028d68d1
/Users/mic/Downloads/20250930/sh688039.csv,sh688039.csv,sh,688039,2019-12-11,2025-09-30,1410,140711,True,utf-8,c6536ddb9feffe3ce317cfbaf9eb0ac8e11667e1cc77de07e6ffa09530651458
/Users/mic/Downloads/20250930/sh600265.csv,sh600265.csv,sh,600265,2000-08-25,2025-09-30,5900,545986,True,utf-8,e1b0993cc0b4b89f5f17de736ebe0221cf94c03ed50022e04b60fb0767ebfc85
/Users/mic/Downloads/20250930/sz300395.csv,sz300395.csv,sz,300395,2014-09-10,2025-09-30,2690,265411,True,utf-8,b5796fdc7f31d4d8176faac1383c35362072add4d1e86d68814447d05dc507b8
/Users/mic/Downloads/20250930/sh600271.csv,sh600271.csv,sh,600271,2003-07-11,2025-09-30,5213,511733,True,utf-8,4c73eb3a6f98966835f4a19646a78fb67a3ab025cb98ede64c29bf7581d8a1e2
/Users/mic/Downloads/20250930/sz002248.csv,sz002248.csv,sz,002248,2008-06-12,2025-09-30,3932,373885,True,utf-8,65758fc8a0afb4e9a1709573c1fca859b74185823f9c78021ae9f63094ebda71
/Users/mic/Downloads/20250930/sz300381.csv,sz300381.csv,sz,300381,2014-01-28,2025-09-30,2685,259949,True,utf-8,56c5fbb30befec503d713bd31f311eb5f74bf6083da607d80900a19f19943292
/Users/mic/Downloads/20250930/sh603778.csv,sh603778.csv,sh,603778,2015-12-31,2025-09-30,2337,214650,True,utf-8,81c7cf0317b386ebe2b6d07b229e63b50c1aebb99a7bc180d84436b8bd8d45ae
/Users/mic/Downloads/20250930/sh601609.csv,sh601609.csv,sh,601609,2020-04-22,2025-09-30,1323,127680,True,utf-8,0160182f0e5748cec6a1960d4491a319e23bd1d4f169b04fba73f0a96b3e0dac
/Users/mic/Downloads/20250930/sh600517.csv,sh600517.csv,sh,600517,2003-10-10,2025-09-30,5156,485337,True,utf-8,283f4c6d7e5eee84b36a69c1260eb601b0e62de526696e113c39f1f799664ac7
/Users/mic/Downloads/20250930/sh603036.csv,sh603036.csv,sh,603036,2016-12-09,2025-09-30,2137,205763,True,utf-8,c473b4aacb59e59ab7d02d633cbe6615f90b8d314270a870f82bd79bf08f48ea
/Users/mic/Downloads/20250930/sh688005.csv,sh688005.csv,sh,688005,2019-07-22,2025-09-30,1505,149221,True,utf-8,167b368f152af7bdaa6336bb2bd2941301f74a308248f0419c5593be4220d9a5
/Users/mic/Downloads/20250930/sz002506.csv,sz002506.csv,sz,002506,2010-11-18,2025-09-30,3205,311020,True,utf-8,b26c350583fc8f06e33184d682f4ed353542f873e6ba37ccb679dcb5c6adad37
/Users/mic/Downloads/20250930/sh600259.csv,sh600259.csv,sh,600259,2000-05-25,2025-09-30,5534,535031,True,utf-8,450704218bc7b79ce26b3bdb3710575d7c0a1a5b367010b5c229fedcfd5eb254
/Users/mic/Downloads/20250930/sh603988.csv,sh603988.csv,sh,603988,2014-11-04,2025-09-30,2630,251711,True,utf-8,a9122db25938dcfe9aa9efb6548323eab8e556998081223922aecb2f436b32ad
/Users/mic/Downloads/20250930/sh688777.csv,sh688777.csv,sh,688777,2020-11-24,2025-09-30,1180,118051,True,utf-8,2cd0cc59dce4a061019378cd88d0239a7441f2e300ffef99bf3d36d56e8bf192
/Users/mic/Downloads/20250930/sz002274.csv,sz002274.csv,sz,002274,2008-09-25,2025-09-30,4089,387912,True,utf-8,55ebfeb1bc558296014237c09abca042de474530149c32b8aba637861e96a1ed
/Users/mic/Downloads/20250930/sz002512.csv,sz002512.csv,sz,002512,2010-12-03,2025-09-30,3184,305453,True,utf-8,b933466c932337c906198d19c240f39d6d132f7f7b8fdda2f94c8e5d3f5da3c7
/Users/mic/Downloads/20250930/sh603022.csv,sh603022.csv,sh,603022,2015-05-18,2025-09-30,2523,220523,True,utf-8,9524901c30b7c13ad17e97857000dd8a6a61d2d58a751f40ec0f88659435d773
/Users/mic/Downloads/20250930/sh688011.csv,sh688011.csv,sh,688011,2019-07-22,2025-09-30,1506,140492,True,utf-8,74b485e5c8a7aac425c447db363a9abce4d9b07c1ba8ca3110b9152e327de94f
/Users/mic/Downloads/20250930/sz300430.csv,sz300430.csv,sz,300430,2015-03-19,2025-09-30,2495,242561,True,utf-8,e58b98801f6fd82faad28d888de1508b128b064a6d19ad764f65e9e68e04e923
/Users/mic/Downloads/20250930/sz301048.csv,sz301048.csv,sz,301048,2021-08-18,2025-09-30,1000,98475,True,utf-8,ee3660f01f76bd9686925830b17d097e5238d8538f95baf9bf9ec77098298667
/Users/mic/Downloads/20250930/sz000488.csv,sz000488.csv,sz,000488,2000-11-20,2025-09-30,5938,572147,True,utf-8,9d591053fb53f961b47d6e53cb53dedd58b9a196b34e6b8100840d9db752b1dc
/Users/mic/Downloads/20250930/sh603977.csv,sh603977.csv,sh,603977,2016-11-11,2025-09-30,2073,198079,True,utf-8,daff42d5e1cf3936197a1660663c5ac9f9b98a7dcb056f6878167f2bbec3c010
/Users/mic/Downloads/20250930/bj835579.csv,bj835579.csv,bj,835579,2023-11-30,2025-09-30,447,43424,True,utf-8,6b33695dda4aaac1d158d809c3a28b72eb758b6d99cbcde978a77c68feb6a063
/Users/mic/Downloads/20250930/sh688788.csv,sh688788.csv,sh,688788,2020-10-22,2025-09-30,1203,119729,True,utf-8,6b0c3b7f6c34b2e0bcab1eaa4570ba22cec0bdfd508287c4a361f2ce2daf51a2
/Users/mic/Downloads/20250930/sz300342.csv,sz300342.csv,sz,300342,2012-07-26,2025-09-30,3126,302099,True,utf-8,71171904ea1da2befa498b0ccde9e3eae5360b6fce03d77d9833b4a852e0dff8
/Users/mic/Downloads/20250930/sz300424.csv,sz300424.csv,sz,300424,2015-04-22,2025-09-30,2483,246370,True,utf-8,561e01792d0920647bb15a7034de634021bf2cfdba4117e60b43cfd5480ca194
/Users/mic/Downloads/20250930/bj835237.csv,bj835237.csv,bj,835237,2022-11-25,2025-09-30,693,66154,True,utf-8,2fc13b798f72bc60b9238c98f1832af8010b846700b3adceebe277dcd2052fe6
/Users/mic/Downloads/20250930/sz301060.csv,sz301060.csv,sz,301060,2021-09-13,2025-09-30,982,98678,True,utf-8,a4c2482032584f864957aa70f423882dbe7d947b255f0b2975eb40f4809cab2e
/Users/mic/Downloads/20250930/sh603787.csv,sh603787.csv,sh,603787,2017-04-27,2025-09-30,2051,199512,True,utf-8,c737c0a541a422c59e12542d6cb770d6159f900e2d4ae581f1697094763c1d74
/Users/mic/Downloads/20250930/sz300418.csv,sz300418.csv,sz,300418,2015-01-21,2025-09-30,2531,255654,True,utf-8,1b03ec8139974b648f922946f30a54db039e279944ef93682aade3f84790b8b3
/Users/mic/Downloads/20250930/sh603786.csv,sh603786.csv,sh,603786,2019-10-15,2025-09-30,1451,143914,True,utf-8,699e691eadc5d255c5fd678106a7742156d3df680ea335be5dc5128c721dd3cf
/Users/mic/Downloads/20250930/sz301061.csv,sz301061.csv,sz,301061,2021-09-13,2025-09-30,982,89266,True,utf-8,d5ab629e092985a6fe69f5652c5a34fb539b0b2f0e38635481db329fb5164173
/Users/mic/Downloads/20250930/sz300419.csv,sz300419.csv,sz,300419,2015-01-22,2025-09-30,2487,238951,True,utf-8,482cc5d5249d8357ef79b054efbb3f0e6ceeb877bd8a48091b1aed85ab45c0ad
/Users/mic/Downloads/20250930/sz003816.csv,sz003816.csv,sz,003816,2019-08-26,2025-09-30,1481,146120,True,utf-8,908d2b2c1d8145b98d9df4659364ead30aa9834d17deb9f634dd317ca6952cbf
/Users/mic/Downloads/20250930/sz301075.csv,sz301075.csv,sz,301075,2021-09-29,2025-09-26,970,88863,True,utf-8,5c6f7e7db61f7df3c19594fc226a802dd479d3d59d63e73c5674cce3e9ee4b9d
/Users/mic/Downloads/20250930/sz300343.csv,sz300343.csv,sz,300343,2012-08-01,2025-09-30,2918,283238,True,utf-8,a92a87e973a9df6fc478eca70feb9cf7beec02dc0bb5338a267e7c88fd7884f1
/Users/mic/Downloads/20250930/sh688789.csv,sh688789.csv,sh,688789,2021-07-08,2025-09-30,1029,101754,True,utf-8,e889031483d5a561299bd372edea4ab187dd3df54bb5ecece942a4f51f0abef9
/Users/mic/Downloads/20250930/sz300425.csv,sz300425.csv,sz,300425,2015-02-16,2025-09-30,2449,234156,True,utf-8,fb78f75ab26c7b6bb7d722b16571b459f2e75f23886faf2a77f069bf0177ade7
/Users/mic/Downloads/20250930/bj836717.csv,bj836717.csv,bj,836717,2023-07-03,2025-09-30,549,51359,True,utf-8,f388e013d763a9ef979e46acd9bfd8f1dc4a201c58a440055b155f96d94afcb8
/Users/mic/Downloads/20250930/sh603976.csv,sh603976.csv,sh,603976,2017-08-22,2025-09-30,1971,192375,True,utf-8,f69d94b7d958081fc125a1ffd4b3e58b34a1e42ae3e5f589520e3e6d6da62a4d
/Users/mic/Downloads/20250930/sz301049.csv,sz301049.csv,sz,301049,2021-08-24,2025-09-30,996,96043,True,utf-8,d1b8fe5007248832e6aa31bf1f7a6765b105c8734029271de57b55877d687c8b
/Users/mic/Downloads/20250930/sz300357.csv,sz300357.csv,sz,300357,2014-01-21,2025-09-30,2844,282049,True,utf-8,45c51ec6b36a62ca65e5a4ead4ce0c631f8e19a0971753240880ab9adbba3616
/Users/mic/Downloads/20250930/sz002275.csv,sz002275.csv,sz,002275,2009-07-10,2025-09-30,3935,390183,True,utf-8,7990d65566ef22da7ab7869bcc9044778ffe9e6d71576433d6bccebef2b70e80
/Users/mic/Downloads/20250930/sh688776.csv,sh688776.csv,sh,688776,2021-08-31,2025-09-30,991,97887,True,utf-8,0098b1cf89533449ed2bf58e644949f9125efc9d04f774c564453a29dccc47b3
/Users/mic/Downloads/20250930/sh688010.csv,sh688010.csv,sh,688010,2019-07-22,2025-09-30,1506,147931,True,utf-8,460df3aa8c5d5c033570532c436685ea4ec6a9ab24d5551c10b4419904504f21
/Users/mic/Downloads/20250930/sh603023.csv,sh603023.csv,sh,603023,2015-05-27,2025-09-30,2495,234424,True,utf-8,ce3130252c6d8867897f9e84ac8e1adc28c88197f46a86662cde8b37268d5a43
/Users/mic/Downloads/20250930/bj831087.csv,bj831087.csv,bj,831087,2022-12-07,2025-09-30,685,65000,True,utf-8,bdee16efd568a10020b0be9e4c1a4f866d87748304153aac6679f55af74d9c3a
/Users/mic/Downloads/20250930/sz002513.csv,sz002513.csv,sz,002513,2010-12-03,2025-09-30,3394,324462,True,utf-8,f4f8c7b0656ef40b7a21a8e07ededef79698666e3f8b1d2ebc9a28ec9866658b
/Users/mic/Downloads/20250930/sz002507.csv,sz002507.csv,sz,002507,2010-11-23,2025-09-30,3419,331723,True,utf-8,3acff01d28bc97e215934e6ca6a181598a579fc52c708e25031e99c6bf311257
/Users/mic/Downloads/20250930/sh688004.csv,sh688004.csv,sh,688004,2020-06-12,2025-09-30,1289,124339,True,utf-8,e4d765d3993cae6a8f4018117871c141791abca3d29e3bc39a5af105b8e6c8ca
/Users/mic/Downloads/20250930/sh603037.csv,sh603037.csv,sh,603037,2017-01-20,2025-09-30,2113,198805,True,utf-8,9ee4090a603f04a8caceadc7080d14f3a660e5bb0646c88f14f2f3fc3de304ed
/Users/mic/Downloads/20250930/sh603989.csv,sh603989.csv,sh,603989,2015-05-15,2025-09-30,2524,246948,True,utf-8,01818957b75427b58fc61dd8217727ee5cbd86a87610e808f722906895bb80c1
/Users/mic/Downloads/20250930/sz002261.csv,sz002261.csv,sz,002261,2008-07-23,2025-09-30,4003,386065,True,utf-8,562e4715dba2cee9d14eb25c02f9049ff61709588b4a364ebe68c95fcff14690
/Users/mic/Downloads/20250930/sh600258.csv,sh600258.csv,sh,600258,2000-06-01,2025-09-30,5767,555609,True,utf-8,98a642750d056554b38e57e03f8b64e04e1e1cc1544d84f39aac12c7a6183d74
/Users/mic/Downloads/20250930/sh603779.csv,sh603779.csv,sh,603779,2016-05-16,2025-09-30,2274,217131,True,utf-8,893fed7118dfb98aebfc8b97548e42ed39531a53b0ebbc93cf7940b3524062c3
/Users/mic/Downloads/20250930/sz300380.csv,sz300380.csv,sz,300380,2014-01-28,2025-09-30,2841,281619,True,utf-8,98801d89c3a88c004b6aefa8f74bd14cbb85bf3235eba107c770193888edb1ea
/Users/mic/Downloads/20250930/sz002249.csv,sz002249.csv,sz,002249,2008-06-19,2025-09-30,4078,390940,True,utf-8,fcc5bb84db8ebb942755a8cf2410d53d2b354468484eb620ccb66f0412ff0488
/Users/mic/Downloads/20250930/sh600516.csv,sh600516.csv,sh,600516,2002-08-30,2025-09-30,5450,516616,True,utf-8,441261d689f0178a7dab50c404de300ea03dbf9a4825302689347c1f4534f65f
/Users/mic/Downloads/20250930/sh601608.csv,sh601608.csv,sh,601608,2012-07-06,2025-09-30,3069,297834,True,utf-8,7ccc4751d41e20aa73ef2f7e55a130655662b82cd3d30e3b202f6dd9974798c2
/Users/mic/Downloads/20250930/sz000338.csv,sz000338.csv,sz,000338,2007-04-30,2025-09-30,4419,433826,True,utf-8,61e1a16917f18f2fa35d78256f9ee4d4eec8006c1bfeacf770eb9e5d4874d6cc
/Users/mic/Downloads/20250930/sh688038.csv,sh688038.csv,sh,688038,2021-07-13,2025-09-30,1016,98770,True,utf-8,dc529c0a23afce98d7211c7563e953159bfd289cea8a4a07d02d28f94f05dca8
/Users/mic/Downloads/20250930/sh600502.csv,sh600502.csv,sh,600502,2003-04-15,2025-09-30,5269,502985,True,utf-8,2edf6b12e1f54399d7a8ccc30e1e8ede9cf7610f6425363a70222c429b0b550b
/Users/mic/Downloads/20250930/sz300394.csv,sz300394.csv,sz,300394,2015-02-17,2025-09-30,2571,250805,True,utf-8,af0fd194e27fb36cf083897b2ba77dfb7ca8b584765f3e24f5c75bd17a763209
/Users/mic/Downloads/20250930/sz301505.csv,sz301505.csv,sz,301505,2023-07-19,2025-09-30,528,51249,True,utf-8,834bce51f8c3c953aa84106cb3f4995eb1778b34b536083f244d061566e33c5a
/Users/mic/Downloads/20250930/sh600933.csv,sh600933.csv,sh,600933,2017-11-17,2025-09-30,1905,189591,True,utf-8,08fa3136abc4d744e8fdf41d3006044ba2e6cfdd955dc32235ef4d0b5027ed8a
/Users/mic/Downloads/20250930/bj838262.csv,bj838262.csv,bj,838262,2022-12-30,2025-09-30,668,62363,True,utf-8,40e89e947202fba8b5883ce2fdf643425fb2f40bc04b5c5d86a0435b88ec3158
/Users/mic/Downloads/20250930/sz301263.csv,sz301263.csv,sz,301263,2022-03-29,2025-09-30,854,84014,True,utf-8,83efe951fffe76c745493cf28ed4b91ba28fc13fe572ca65f2883cd5d1da3e3d
/Users/mic/Downloads/20250930/sh603590.csv,sh603590.csv,sh,603590,2018-08-27,2025-09-30,1723,165125,True,utf-8,1c20ef5c76e1163f3abe1113aa59c2e6eff6d43135531281512beef43568cb8f
/Users/mic/Downloads/20250930/sz300169.csv,sz300169.csv,sz,300169,2011-01-25,2025-09-30,3299,315172,True,utf-8,3c75bc7481e74796acb8d16fe1da48a910b2acd63c2951f2278df78272487db7
/Users/mic/Downloads/20250930/sz301277.csv,sz301277.csv,sz,301277,2022-11-16,2025-09-30,700,66976,True,utf-8,c14f7f7dbbd3ee0541095b445f94a294f466f9d011281ef89e665ca321fa9be3
/Users/mic/Downloads/20250930/sh600099.csv,sh600099.csv,sh,600099,1997-07-04,2025-09-30,6618,617905,True,utf-8,bb7a5dd0032c01e4a1d47fbba98727724d30d201c567b59553fcc30cd86acbb8
/Users/mic/Downloads/20250930/sz301511.csv,sz301511.csv,sz,301511,2023-08-17,2025-09-30,516,51225,True,utf-8,6068cf2c9715eccd56cd382466cdcab169d22242af1bb08dafa7c03663caa9e7
/Users/mic/Downloads/20250930/sh600927.csv,sh600927.csv,sh,600927,2021-12-23,2025-09-30,916,90883,True,utf-8,f491a1171c7d9b3858179be999d865243aa2ffed7cb789ba118e3ec4ca7ef26a
/Users/mic/Downloads/20250930/sz301539.csv,sz301539.csv,sz,301539,2024-04-15,2025-09-30,359,34781,True,utf-8,ed552e0fc16f4adb50ed9391b521a5f038701181e15800e801f7aaa8a24b709b
/Users/mic/Downloads/20250930/sz002936.csv,sz002936.csv,sz,002936,2018-09-19,2025-09-30,1706,165072,True,utf-8,d0a98db0a4ade1d5da902a5cec3b2cf9137ca9313d7e6ff5cf09cba92edc305f
/Users/mic/Downloads/20250930/sz300627.csv,sz300627.csv,sz,300627,2017-03-21,2025-09-30,2076,202849,True,utf-8,d3ac66c683a35aea3a06750edf4e52b8526358edcbec0d381c9c9f45da8a817b
/Users/mic/Downloads/20250930/sz002088.csv,sz002088.csv,sz,002088,2006-11-30,2025-09-30,4493,430959,True,utf-8,9de8d9d04602ba6f7b2d257daf02ebb847896ecf38cd80a26e651adbcca3ea48
/Users/mic/Downloads/20250930/sz300141.csv,sz300141.csv,sz,300141,2010-11-12,2025-09-30,3516,335398,True,utf-8,e99174e63404e3fa317730df261ed1832b5c99b8538347be9bf4700680aadbf5
/Users/mic/Downloads/20250930/sz300155.csv,sz300155.csv,sz,300155,2011-01-07,2025-09-30,3548,336906,True,utf-8,b4aea0b5a91919bce922dd001709916ac6ca54d3464ac284bf36802156661939
/Users/mic/Downloads/20250930/sz002922.csv,sz002922.csv,sz,002922,2017-12-29,2025-09-30,1881,184117,True,utf-8,e00eee0cf7898ef41fc38d340a8f23cc8ec5e07fd2d075b79c5d42c29e4dfd4e
/Users/mic/Downloads/20250930/sz300633.csv,sz300633.csv,sz,300633,2017-04-06,2025-09-30,2066,207302,True,utf-8,94a52c613193d8478a74421a384db2f6808b17c3562a8f53cab834fff2f83177
/Users/mic/Downloads/20250930/sz300800.csv,sz300800.csv,sz,300800,2019-11-06,2025-09-30,1435,138579,True,utf-8,596896bb98325d69f4685f32560c06516edf8121eb10189d3d14ee0e21d86155
/Users/mic/Downloads/20250930/sh600728.csv,sh600728.csv,sh,600728,1996-07-16,2025-09-30,6651,633047,True,utf-8,4e087bcae92d96264db1c2baff97ac151ebf73878489af44324f41fd9df73001
/Users/mic/Downloads/20250930/sh603221.csv,sh603221.csv,sh,603221,2020-03-23,2025-09-30,1344,124817,True,utf-8,991608a64a0c13b22f5cbd68ef2ced72b619626410d74cb6f58fcd82093f2fdb
/Users/mic/Downloads/20250930/sz001218.csv,sz001218.csv,sz,001218,2021-10-15,2025-09-30,965,93340,True,utf-8,83dd9934a7a35f380e582da79a3ea0502f19db1a09ba583cbe949d5d65684220
/Users/mic/Downloads/20250930/sh688212.csv,sh688212.csv,sh,688212,2021-11-15,2025-09-30,944,91874,True,utf-8,fbdf978054e9ba752019d34d9d6b3b91befbb6e31c7424fc71eee28432246fcb
/Users/mic/Downloads/20250930/sh605136.csv,sh605136.csv,sh,605136,2020-09-29,2025-09-30,1214,120690,True,utf-8,f8d9f9dd2f3ffe71871d6694315b2178fd2bc5172a2eac79037d6236c217c50f
/Users/mic/Downloads/20250930/sz002077.csv,sz002077.csv,sz,002077,2006-11-16,2025-09-30,4462,428578,True,utf-8,78cec81bdf648c6676730a30070e63ac2a0bb1f65ec16bf40ad163beed4c59b5
/Users/mic/Downloads/20250930/sz002063.csv,sz002063.csv,sz,002063,2006-08-23,2025-09-30,4538,435948,True,utf-8,9181eb43f890d835f7d72f227a3b8cc5f55fb6d74a20dcb559f0dff365a0010c
/Users/mic/Downloads/20250930/sh688560.csv,sh688560.csv,sh,688560,2020-12-24,2025-09-30,1158,113238,True,utf-8,d22d22a7c47db15e51389f7f73c64cb7160afb889fe7d188d6d1fbfd5794fae7
/Users/mic/Downloads/20250930/sh605122.csv,sh605122.csv,sh,605122,2021-03-10,2025-09-30,1110,107252,True,utf-8,4b1a0ab433a8b8e9ffbb3d1ba39ffdc7534e01bb4b57269ef7b2d6e8bd56f0e3
/Users/mic/Downloads/20250930/sh603235.csv,sh603235.csv,sh,603235,2022-07-12,2025-09-30,785,76490,True,utf-8,00fe2fa8e9185468592f7585466d93797eb35876f5a33e2d08a00a4fd01470d2
/Users/mic/Downloads/20250930/sh688206.csv,sh688206.csv,sh,688206,2021-12-28,2025-09-30,903,89238,True,utf-8,2b6b350153188df57cae446e89178e3df1f8aa803f4372d113b1b09bd2030a84
/Users/mic/Downloads/20250930/sz002705.csv,sz002705.csv,sz,002705,2014-01-21,2025-09-30,2846,277472,True,utf-8,6efa43ed17baf998ab6f821174d6b98507b610073c516699e603b06f248151b8
/Users/mic/Downloads/20250930/sz300814.csv,sz300814.csv,sz,300814,2021-08-12,2025-09-30,1004,98197,True,utf-8,c455d2e1b2417a10805cb8fa568e8a80ef6d172ddad84edd8645a9d78c8b5bcf
/Users/mic/Downloads/20250930/sh600714.csv,sh600714.csv,sh,600714,1996-06-06,2025-09-30,6834,643463,True,utf-8,59872c89c2af2c6b5142b1ad03eeb3d3306b6378c323d775f3bb1aa05eddca39
/Users/mic/Downloads/20250930/sh600072.csv,sh600072.csv,sh,600072,1997-06-03,2025-09-30,6714,654715,True,utf-8,be5eb031dc951e36a3c2e0b7b3e668ce1fc38112d72d88e9fcc89614c95458be
/Users/mic/Downloads/20250930/sz300182.csv,sz300182.csv,sz,300182,2011-02-22,2025-09-30,3397,329717,True,utf-8,828c5ff71bd1b546cb2806b1f37391ed2b1b3d7c09f32b91ad1c1c148a3f8b9e
/Users/mic/Downloads/20250930/sh688548.csv,sh688548.csv,sh,688548,2023-08-15,2025-09-30,518,50781,True,utf-8,9730cbb4accb5d069f1a9efe5c7936f9298c4bb5c5fecb486cf37635826b2a10
/Users/mic/Downloads/20250930/sz000890.csv,sz000890.csv,sz,000890,1999-01-19,2025-09-30,6235,590832,True,utf-8,6eebbbc4d90aa5557c3fc5c8900134254c29ce0295af283f81bdc00d88c089e0
/Users/mic/Downloads/20250930/sh600066.csv,sh600066.csv,sh,600066,1997-05-08,2025-09-30,6797,657629,True,utf-8,abc21954b3ac8608aa3120648066a292d0c89c967f799775117901b30b5085e9
/Users/mic/Downloads/20250930/sz301288.csv,sz301288.csv,sz,301288,2022-04-22,2025-09-30,837,80860,True,utf-8,e2ed0afa002ad7088bd137a8f5e8dfb8232ddbe5c954b7448f6b12ad6bdb4b01
/Users/mic/Downloads/20250930/sz300196.csv,sz300196.csv,sz,300196,2011-03-29,2025-09-30,3370,325671,True,utf-8,c82e4b0ac89421b6f3f1ae7747851a391926b9abd292df3adb7877518ca9afee
/Users/mic/Downloads/20250930/sz002739.csv,sz002739.csv,sz,002739,2015-01-22,2025-09-30,2151,218292,True,utf-8,abaf4239ea4cfbd1d679043fb4ee72ceebb73d394f2bafe67e981f86cf262ddf
/Users/mic/Downloads/20250930/sz300828.csv,sz300828.csv,sz,300828,2020-04-21,2025-09-30,1324,129210,True,utf-8,5925f29091139dfde247fac20a1838acf0d5b7199d47a3cc42c3c7d9cee2f0b4
/Users/mic/Downloads/20250930/sh603209.csv,sh603209.csv,sh,603209,2022-03-24,2025-09-30,857,81425,True,utf-8,ed332bdbfe04b13206e197c5fd258ea8827381c640feb29e0a09067b602aa6dc
/Users/mic/Downloads/20250930/sz001230.csv,sz001230.csv,sz,001230,2022-07-15,2025-09-30,782,75457,True,utf-8,d9eccc3b2434f02161438938ee09fc7c4f550597087bf0aeb25b3b1d8e16c5f7
/Users/mic/Downloads/20250930/sh603396.csv,sh603396.csv,sh,603396,2017-10-18,2025-09-30,1935,190117,True,utf-8,39c9cb0500182657292a16cbc806f5a7dca26b6ab26ccb68fbf794ac2cbd8ff8
/Users/mic/Downloads/20250930/sh600847.csv,sh600847.csv,sh,600847,1994-03-24,2025-09-30,7302,691659,True,utf-8,25a14e6d733a70d0668de872f37af07f604859dcf3df573e7a4192b5e327d47b
/Users/mic/Downloads/20250930/sz301317.csv,sz301317.csv,sz,301317,2023-01-19,2025-09-30,655,62941,True,utf-8,f5651247bba49eea8e45d917755beb5ebfd16413ebeff0556532bcaac14a49f4
/Users/mic/Downloads/20250930/sz300009.csv,sz300009.csv,sz,300009,2009-10-30,2025-09-30,3730,358685,True,utf-8,175dd217924dd483665e72c89851d268ad0f316d1e0234f314db9acb212a4088
/Users/mic/Downloads/20250930/sh605081.csv,sh605081.csv,sh,605081,2021-02-09,2025-09-30,1120,108428,True,utf-8,6a9df150d542958b95284cc8b47cff4d3c6d15a432aee70ffb2160616af84183
/Users/mic/Downloads/20250930/bj832149.csv,bj832149.csv,bj,832149,2023-02-17,2025-09-30,639,60876,True,utf-8,608c8ffeff56eec468e69ac8f86e576965739cd3e37d644d4e8a23b0ad4fea04
/Users/mic/Downloads/20250930/sz301303.csv,sz301303.csv,sz,301303,2023-02-20,2025-09-30,638,62283,True,utf-8,98a79f724221497fc3955a4e4fd07d91f60072d6084d1916b045e68ea1bd1ee2
/Users/mic/Downloads/20250930/sh600853.csv,sh600853.csv,sh,600853,1994-04-04,2025-09-30,7460,707372,True,utf-8,a68dd35372a222cf3a006da6c43687bdca38ea13af6c54929a94b5dbb979ffb3
/Users/mic/Downloads/20250930/sh601595.csv,sh601595.csv,sh,601595,2016-08-17,2025-09-30,2217,217689,True,utf-8,2ff5f526b5982c9aec6abe63a413a5a1c6013be0ca4d99e2ef26dfa135173003
/Users/mic/Downloads/20250930/sh603382.csv,sh603382.csv,sh,603382,2025-06-12,2025-09-30,79,7746,True,utf-8,1984abf413391f65adef7bdbc998eda9e7359680b5b6e86e982921006716c56f
/Users/mic/Downloads/20250930/sz300753.csv,sz300753.csv,sz,300753,2018-12-13,2025-09-30,1651,160149,True,utf-8,2219a809ee71909d943ef0e934644b42d685b6ce6cfb0a45324428fd942a8a38
/Users/mic/Downloads/20250930/sz002842.csv,sz002842.csv,sz,002842,2017-01-19,2025-09-30,2110,201616,True,utf-8,7b8f518ae784614db35e7f813582651ed0a446296536905befaea2c885bbac50
/Users/mic/Downloads/20250930/sh688399.csv,sh688399.csv,sh,688399,2019-12-05,2025-09-30,1414,137974,True,utf-8,3580380fe72ea536434ace6c77fcbb17463c5c7d2bb44e2788fbc06c10b5559e
/Users/mic/Downloads/20250930/sz000933.csv,sz000933.csv,sz,000933,1999-08-31,2025-09-30,6230,602791,True,utf-8,a1d82581f6d80c16a57c0e857db0b339c6eba5b71e4458eaad64e1d3e90f635a
/Users/mic/Downloads/20250930/sz300035.csv,sz300035.csv,sz,300035,2009-12-25,2025-09-30,3694,354419,True,utf-8,850c2f11bc4f2c8bfe6ed017aaacc8f2712679fc4fbc1ce9515a4c199c68de07
/Users/mic/Downloads/20250930/sz300021.csv,sz300021.csv,sz,300021,2009-10-30,2025-09-30,3833,365915,True,utf-8,6d3e1972dd5320065e879660a1ac4492228f842cf795fe06f67e3e81dff7e51c
/Users/mic/Downloads/20250930/sz000927.csv,sz000927.csv,sz,000927,1999-07-27,2025-09-30,6204,594218,True,utf-8,d37c87c4f744f0418f035e8d9d9c504880db8f160f5d81c78ddc1fe5d11ff81d
/Users/mic/Downloads/20250930/bj832175.csv,bj832175.csv,bj,832175,2023-06-30,2025-09-30,550,51821,True,utf-8,9fc4f5c85017004810480e3c934c064d62404e33e30d264c2a2e06204a62fd27
/Users/mic/Downloads/20250930/sz000099.csv,sz000099.csv,sz,000099,2000-07-31,2025-09-30,5935,563105,True,utf-8,ca0bb3f7423a0fb1bfe005da65db4cae79f072620f937a17b1e4addff6417566
/Users/mic/Downloads/20250930/sz001387.csv,sz001387.csv,sz,001387,2024-01-11,2025-09-30,418,42046,True,utf-8,b5767cb452af70e1520bec6eeebd0da110ac6f44ef34d5fbfa2095422c63320f
/Users/mic/Downloads/20250930/sz300747.csv,sz300747.csv,sz,300747,2018-06-25,2025-09-30,1768,174951,True,utf-8,2da5ee55ef04f321f8237f643a178afeac91523e5f23c8516c583ead0a653e1d
/Users/mic/Downloads/20250930/sz301459.csv,sz301459.csv,sz,301459,2023-12-13,2025-09-30,438,40106,True,utf-8,003cc7dd8b943ec622eb864c3f884815d4845a6b923ebf5157c3ab50a94932d8
/Users/mic/Downloads/20250930/sz002856.csv,sz002856.csv,sz,002856,2017-03-20,2025-09-30,1947,189078,True,utf-8,a1b3adff565119193a2daad89d6be0113f6d6dac8ac231f4ab9d380254413838
/Users/mic/Downloads/20250930/sh600884.csv,sh600884.csv,sh,600884,1996-01-30,2025-09-30,7097,686495,True,utf-8,3efef67401852b57faaad71b8dc5848c76396d79346371d48c2fd378d8753fea
/Users/mic/Downloads/20250930/sh688366.csv,sh688366.csv,sh,688366,2019-10-30,2025-09-30,1440,140935,True,utf-8,5168b6fe53f77dd8ca4d6d8a344f308cf526c74fdd84fb19ea3385f7234dec35
/Users/mic/Downloads/20250930/sh603355.csv,sh603355.csv,sh,603355,2015-05-13,2025-09-30,2529,248620,True,utf-8,2a7cabf08136760a5fc517d0f604d65d620005dfe5508427f11b3a0a0b483bd6
/Users/mic/Downloads/20250930/sh688400.csv,sh688400.csv,sh,688400,2022-07-06,2025-09-30,789,78567,True,utf-8,c587058b193632336ee338b57189e27f4815dd27b7371233d52a9cac51a99a99
/Users/mic/Downloads/20250930/sz002103.csv,sz002103.csv,sz,002103,2007-01-10,2025-09-30,4222,401851,True,utf-8,f9334b33a661fc83e87555ce43a6044ec6da6cb97f5cb2905b0c61da79e45482
/Users/mic/Downloads/20250930/sz002117.csv,sz002117.csv,sz,002117,2007-03-02,2025-09-30,4489,427961,True,utf-8,6f291df1295e3a9b04f049de44740a2a56205fa4377f2274f71cabba72a0e378
/Users/mic/Downloads/20250930/sz000700.csv,sz000700.csv,sz,000700,1997-02-28,2025-09-30,6761,636507,True,utf-8,9da6fdde9803c861016e680a5a01df6d06d2aa53ea5dbf09fd615f534596298b
/Users/mic/Downloads/20250930/sh605056.csv,sh605056.csv,sh,605056,2021-07-20,2025-09-30,1021,99752,True,utf-8,23491c9f6c6acd2ccb94dd4b1d23920080a17f1673eff43a3b958b8361814ad9
/Users/mic/Downloads/20250930/sh688372.csv,sh688372.csv,sh,688372,2022-10-26,2025-09-30,715,69723,True,utf-8,d2b632772b377269cedc92dfc9fc321693ecc34a3033f0825f58369a99d99494
/Users/mic/Downloads/20250930/bj430300.csv,bj430300.csv,bj,430300,2022-12-07,2025-09-30,685,66674,True,utf-8,7bd2d15907f6090e6d4f6666f6731581b21a6098d79c65ee9d3f527990e42bf4
/Users/mic/Downloads/20250930/sz001378.csv,sz001378.csv,sz,001378,2023-10-30,2025-09-30,470,45589,True,utf-8,d0b0deec5eaa7b250d830021348a59c06302d2d5ba7f4d40046b2189db6f5ff7
/Users/mic/Downloads/20250930/sz000066.csv,sz000066.csv,sz,000066,1997-06-26,2025-09-30,6541,643430,True,utf-8,35df4f1ae970ad674207bdd537272a83e8784bb5628a46795674c5b7779d91e8
/Users/mic/Downloads/20250930/sh603341.csv,sh603341.csv,sh,603341,2024-03-01,2025-09-30,388,37836,True,utf-8,ec5adcaa5549519a4bb8df67987299fdffbab0319c504ec72a056c06fd34404d
/Users/mic/Downloads/20250930/sh600648.csv,sh600648.csv,sh,600648,1993-05-04,2025-09-30,7692,729749,True,utf-8,e0d0425fd038b5cadc85dfbad0c66cf4532a459ca59f27f8e168c4f645db596f
/Users/mic/Downloads/20250930/sz300960.csv,sz300960.csv,sz,300960,2021-03-29,2025-09-30,1097,102988,True,utf-8,f95a56ab5f5cb4a13603f9302500d39d747ab69972300b8e49334169dab45585
/Users/mic/Downloads/20250930/sz002671.csv,sz002671.csv,sz,002671,2012-04-26,2025-09-30,3163,303296,True,utf-8,1c50f074813f91f18bcb6d95227a776a50b4d6fc4bf383fb325eede5a1da016a
/Users/mic/Downloads/20250930/sh603369.csv,sh603369.csv,sh,603369,2014-07-03,2025-09-30,2735,273258,True,utf-8,c9b9c8ba629a62f69e032ce77ecde3df76c2b46849df7a667161e1a133da6c15
/Users/mic/Downloads/20250930/sh600660.csv,sh600660.csv,sh,600660,1993-06-10,2025-09-30,7791,755382,True,utf-8,2cff3eb5563cb0bbee6a862274e0839daa0a235552f43ca162419afe23cac9d4
/Users/mic/Downloads/20250930/sz002881.csv,sz002881.csv,sz,002881,2017-06-22,2025-09-30,2014,198991,True,utf-8,5f9f927969bae9c25413b2207f246c1941bfdedcb65e9c674f21b75d824fb8c0
/Users/mic/Downloads/20250930/sz300948.csv,sz300948.csv,sz,300948,2021-02-25,2025-09-30,1114,108203,True,utf-8,48d797a1d154691893ad35493c88389fe0596186a8621b534afb99a7de3942a7
/Users/mic/Downloads/20250930/sz002659.csv,sz002659.csv,sz,002659,2012-03-09,2025-09-30,3100,295500,True,utf-8,f56a5c03d8c46c4ac613f5b5cb17ca34cb755ffee2960a2d55a0611eb59bc2f7
/Users/mic/Downloads/20250930/sz300790.csv,sz300790.csv,sz,300790,2019-09-20,2025-09-30,1463,145888,True,utf-8,7dbc1baeb51d763f17a5e187e0c111bf7d9c0264aff3cde1a96bfd768d96a877
/Users/mic/Downloads/20250930/sh601218.csv,sh601218.csv,sh,601218,2011-05-06,2025-09-30,3487,331004,True,utf-8,fb623b2bb643e02167a52d12e6b9dd24669e4e539139b6a755083ca9546281d7
/Users/mic/Downloads/20250930/sh600106.csv,sh600106.csv,sh,600106,1997-06-18,2025-09-30,6695,630762,True,utf-8,b9bfb23330a2eb6bb6215f80ab0f6c8a1fe6e3f9d635885e2bf9075a1462b77e
/Users/mic/Downloads/20250930/sz000728.csv,sz000728.csv,sz,000728,1997-06-16,2025-09-30,6544,626486,True,utf-8,f0d493fa96f08a13bd40ed634d9867b498057d4566888e76caff672bd493b7b5
/Users/mic/Downloads/20250930/sh688428.csv,sh688428.csv,sh,688428,2022-09-21,2025-09-30,735,72116,True,utf-8,6df460ec5d36326e6d4bbe5f505a9aefcb09ca9ac27f518d2f568ff518f60854
/Users/mic/Downloads/20250930/sh600674.csv,sh600674.csv,sh,600674,1993-09-24,2025-09-30,7599,730400,True,utf-8,e06bd34546b379609434508940eefcdb1e28a5339c94baa5ed1ca83262974e43
/Users/mic/Downloads/20250930/sz002895.csv,sz002895.csv,sz,002895,2017-08-25,2025-09-30,1964,193805,True,utf-8,ff14193dd88fdb1fa7a536dc86be32e7bf73cdf27e1470a0291220ef06e3dd35
/Users/mic/Downloads/20250930/sz300784.csv,sz300784.csv,sz,300784,2024-06-07,2025-09-30,323,31216,True,utf-8,daa4af29240253a6e0d120b5b17d030de8cb252c1401fe8ad6274c45bf53b1a7
/Users/mic/Downloads/20250930/sh688819.csv,sh688819.csv,sh,688819,2021-01-18,2025-09-30,1142,113687,True,utf-8,68e4fe598906acf30e5742177b666d8fd2c1caa53db6ac528e82b9067f2ddb97
/Users/mic/Downloads/20250930/bj920029.csv,bj920029.csv,bj,920029,2025-03-28,2025-09-30,128,12596,True,utf-8,fcd1804a5fb80feac0bb5603db54663b2f35cd1333f8b11af24cea0717417518
/Users/mic/Downloads/20250930/sz301115.csv,sz301115.csv,sz,301115,2022-08-31,2025-09-30,749,74262,True,utf-8,79b70d6106349bfae631bcb4a37de508960bdfcbb1e71364aa47481799be365c
/Users/mic/Downloads/20250930/sh603194.csv,sh603194.csv,sh,603194,2024-12-24,2025-09-30,189,18472,True,utf-8,e53ebeed08bb30ac9b96dd8bb8d7cb9314da20d2a77b61d996ceb201ed9012fb
/Users/mic/Downloads/20250930/sh603180.csv,sh603180.csv,sh,603180,2017-05-12,2025-09-30,2041,200150,True,utf-8,20eaec98cc660469489d567e0e54172ea9b6f380a86ee64610ce97f2c4968fa8
/Users/mic/Downloads/20250930/sh600489.csv,sh600489.csv,sh,600489,2003-08-14,2025-09-30,5293,512802,True,utf-8,ebc37e471641db58a6c34a4140f98973151bdaeb08a892310271adfbedf36416
/Users/mic/Downloads/20250930/sz300579.csv,sz300579.csv,sz,300579,2016-12-23,2025-09-30,2132,207565,True,utf-8,692d27602f467555e66e01ce1431f23ac61ca211b5287ed419f79aec4aa23ad5
/Users/mic/Downloads/20250930/sz301101.csv,sz301101.csv,sz,301101,2021-12-16,2025-09-30,921,90733,True,utf-8,f58a63a74162926b864dfa2521426e4dae1ab5e38aabc90ce909babcd6fe4e27
/Users/mic/Downloads/20250930/sz300237.csv,sz300237.csv,sz,300237,2011-06-29,2025-09-30,3335,321570,True,utf-8,dc30de5741d71e1e33bb4da0fb455bc2a17ef81ca70c2a7cfce8a71cb1e75ed6
/Users/mic/Downloads/20250930/sz301129.csv,sz301129.csv,sz,301129,2021-11-02,2025-09-30,953,92191,True,utf-8,33c636013b86b0bd03a4387b6b18e57e88fb22b8d78317af22f086a0c0be51bb
/Users/mic/Downloads/20250930/sh603816.csv,sh603816.csv,sh,603816,2016-10-14,2025-09-30,2178,215658,True,utf-8,a650e5577648942f7744e014ee301cede70c6b8649696044eaceddfc8c03b600
/Users/mic/Downloads/20250930/bj920015.csv,bj920015.csv,bj,920015,2025-09-25,2025-09-30,4,460,True,utf-8,54733c4994c3e0ecdfc5d46b2bec7894417a993bf026d5df2d2d3aaa754ff155
/Users/mic/Downloads/20250930/sz300551.csv,sz300551.csv,sz,300551,2016-10-18,2025-09-30,2172,211522,True,utf-8,d824be2311fc0911dab69f28baa04c8ba2e2ec6b0c19d7954e3cc6a145d1b486
/Users/mic/Downloads/20250930/sz002498.csv,sz002498.csv,sz,002498,2010-11-09,2025-09-30,3545,339033,True,utf-8,0673df87f6c10c262fc93b22ecae18cdfa294914ccb7200c65da08b1ed6206dc
/Users/mic/Downloads/20250930/sz300545.csv,sz300545.csv,sz,300545,2016-09-28,2025-09-30,2189,216959,True,utf-8,4b361c372a24002dff1cfecce5ea82c24dafc6fc3475c6897d913030acb91063
/Users/mic/Downloads/20250930/sz300223.csv,sz300223.csv,sz,300223,2011-05-31,2025-09-30,3240,319060,True,utf-8,a0df2e746de3da7abbb40ba901fd2aad09e1ae52ba03e380ec41998f2a4436fb
/Users/mic/Downloads/20250930/sh600338.csv,sh600338.csv,sh,600338,2000-12-27,2025-09-30,5560,516112,True,utf-8,9c9762e12a6e82614a67cf8745db657d076674badfec13fd4b150f03da32ea54
/Users/mic/Downloads/20250930/sz002301.csv,sz002301.csv,sz,002301,2009-10-21,2025-09-30,3517,336456,True,utf-8,a46092c23c44b55e09a5b3e93ed9a9ffe77d584f24afcb5843f5ff98a5033e8f
/Users/mic/Downloads/20250930/sh688602.csv,sh688602.csv,sh,688602,2023-07-20,2025-09-30,536,50902,True,utf-8,a30de033bb5f552ec563e0b8411b38d65ac749ad89e4e64cc1f6e01ce829dc6a
/Users/mic/Downloads/20250930/sz000516.csv,sz000516.csv,sz,000516,1993-08-09,2025-09-30,7548,712959,True,utf-8,807edfcf3d15620633b441bf480284bfe0ad2b9ce5d8d04727a596e2764b3c97
/Users/mic/Downloads/20250930/sz002467.csv,sz002467.csv,sz,002467,2010-09-08,2025-09-30,3591,344686,True,utf-8,f608738593e88214296d0194aebdbccc54f83e0f0ed8a39085a143f1f8d4825f
/Users/mic/Downloads/20250930/sh601998.csv,sh601998.csv,sh,601998,2007-04-27,2025-09-30,4460,444104,True,utf-8,f76e6650e78e23dbc080e30da0df7324f0b59ada5d627b70c537f476e7b1d912
/Users/mic/Downloads/20250930/sh688170.csv,sh688170.csv,sh,688170,2022-04-29,2025-09-30,833,81102,True,utf-8,495c1b269f85d248b92fdadd523c85f9c5aacecd8d41f9d3ed0f624155532114
/Users/mic/Downloads/20250930/sh688616.csv,sh688616.csv,sh,688616,2021-03-18,2025-09-30,1104,104825,True,utf-8,1867f7e2363c021a2e8a0b5aff060b000863287b98bf87cdab08889db373ba5a
/Users/mic/Downloads/20250930/sz002315.csv,sz002315.csv,sz,002315,2009-12-09,2025-09-30,3837,378401,True,utf-8,b98e8dbb8d4e30a8145a9b00348a458ec74a3005bc9b2e682f0cc4a4d137a0f6
/Users/mic/Downloads/20250930/sz003023.csv,sz003023.csv,sz,003023,2020-12-11,2025-09-30,1167,114162,True,utf-8,a323dc5a264a998d5914e10da2900651768737ca715041ac89b94b342b775ff8
/Users/mic/Downloads/20250930/sz300592.csv,sz300592.csv,sz,300592,2017-01-20,2025-09-30,2092,203370,True,utf-8,8b9649f8d55d4be9e9d36e6c0403b01ec9be7191bb125836924ced33b9359994
/Users/mic/Downloads/20250930/sh688158.csv,sh688158.csv,sh,688158,2020-01-20,2025-09-30,1383,138251,True,utf-8,8645372de11051c430a593c0055d85cc5d303403004da960920ea2dfd72f00d8
/Users/mic/Downloads/20250930/bj833914.csv,bj833914.csv,bj,833914,2022-11-11,2025-09-30,703,63755,True,utf-8,5c415b8a8fde59c622da6a6c63a763749d4019c54816042f1d199b66b0e2901b
/Users/mic/Downloads/20250930/sz300586.csv,sz300586.csv,sz,300586,2017-01-04,2025-09-30,2033,194177,True,utf-8,a4f365579e8f926ed7b2d645f77604bde2c27443d44001e82f033581102c8fc3
/Users/mic/Downloads/20250930/sh600476.csv,sh600476.csv,sh,600476,2003-12-10,2025-09-30,5234,503125,True,utf-8,32c97554d4aeb5c26c77b68b8417d53fda0c1869dde6757dfd1bfee5b31c1ab8
/Users/mic/Downloads/20250930/sh600310.csv,sh600310.csv,sh,600310,2001-02-28,2025-09-30,5889,552408,True,utf-8,10008d5d5b489997c1ded3e7d7884aa0255acde1e9cd8ef6c19ac957385fa706
/Users/mic/Downloads/20250930/sz003037.csv,sz003037.csv,sz,003037,2021-02-04,2025-09-30,1129,111968,True,utf-8,f06eb88cd449bd4aded4f28da2116445e8464969d872f1159a830e2aaac59eb3
/Users/mic/Downloads/20250930/sz002329.csv,sz002329.csv,sz,002329,2010-01-06,2025-09-30,3659,349854,True,utf-8,881e8f8b94ecc75f58d6b94a423fac255cbbbac68e626a4f618022e6af495447
/Users/mic/Downloads/20250930/sh605268.csv,sh605268.csv,sh,605268,2021-02-24,2025-09-30,1120,106124,True,utf-8,26b29def371532e4666a3aff4579e051cbdb445ed173d7029f264a0c9840805d
/Users/mic/Downloads/20250930/sh603619.csv,sh603619.csv,sh,603619,2017-11-17,2025-09-30,1913,188240,True,utf-8,50972d74dbf1211611f16f9fd3f1dc6e86d6388546aab156e0d1ee597433bdd9
/Users/mic/Downloads/20250930/sz002414.csv,sz002414.csv,sz,002414,2010-07-16,2025-09-30,3606,349438,True,utf-8,e4e3c306eb17c2f123c0676d0a8876518fe9ae70bc0374e9649954e3147fa5e1
/Users/mic/Downloads/20250930/sh605555.csv,sh605555.csv,sh,605555,2021-10-21,2025-09-30,961,92753,True,utf-8,38246d12697f5eb453aa9cf70e77df00b6847ca4e1ce4c54dd9166bbf67a540f
/Users/mic/Downloads/20250930/sh688117.csv,sh688117.csv,sh,688117,2021-06-03,2025-09-30,1053,103637,True,utf-8,375c7dcd560461a8280043adf51cc013d01015269855812dca60f1669ba58300
/Users/mic/Downloads/20250930/sh603124.csv,sh603124.csv,sh,603124,2025-03-20,2025-09-30,134,13054,True,utf-8,64959e5e47059c03f069aa1ba03266dfbb1c4e1b588449c988c770b76c2cf1b7
/Users/mic/Downloads/20250930/sz000565.csv,sz000565.csv,sz,000565,1994-04-08,2025-09-30,7444,701559,True,utf-8,d309894605a1063c10ecd6c1a73feffe90e28dfd7f566db7214e171646ae734f
/Users/mic/Downloads/20250930/sh688671.csv,sh688671.csv,sh,688671,2023-08-09,2025-09-30,522,50431,True,utf-8,ee3b8c5cd06d281930482aad5df77eef6feac2999afacd17f0723a012c18456d
/Users/mic/Downloads/20250930/bj920099.csv,bj920099.csv,bj,920099,2024-09-25,2025-09-30,248,24038,True,utf-8,f02ca09017e363b7173354a3708022ed5e220475693b8d84fc165551aae49041
/Users/mic/Downloads/20250930/sz002372.csv,sz002372.csv,sz,002372,2010-03-18,2025-09-30,3766,368481,True,utf-8,685f19e9cac5b0dcdb0485a2fc09a24f22b371976c18965e6e1570af838a6f6e
/Users/mic/Downloads/20250930/sz002366.csv,sz002366.csv,sz,002366,2010-03-12,2025-09-30,3573,344409,True,utf-8,9a35618bdaeea137b82ae7d84b2f5683c815f8d97ffa5f0190c2276ab37a4ed1
/Users/mic/Downloads/20250930/sz000571.csv,sz000571.csv,sz,000571,1994-05-25,2025-09-30,7193,682763,True,utf-8,f54c00e08e0cc64136e051d815bb2fcfb2cfee3a2239aa594f4a7bad605a2c51
/Users/mic/Downloads/20250930/sh603656.csv,sh603656.csv,sh,603656,2017-03-21,2025-09-30,2076,202215,True,utf-8,73d1c5eefce472de433a43e6ea185ff7f47445600809a674de4eda93d2f7bf70
/Users/mic/Downloads/20250930/sh688665.csv,sh688665.csv,sh,688665,2021-02-09,2025-09-30,1126,109585,True,utf-8,372487e4aef621d2461cf9e68edb26696694ec135b59bedf9172233d17a889b7
/Users/mic/Downloads/20250930/sh688103.csv,sh688103.csv,sh,688103,2021-09-10,2025-09-30,983,96115,True,utf-8,7bf45956f15e50c4c7c1e2c234636cb5d03605a9af4679d2386caf6dd92b203b
/Users/mic/Downloads/20250930/sh603130.csv,sh603130.csv,sh,603130,2022-11-18,2025-09-30,698,67225,True,utf-8,a55780d4d01c05437b75d6508e890a2a3175b1aebe187c8aa75f0ccd0573cfa7
/Users/mic/Downloads/20250930/sh600439.csv,sh600439.csv,sh,600439,2003-07-10,2025-09-30,5347,506919,True,utf-8,a11a87e4515d5046be2ff4650e96b20ed2980fd04ad9e5e8e2a8e5710aad5239
/Users/mic/Downloads/20250930/sh601727.csv,sh601727.csv,sh,601727,2008-12-05,2025-09-30,3809,373873,True,utf-8,195b328606453eb84c1575bac88e9273cfa7d5f46500e422d58dc3e5a63b6ac2
/Users/mic/Downloads/20250930/sz002400.csv,sz002400.csv,sz,002400,2010-05-06,2025-09-30,3513,339729,True,utf-8,8e666d5135b29c0128ae7d5394c96d94c57c172b6dd977a8a5064df3c5c83e17
/Users/mic/Downloads/20250930/sh603118.csv,sh603118.csv,sh,603118,2015-02-25,2025-09-30,2550,254885,True,utf-8,151807a6db9cfa90d5f27f5364917f1ed6ed0c937b711b114a8188f743ecac1d
/Users/mic/Downloads/20250930/sz002428.csv,sz002428.csv,sz,002428,2010-06-08,2025-09-30,3706,363528,True,utf-8,1070768bb74ede406586b35b93184b4c2a6da8e53161b9dcf0623a9870ff217c
/Users/mic/Downloads/20250930/sz300287.csv,sz300287.csv,sz,300287,2012-02-01,2025-09-30,3183,308603,True,utf-8,35c548a2e1015f4b5e58dc5c0e3dd6a490466adc4c11e415323d4a04a768d36d
/Users/mic/Downloads/20250930/sh601069.csv,sh601069.csv,sh,601069,2015-01-22,2025-09-30,2480,246312,True,utf-8,dd19f21ee6407e3eaa4065b5e443c910b1cdb63d7e90c6e1d2cd3e086c0205b6
/Users/mic/Downloads/20250930/sz301199.csv,sz301199.csv,sz,301199,2021-12-07,2025-09-30,928,90048,True,utf-8,51509848c5e4366e5cc1fbb663b6a072ed8f850860ee1d7f640cd3ed218d9e3c
/Users/mic/Downloads/20250930/sh600377.csv,sh600377.csv,sh,600377,2001-01-16,2025-09-30,5917,570874,True,utf-8,74337b3ed3771891bb2e095ef4d8ccd5e67c5b0150418b5062899964717a2f14
/Users/mic/Downloads/20250930/sz000559.csv,sz000559.csv,sz,000559,1994-01-10,2025-09-30,7624,725318,True,utf-8,b5c193f8f4b29f7beab14a0c1f40e2a3ef68e23e9084e3f3686814e10bccb41f
/Users/mic/Downloads/20250930/sh688659.csv,sh688659.csv,sh,688659,2021-03-31,2025-09-30,1095,102808,True,utf-8,99fe76211273b54669de2115ba1ccf26870042f654357dfa683fc298f1baf381
/Users/mic/Downloads/20250930/sz300293.csv,sz300293.csv,sz,300293,2012-03-08,2025-09-30,3207,311532,True,utf-8,50458eebc383c669d92cd0142a1814f3cb58c0caa8f76d51e8c395bb304b334b
/Users/mic/Downloads/20250930/sh600363.csv,sh600363.csv,sh,600363,2001-03-29,2025-09-30,5760,556550,True,utf-8,990e2d5827325c772fb50bd96093ec8450241709a9172fde7cbe10550408b2c6
/Users/mic/Downloads/20250930/sh600405.csv,sh600405.csv,sh,600405,2004-04-01,2025-09-30,5161,488264,True,utf-8,419eb02ddbd8e55540c3aa664a6e30313764367f46354013d7a2ba1457339f5a
/Users/mic/Downloads/20250930/sh601928.csv,sh601928.csv,sh,601928,2011-11-30,2025-09-30,3308,321470,True,utf-8,7692af9faa9ad3bb9af2737e36ea956f26f2cf44e51f952144e87d5bfc9d0218
/Users/mic/Downloads/20250930/sz301600.csv,sz301600.csv,sz,301600,2024-09-11,2025-09-30,256,25474,True,utf-8,e47d627ff7fe6ba7b18ce107be649469dab70e672e580f3702ef38fe60c4d082
/Users/mic/Downloads/20250930/sh600388.csv,sh600388.csv,sh,600388,2000-12-29,2025-09-30,5926,569370,True,utf-8,e7ee7f7fbd04694c1a4e553e9586d5a209a1ef72c70ee526c1009e57972b6819
/Users/mic/Downloads/20250930/sz301166.csv,sz301166.csv,sz,301166,2021-12-28,2025-09-30,913,88297,True,utf-8,1122fc77e3936d5c608def92a36e7666a3f0070abbbd64e08e74a0cf1be9def9
/Users/mic/Downloads/20250930/sh601096.csv,sh601096.csv,sh,601096,2023-12-22,2025-09-30,431,42599,True,utf-8,1171c2447e2f824d49155350d5606d3dfe74f6036e1574980ce9103d2885d0b2
/Users/mic/Downloads/20250930/sz300278.csv,sz300278.csv,sz,300278,2011-12-16,2025-09-30,2773,265105,True,utf-8,f7d04aac1d77e14b1ca31b225414df2c0e06c8add33bdc0c5e202ef7e9cc7362
/Users/mic/Downloads/20250930/sh603859.csv,sh603859.csv,sh,603859,2016-10-21,2025-09-30,2172,218396,True,utf-8,67d53de24bfa7879001d37cf518eabd061d35ffa89d7a8284798f68a46869dcc
/Users/mic/Downloads/20250930/sh603681.csv,sh603681.csv,sh,603681,2019-03-26,2025-09-30,1585,158714,True,utf-8,eed3ac35ae7f0cafba6fd75d2e88da63611a86d72f62c7c96079557b7b676e85
/Users/mic/Downloads/20250930/sz301172.csv,sz301172.csv,sz,301172,2023-07-26,2025-09-30,532,51782,True,utf-8,02a20a71b91f9c518f2d6adc1e748609da2ffb588fcd2dc376596d1d08b817f5
/Users/mic/Downloads/20250930/sz300522.csv,sz300522.csv,sz,300522,2016-07-05,2025-09-30,2243,219189,True,utf-8,2230fa318a3a793f0d3907bfe3dbdeee37395c1d55d3906f12d36e8a96eb71be
/Users/mic/Downloads/20250930/bj920066.csv,bj920066.csv,bj,920066,2024-10-31,2025-09-30,227,23007,True,utf-8,2dc53218481c46affd361ef499336cbfd1417201a63a5730b688cacb5824e30e
/Users/mic/Downloads/20250930/sz300244.csv,sz300244.csv,sz,300244,2011-07-19,2025-09-30,3360,330850,True,utf-8,3aecc044e5e30b3defc5cc47a1041efc7f73cc3f5ff4c499c5be8a0d96393be9
/Users/mic/Downloads/20250930/sz002399.csv,sz002399.csv,sz,002399,2010-05-06,2025-09-30,3507,348630,True,utf-8,9c7ad441bc11639129a73b2dacc183d902b18ab68f5a940a40375c46498dd42e
/Users/mic/Downloads/20250930/sz300250.csv,sz300250.csv,sz,300250,2011-08-03,2025-09-30,3321,320310,True,utf-8,e7c5096699554bcf90ada0423581c92f22ee7e0657733339220da8e0ead2a6e9
/Users/mic/Downloads/20250930/sh603871.csv,sh603871.csv,sh,603871,2018-02-06,2025-09-30,1857,176690,True,utf-8,8ca033291a4a924c25c01a9ed2d1880797695361c7e994f15c18334331e03bdb
/Users/mic/Downloads/20250930/sz300536.csv,sz300536.csv,sz,300536,2016-09-20,2025-09-30,2193,211578,True,utf-8,5d777bc71fa4a38a61162525a235cee3b8c758155ed20775d88a723c58faebb6
/Users/mic/Downloads/20250930/sh601900.csv,sh601900.csv,sh,601900,2016-02-15,2025-09-30,2227,214844,True,utf-8,f1c70d18bd1882f9b61938c80256f421af9d978d5479a64580567fbca024f898
/Users/mic/Downloads/20250930/sz301628.csv,sz301628.csv,sz,301628,2024-10-31,2025-09-30,227,22117,True,utf-8,6fd42456bae68ef4df123d6d6d5b1a71da397f90abeaca7f7a728a52dee7b8ca
/Users/mic/Downloads/20250930/sh600149.csv,sh600149.csv,sh,600149,1999-10-14,2025-09-30,6038,571255,True,utf-8,0314233de1a457c5ed52f39b69d108609587e423b36a08451572849224dcea72
/Users/mic/Downloads/20250930/sz002170.csv,sz002170.csv,sz,002170,2007-09-19,2025-09-30,4255,404280,True,utf-8,e5e4e125e44b4c576441d09c9f9c28831ceea05e3e3c24953482e875c653d8b3
/Users/mic/Downloads/20250930/sz000767.csv,sz000767.csv,sz,000767,1997-06-09,2025-09-30,6677,639752,True,utf-8,3bafeff88dd16ac6ebfa5ceb2a94076e2f9d388924d53f49409f27ac45f63b8c
/Users/mic/Downloads/20250930/sz000001.csv,sz000001.csv,sz,000001,1991-04-03,2025-09-30,8205,806251,True,utf-8,c58144ff3a73033f56d27a285b3cc00dd2fc9fca43a4b4b096a7c975c0ede25e
/Users/mic/Downloads/20250930/sh603326.csv,sh603326.csv,sh,603326,2017-06-16,2025-09-30,2017,187619,True,utf-8,eaa1bcb5968c32fd5523253cd17a80e7a8a398445db9c733a0f177f2e55eaf04
/Users/mic/Downloads/20250930/sh688315.csv,sh688315.csv,sh,688315,2021-04-13,2025-09-30,1087,106938,True,utf-8,cb6b90cd10bc81750d7ff230c1762ca8da0f714c815ac0b459d66b7ed74aab93
/Users/mic/Downloads/20250930/sz002616.csv,sz002616.csv,sz,002616,2011-09-20,2025-09-30,3299,313373,True,utf-8,9f53f26e6109b567c5748a28c4c489c2a73379f69ca408c090c123ac1a5e4a4b
/Users/mic/Downloads/20250930/sz300907.csv,sz300907.csv,sz,300907,2020-11-18,2025-09-30,1184,113405,True,utf-8,c4d0172f4158277ec4c42dc5e5a06e8d1d7d319a5507a04193f90d84bb63d97f
/Users/mic/Downloads/20250930/sz002602.csv,sz002602.csv,sz,002602,2011-07-28,2025-09-30,2976,289589,True,utf-8,a73ab00102107b3f7004955c35b3ae480ffb737765fad7d22abf5e8c242797cd
/Users/mic/Downloads/20250930/sz300913.csv,sz300913.csv,sz,300913,2020-12-07,2025-09-30,1171,114288,True,utf-8,3fd5a17ad26a0c6ab8e2fbaa0f3a9a4b61feb3b0853f05feb29ce7f30550c5fd
/Users/mic/Downloads/20250930/bj831396.csv,bj831396.csv,bj,831396,2024-01-26,2025-09-30,407,39771,True,utf-8,9647f1599d1d218fb5f0c093efaf593d5b1f37e051ce84f56fcfbf6d8007ed8c
/Users/mic/Downloads/20250930/sh603332.csv,sh603332.csv,sh,603332,2019-01-17,2025-09-30,1628,159087,True,utf-8,083cff62976c5ccb36488803e59883f3fc4963d409fddf110c1ed744fcb3cfea
/Users/mic/Downloads/20250930/sh688301.csv,sh688301.csv,sh,688301,2020-09-18,2025-09-30,1221,123574,True,utf-8,cfd4ce853e2f1e597cc156da950a719514cae963ae6242b228e4556a044fca65
/Users/mic/Downloads/20250930/sz002164.csv,sz002164.csv,sz,002164,2007-08-23,2025-09-30,4211,402034,True,utf-8,17900e75c986fae811139637e4ee06cecc092848639b677c448ac85ac396f309
/Users/mic/Downloads/20250930/bj873833.csv,bj873833.csv,bj,873833,2023-11-08,2025-09-30,463,44062,True,utf-8,8cec74b80f1d4f62d9db71256173d5efa1d4a320103ee4028ac7e88594d878ae
/Users/mic/Downloads/20250930/sz000983.csv,sz000983.csv,sz,000983,2000-07-26,2025-09-30,6050,589636,True,utf-8,f524e57a0dba0c46407d4c8c1b540e75bb17e8c824e25e1991c2c14b734c897e
/Users/mic/Downloads/20250930/sz300085.csv,sz300085.csv,sz,300085,2010-05-26,2025-09-30,3516,341430,True,utf-8,f1e99e9345386fbc0ac6c776f82df241903868637b9ffb8456734fb091d7d966
/Users/mic/Downloads/20250930/sh600613.csv,sh600613.csv,sh,600613,1992-08-20,2025-09-30,7753,722362,True,utf-8,60ab57654c55a4717a5d37eb48209744fd0acf24e9bd8e5c94e6704e242e7099
/Users/mic/Downloads/20250930/sh688329.csv,sh688329.csv,sh,688329,2021-03-29,2025-09-30,1097,106433,True,utf-8,49a11a7cdcf03acbecb15bfd19ee82ec7fd0fa25e29369e24216d4686b9da3d6
/Users/mic/Downloads/20250930/sz001323.csv,sz001323.csv,sz,001323,2022-06-23,2025-09-30,798,77540,True,utf-8,b078621075e3be654c2f2bee01eeb036705e20217fd0629cd1be91da26f0d12c
/Users/mic/Downloads/20250930/sz000029.csv,sz000029.csv,sz,000029,1993-09-15,2025-09-30,6704,636752,True,utf-8,db98c9b756d69db18e3a73cc97b8e8ec3d3a2d0d9ea77325d5ce47d762f98cfd
/Users/mic/Downloads/20250930/sz001337.csv,sz001337.csv,sz,001337,2023-03-03,2025-09-30,629,61334,True,utf-8,a670762c9a95ef1df80ca313eb56b9b13bb3496ee170110ce8549955e7d17f5b
/Users/mic/Downloads/20250930/sh601519.csv,sh601519.csv,sh,601519,2011-01-28,2025-09-30,3407,329777,True,utf-8,4c2a4d1de5359e89443a3cb385578c6f86f888aae1f3a452e34b21c94cc2d7ff
/Users/mic/Downloads/20250930/sh600161.csv,sh600161.csv,sh,600161,1998-06-16,2025-09-30,6387,617763,True,utf-8,3876f8799db268a1ad2a79d3ed8a35c2d5760384f05a1f72140bcbc652275aa3
/Users/mic/Downloads/20250930/sz300091.csv,sz300091.csv,sz,300091,2010-06-25,2025-09-30,3620,344640,True,utf-8,fdf51bd84f4058ca0dba5eacf602aea700a06bbf69f52fe600842b45259c9475
/Users/mic/Downloads/20250930/sz002158.csv,sz002158.csv,sz,002158,2007-08-17,2025-09-30,4385,425884,True,utf-8,47a8d914c7a2db2656c01914cece8043e2ae922b331617d61cec80c8fb87a6b6
/Users/mic/Downloads/20250930/sz000997.csv,sz000997.csv,sz,000997,2000-08-07,2025-09-30,5905,573343,True,utf-8,0fd5d2ca0dd372813351744d2b3c15dee9d63a942950fe418ac76a61d946b80d
/Users/mic/Downloads/20250930/bj833230.csv,bj833230.csv,bj,833230,2022-12-09,2025-09-30,683,63628,True,utf-8,84082d827839a6da3c020335222031e7d4e90c7148c4f0f57dfba01c2cca71bf
/Users/mic/Downloads/20250930/sh600834.csv,sh600834.csv,sh,600834,1994-02-24,2025-09-30,7557,736474,True,utf-8,06c60e1c83405de0b4ba4db3c0707582d3f11b4a3837bc7b89f4fb0d76f5f858
/Users/mic/Downloads/20250930/sz002819.csv,sz002819.csv,sz,002819,2016-11-11,2025-09-30,2059,203290,True,utf-8,e046077e6c26863ebc7c5e26f81d8b93fc92f8947793410ee9530c5f84276a97
/Users/mic/Downloads/20250930/sh600820.csv,sh600820.csv,sh,600820,1994-01-28,2025-09-30,7562,715361,True,utf-8,f2f2f4a26fc681a2b3cadd759223b706be3b64c03ef61068b561fe8bd6b915a8
/Users/mic/Downloads/20250930/sz300708.csv,sz300708.csv,sz,300708,2017-10-16,2025-09-30,1937,186337,True,utf-8,5845027f05ca4af459fde5bbf9686cb38df056bda13abb4f1efeb231d0e03202
/Users/mic/Downloads/20250930/sz301370.csv,sz301370.csv,sz,301370,2023-07-12,2025-09-30,542,52926,True,utf-8,0e4232d3aaab9cdf9bb7cc41875975bd15ca07cead767596b8baf34bab2a7456
/Users/mic/Downloads/20250930/sz000968.csv,sz000968.csv,sz,000968,2000-06-22,2025-09-30,5852,561057,True,utf-8,fbb73826b89d054ea9c5083243beb1b82be8814dbacd66b9cc26f3b993d16e02
/Users/mic/Downloads/20250930/sz300046.csv,sz300046.csv,sz,300046,2010-01-20,2025-09-30,3663,355573,True,utf-8,92e7ec91be1c6d90a4a4aeddd6f3a28b0e394098152b6e4d3d3c865b73fad1cb
/Users/mic/Downloads/20250930/sz301358.csv,sz301358.csv,sz,301358,2023-02-09,2025-09-30,645,64900,True,utf-8,33fd52f48224b238d27338a9f1c040dbfe765e2a04812dc0d202d3e4c856dbf6
/Users/mic/Downloads/20250930/sz000798.csv,sz000798.csv,sz,000798,1998-02-12,2025-09-30,6541,616341,True,utf-8,994f96302fa70c1a6c27603d33d1f9a69c416334bfec2adab41d4b8c03488e8a
/Users/mic/Downloads/20250930/sz002831.csv,sz002831.csv,sz,002831,2016-12-16,2025-09-30,2137,211726,True,utf-8,181fe988bf1718c3e6fdeb6915c0c48848dd564d41235ab5bb91adaab04ff8f1
/Users/mic/Downloads/20250930/bj871981.csv,bj871981.csv,bj,871981,2021-11-15,2025-09-30,944,91616,True,utf-8,63aa20984a0aa28f0b5fc65d9d2bac6990cbca2d5f2eb63560c48a520601047c
/Users/mic/Downloads/20250930/sh600808.csv,sh600808.csv,sh,600808,1994-01-06,2025-09-30,7639,724502,True,utf-8,66e23dafcb9e1ec7e3b32d78b211a48faced957085fad95e1f62c0f5e4a8d708
/Users/mic/Downloads/20250930/sz300720.csv,sz300720.csv,sz,300720,2017-11-06,2025-09-30,1912,184607,True,utf-8,11629f2313f2c2ab839211cbe4499c153b8f07d6562590476428a1c66f51c603
/Users/mic/Downloads/20250930/sz002825.csv,sz002825.csv,sz,002825,2016-11-29,2025-09-30,2135,200045,True,utf-8,5d9cb3aa2fb79794f45b0da940c93898b550e6c24176e5def58c4e604e829ba3
/Users/mic/Downloads/20250930/sh688498.csv,sh688498.csv,sh,688498,2022-12-21,2025-09-30,675,69158,True,utf-8,9339cbf3ad6e539625ad529d22798c17781ac311e84feaff6265ac4f333eb451
/Users/mic/Downloads/20250930/sz300052.csv,sz300052.csv,sz,300052,2010-02-11,2025-09-30,3582,351692,True,utf-8,964fbdf2b2cfb6d3b85cd5d4fb319706dfbc3fb904b0927d758952c24e5002b7
/Users/mic/Downloads/20250930/sz002004.csv,sz002004.csv,sz,002004,2004-06-25,2025-09-30,4943,475279,True,utf-8,d8f7afadbe65a955d8a4e93c6911ead4a1292c89378a4f18897ae8c09004f67f
/Users/mic/Downloads/20250930/sh688507.csv,sh688507.csv,sh,688507,2023-04-18,2025-09-30,598,58008,True,utf-8,f4733fbe8cb635f3e8bfff51628bfef0dd29dbf407ee0d75d74a760fd25e171f
/Users/mic/Downloads/20250930/bj920489.csv,bj920489.csv,bj,920489,2014-05-20,2025-09-30,2243,205971,True,utf-8,b742f0fabe8a4c82dc2a98b439f06a2407d93682e7d6a427c20a891ee6c5671b
/Users/mic/Downloads/20250930/sh688261.csv,sh688261.csv,sh,688261,2022-02-10,2025-09-30,887,87924,True,utf-8,3f1c8bc4a3163a554dd8a84f830ee04fe466811f9462480684f1218ab7c052bd
/Users/mic/Downloads/20250930/sz300873.csv,sz300873.csv,sz,300873,2020-08-24,2025-09-30,1240,121627,True,utf-8,16bba5949a449d0547f757920441fce4c0315cae87f0fe15d17c11e0308b396b
/Users/mic/Downloads/20250930/sz002762.csv,sz002762.csv,sz,002762,2015-06-10,2025-09-30,2382,229322,True,utf-8,d60b52b6a2c085b5fff16bac37e928b3a28bee748599c98cfe632ff40809ba9e
/Users/mic/Downloads/20250930/sh600983.csv,sh600983.csv,sh,600983,2004-07-27,2025-09-30,4916,467524,True,utf-8,d2a19cc1b9d193dcbfa7a5869d0a1f0bfb38b54eccd494015b0ea89d84f34bd2
/Users/mic/Downloads/20250930/sz300867.csv,sz300867.csv,sz,300867,2020-08-24,2025-09-30,1240,121955,True,utf-8,853500170a2bcd8f4b430c5895743128299d3500d8a5e19cdeef8c943eef4072
/Users/mic/Downloads/20250930/sh600997.csv,sh600997.csv,sh,600997,2004-06-02,2025-09-30,5074,488725,True,utf-8,0f303d4e57d195feefce31bd380e898f802508b6ce6a514b1833848e6f039ac9
/Users/mic/Downloads/20250930/sh688275.csv,sh688275.csv,sh,688275,2022-09-29,2025-09-30,729,71033,True,utf-8,f02c241f858258e0df4f0c416e74d873368f3c337af5afd336295d0c361f2020
/Users/mic/Downloads/20250930/sz000607.csv,sz000607.csv,sz,000607,1996-08-30,2025-09-30,6740,635855,True,utf-8,6aacf553b5f5bff7e9bd697667b78bf3913e61ef9d50f5299c96b06696b7efac
/Users/mic/Downloads/20250930/sh603520.csv,sh603520.csv,sh,603520,2016-03-09,2025-09-30,2202,213951,True,utf-8,5b51f6b6f6b680910994e1a0df2439788c1f79923bbb22f448acf2ce05306bf9
/Users/mic/Downloads/20250930/sh688513.csv,sh688513.csv,sh,688513,2020-09-02,2025-09-30,1233,122665,True,utf-8,3060e9bef83824bc6f9aabf1996313037b29d62a76f76266cf1303e4d8c22ea5
/Users/mic/Downloads/20250930/sh605151.csv,sh605151.csv,sh,605151,2020-12-15,2025-09-30,1165,114132,True,utf-8,f3f4cee71e2b431013e61e197e50bca00ca7f59bc5cd3f566921b67e607de47a
/Users/mic/Downloads/20250930/sz002010.csv,sz002010.csv,sz,002010,2004-06-29,2025-09-30,4992,478530,True,utf-8,36dec9fa1cd137e39e22eb5803a191202300e532d4ce6aa292bdf65f258660de
/Users/mic/Downloads/20250930/sh600029.csv,sh600029.csv,sh,600029,2003-07-25,2025-09-30,5290,506225,True,utf-8,db4e02ee1d7f6472695ef8871ca51dcaebc661b5c5985a6c9c3e405624ae218b
/Users/mic/Downloads/20250930/sh603508.csv,sh603508.csv,sh,603508,2015-12-24,2025-09-30,2288,222758,True,utf-8,1940f6ac8bbb9e6330e80bf081e05442c97556c00e2febbee22c5c68d7fee95d
/Users/mic/Downloads/20250930/sh605179.csv,sh605179.csv,sh,605179,2020-12-28,2025-09-30,1156,112536,True,utf-8,92804a7d85464bc47dd915e07f00026486d32b3d48469caf47c232a65722c21e
/Users/mic/Downloads/20250930/sz002038.csv,sz002038.csv,sz,002038,2004-09-09,2025-09-30,5070,491946,True,utf-8,2c605ae0e6f15659b6e0b7e7fcdc6042de3983ec56a789b3c5912f726f782d35
/Users/mic/Downloads/20250930/sz301589.csv,sz301589.csv,sz,301589,2024-02-08,2025-09-30,398,40673,True,utf-8,74f5b439b5904f13e432601976bd2e82b7e22bd2a5981a12e5e6c9bba00d0320
/Users/mic/Downloads/20250930/sz002986.csv,sz002986.csv,sz,002986,2020-06-02,2025-09-30,1297,127952,True,utf-8,930b2eec8a38e3c9710d48c58155a0ff65461adfa5d7388f686e356a7e119e2e
/Users/mic/Downloads/20250930/sz300697.csv,sz300697.csv,sz,300697,2017-09-07,2025-09-30,1955,183106,True,utf-8,50937031b8e84b00023329a1b3af00d771660c4b9659128e6de6d2317a723484
/Users/mic/Downloads/20250930/sh688249.csv,sh688249.csv,sh,688249,2023-05-05,2025-09-30,588,60378,True,utf-8,64665c5b782439f55b47110763f1657c6aeb3330f0ce45b334da28a4d063d4d6
/Users/mic/Downloads/20250930/sh600773.csv,sh600773.csv,sh,600773,1996-11-08,2025-09-30,6714,640430,True,utf-8,7eb3341ba1aa2cb500dd33d9d373bcf2e0e58416bcc990ca1bcdc8dbf8dadbe8
/Users/mic/Downloads/20250930/sz002992.csv,sz002992.csv,sz,002992,2020-08-03,2025-09-30,1255,121961,True,utf-8,d2c3b08fd228f93c483f18d571658e528b415f265c106a1e32e45537c3a34265
/Users/mic/Downloads/20250930/sz300683.csv,sz300683.csv,sz,300683,2017-08-08,2025-09-30,1923,194887,True,utf-8,ab1a7e807375616802ed504658cdbd8898feaa26bd5647757c97a8168f13e79f
/Users/mic/Downloads/20250930/sh600015.csv,sh600015.csv,sh,600015,2003-09-12,2025-09-30,5259,513126,True,utf-8,682a8e16a966002c6358b9ce0909f7e86d46c23c553b3d509d7d183bf4314e4a
/Users/mic/Downloads/20250930/sh605186.csv,sh605186.csv,sh,605186,2020-12-22,2025-09-30,1160,116146,True,utf-8,88764bb549008f4ea3dcf30a369a91e5e5bbdfaf23abff7f656ba3d07277f27b
/Users/mic/Downloads/20250930/sz301210.csv,sz301210.csv,sz,301210,2023-06-30,2025-09-30,550,53206,True,utf-8,911a0f7db5cb908a60e6bfcfb2f4d1db2d71800f338be4e917ebc36a8ec1aaae
/Users/mic/Downloads/20250930/sz300668.csv,sz300668.csv,sz,300668,2017-06-19,2025-09-30,2017,198992,True,utf-8,e36c9b648645c39f45eed76f2c41d15d8d0a5ffe91b22094fa63aec334ceea61
/Users/mic/Downloads/20250930/sz002979.csv,sz002979.csv,sz,002979,2020-04-08,2025-09-30,1333,131658,True,utf-8,1cf0e50afd1c6fa38a1c51535399b0298dde78728ab5121c208dc4714850f349
/Users/mic/Downloads/20250930/sh600798.csv,sh600798.csv,sh,600798,1997-04-23,2025-09-30,6655,646390,True,utf-8,fa080d315245d2a25dbf634acdeeeae906bbf90face7bce8d0128aac360499c1
/Users/mic/Downloads/20250930/sh603291.csv,sh603291.csv,sh,603291,2023-03-27,2025-09-30,613,59787,True,utf-8,5512c118a0ba235bc3d7d656616dd51b00d12f57823e902c45c98b38d74fb6ca
/Users/mic/Downloads/20250930/sh603285.csv,sh603285.csv,sh,603285,2024-07-05,2025-09-30,304,28505,True,utf-8,e80bc2e4960a0346a1297616d8d71eb20e8359079bdcce786e10e5e4f57feae7
/Users/mic/Downloads/20250930/sz300132.csv,sz300132.csv,sz,300132,2010-10-26,2025-09-30,3517,335556,True,utf-8,4914ac26484fca1d63e906165020dc335101ca6da470b6394b619bfb83d18e9e
/Users/mic/Downloads/20250930/sz300654.csv,sz300654.csv,sz,300654,2017-09-26,2025-09-30,1946,185468,True,utf-8,42d680b5516e0d8f1025b4ccd821d4231d08e7f02bc5ae7202da9d940857f032
/Users/mic/Downloads/20250930/sz002945.csv,sz002945.csv,sz,002945,2019-01-17,2025-09-30,1628,163125,True,utf-8,b186b09b6112ae8e78648df6b61e35b55d6fd9640da3ed90b7892ad79365e05e
/Users/mic/Downloads/20250930/sz300640.csv,sz300640.csv,sz,300640,2017-04-17,2025-09-30,2040,191777,True,utf-8,0af95d0272af623586b6058d682abb7a8cd8737e4f5a1ffd40d476462d946f7f
/Users/mic/Downloads/20250930/sh600968.csv,sh600968.csv,sh,600968,2019-06-26,2025-09-30,1524,149050,True,utf-8,44f94dc7fb7301d3028de6782ae4289a965fd14d5e7d5b23d3a4da4ba387f0a1
/Users/mic/Downloads/20250930/sz002789.csv,sz002789.csv,sz,002789,2016-03-11,2025-09-30,2325,225859,True,utf-8,4f8bb0f2e34add140ffead489ba724c73c49edd9b463a88428f43827cd935bad
/Users/mic/Downloads/20250930/sz300898.csv,sz300898.csv,sz,300898,2020-10-16,2025-09-30,1207,119721,True,utf-8,4b18fb96532016142bb9ec9729433692162f31cd7887cc475d91c36b7d401e64
/Users/mic/Downloads/20250930/sz002951.csv,sz002951.csv,sz,002951,2019-03-15,2025-09-30,1589,151057,True,utf-8,0ba92f5e349910b7ec702be9a2574cfee17f1d68b608f8b5b268950d3cde3a8e
/Users/mic/Downloads/20250930/sz000820.csv,sz000820.csv,sz,000820,1998-06-30,2025-09-30,5590,525123,True,utf-8,a80205aed707ad5f73e7ef9c33c3c3017d5a878884b2d8e0fd1224aecead8f54
/Users/mic/Downloads/20250930/sz301238.csv,sz301238.csv,sz,301238,2022-06-17,2025-09-30,802,82752,True,utf-8,5ea88ca6ad9fdfd324d94039602aeaabf4c4586ebed4f582c39b0f87f054cefe
/Users/mic/Downloads/20250930/sz300126.csv,sz300126.csv,sz,300126,2010-10-13,2025-09-30,3520,334949,True,utf-8,8bd63b84fc978bb9f7065cea29d9d3784a234d11bb9d34ccc7f654b9ceb93530
/Users/mic/Downloads/20250930/sz002560.csv,sz002560.csv,sz,002560,2011-03-03,2025-09-30,3401,322655,True,utf-8,aad13357938175943cf82adeb51d75b2c8d8ee08f519e6c91fc3f526d234220d
/Users/mic/Downloads/20250930/sh600559.csv,sh600559.csv,sh,600559,2002-10-29,2025-09-30,5270,496393,True,utf-8,5cf82761f75f0292196621b744ba884abd6ab467edeef5fee11bbba9a95e070c
/Users/mic/Downloads/20250930/sh603050.csv,sh603050.csv,sh,603050,2017-04-14,2025-09-30,2059,195537,True,utf-8,8fdded5cced3b71fd9f20bdae909b18849e5938737d99515f176d7c8808dac20
/Users/mic/Downloads/20250930/sh688063.csv,sh688063.csv,sh,688063,2020-12-30,2025-09-30,1154,118410,True,utf-8,17b5abddaebc9e2f4442f45b702aad702a85f0bcf3a73c75180e20fae30c8ecf
/Users/mic/Downloads/20250930/sz000411.csv,sz000411.csv,sz,000411,1996-07-16,2025-09-30,6606,625617,True,utf-8,9c55997adf5a0fc85e1446dc017e14733618b202f1013d4c603aec55eec4b30d
/Users/mic/Downloads/20250930/sh601121.csv,sh601121.csv,sh,601121,2023-03-10,2025-09-30,620,56393,True,utf-8,e4fa36349b3da30154e10c37623d8fa4975fb84ab4e2d42b38d8a12fa30ba51b
/Users/mic/Downloads/20250930/sz002206.csv,sz002206.csv,sz,002206,2008-01-23,2025-09-30,4252,405098,True,utf-8,a150a9e79d900bd319448a652e4dbfa63769f4ab8593a9238e3fd73773bddb88
/Users/mic/Downloads/20250930/sz002212.csv,sz002212.csv,sz,002212,2008-02-01,2025-09-30,4022,389227,True,utf-8,611e2c6ab152c12be9c9cb4bedce014219b16e8f8ccbe2612d1c44e6af1b99c5
/Users/mic/Downloads/20250930/sh688711.csv,sh688711.csv,sh,688711,2021-09-01,2025-09-30,990,97763,True,utf-8,69a39a43aec9decf837645fed1b3628bb24ba59551f30e5ff124834cf66516b5
/Users/mic/Downloads/20250930/sh603722.csv,sh603722.csv,sh,603722,2017-10-25,2025-09-30,1928,186866,True,utf-8,3a1b536414029c175d21340bafd0435c00666bf8c8352a26bb12b4370cacd883
/Users/mic/Downloads/20250930/sh688077.csv,sh688077.csv,sh,688077,2020-07-22,2025-09-30,1263,124016,True,utf-8,1f741acb0cf4b495f95a07690871eb032dd64bc7b4104e1d8cf5e2465d69a2a5
/Users/mic/Downloads/20250930/bj836957.csv,bj836957.csv,bj,836957,2022-12-14,2025-09-30,680,65719,True,utf-8,f01246248b58025acf02bd2a0618a06100143f0073eefdb5b1654c632c7c308c
/Users/mic/Downloads/20250930/sz002574.csv,sz002574.csv,sz,002574,2011-04-22,2025-09-30,3327,315108,True,utf-8,e6680511d2c68cf2782b6d0115f1c684f8b153e3a2667e8f3fd87497f73e32d2
/Users/mic/Downloads/20250930/sh600203.csv,sh600203.csv,sh,600203,1999-05-14,2025-09-30,5929,557869,True,utf-8,8d4506f9262ff9292b358d17cfe344f3faa086652154104678fbae42a4f73685
/Users/mic/Downloads/20250930/sh688739.csv,sh688739.csv,sh,688739,2021-10-28,2025-09-30,953,94003,True,utf-8,2765e8c85fb5b7000daae75da44317cf10f676c27245ccc00f492c4846b2f8e2
/Users/mic/Downloads/20250930/sh600217.csv,sh600217.csv,sh,600217,1999-12-16,2025-09-30,5752,553531,True,utf-8,fc4fdb4414d83169a7a8464fad52f942c5568b3afcf6839344d5f13cd70ce122
/Users/mic/Downloads/20250930/sz002548.csv,sz002548.csv,sz,002548,2011-02-18,2025-09-30,3463,330070,True,utf-8,062e3c33859ca5776bb3305ec2ec992422c75d34141393c8c2dc5e20cff358cc
/Users/mic/Downloads/20250930/sz300481.csv,sz300481.csv,sz,300481,2015-06-30,2025-09-30,2475,240766,True,utf-8,32ae533cba81232de2554c98c8e449584c9b014fa9b9c91326bb334fda6b4423
/Users/mic/Downloads/20250930/sh600571.csv,sh600571.csv,sh,600571,2002-11-01,2025-09-30,5356,511887,True,utf-8,420aed30f445d8c3c2ef6faad3c0429c5dadf9e11732b0a676577bb173c458cc
/Users/mic/Downloads/20250930/sh603078.csv,sh603078.csv,sh,603078,2017-04-10,2025-09-30,2062,204617,True,utf-8,cd7c98467100d2f7bda89c98a52c155aa673c7179e99a2b1cc4c81188878fd84
/Users/mic/Downloads/20250930/sh603093.csv,sh603093.csv,sh,603093,2019-08-30,2025-09-30,1477,144220,True,utf-8,bc0f5fc325720f24fce1a355476938525cccb55560739d645025d50951fc61ee
/Users/mic/Downloads/20250930/sz301012.csv,sz301012.csv,sz,301012,2021-06-22,2025-09-30,1039,101413,True,utf-8,cf9230d426bbfc369529d63066f9f29407c597d1b6f9213e296c6e42fc985ce3
/Users/mic/Downloads/20250930/sz001914.csv,sz001914.csv,sz,001914,1994-09-28,2025-09-30,7308,691578,True,utf-8,75434e39df25ab77ec9075b992833085d9e2b17191c38b93e44a628089cb21db
/Users/mic/Downloads/20250930/bj873576.csv,bj873576.csv,bj,873576,2023-07-12,2025-09-30,542,54113,True,utf-8,7f7cfccef838f326777552bb629d6cad1803f11a4e62517360db325d8864cb7a
/Users/mic/Downloads/20250930/sh603939.csv,sh603939.csv,sh,603939,2015-02-17,2025-09-30,2467,244173,True,utf-8,4a36d54eff761a3cd224360200b2620a927fd727a3746a046855d10f5c7c948a
/Users/mic/Downloads/20250930/sz300318.csv,sz300318.csv,sz,300318,2012-05-23,2025-09-30,3132,300333,True,utf-8,56e83d147c12028f0adc6ca90bf052fbce9a05cd6643aa6d9b4d3013d91390ee
/Users/mic/Downloads/20250930/sz301006.csv,sz301006.csv,sz,301006,2021-06-07,2025-09-30,1051,105581,True,utf-8,d75e61823822e7d98029203e36573df020b818fcb6529cdface2717c8c9b1b0a
/Users/mic/Downloads/20250930/sh603087.csv,sh603087.csv,sh,603087,2020-06-29,2025-09-30,1280,129428,True,utf-8,5f4dfa68d7d58830a0e8359dfcbbbfa0bd71e5b948305003f886c17597bec57a
/Users/mic/Downloads/20250930/sh601860.csv,sh601860.csv,sh,601860,2019-01-03,2025-09-30,1638,159191,True,utf-8,fc0f68ba84419aa1ea8c24eeb494f0b5d10fb5ebd09e8585211e2cd076e654fc
/Users/mic/Downloads/20250930/sz300456.csv,sz300456.csv,sz,300456,2015-05-14,2025-09-30,2377,235207,True,utf-8,e2fa5ed52c53c9bf86cdd4fee8964b11d8498d4f8b248442e625f858b17c0e5f
/Users/mic/Downloads/20250930/bj920112.csv,bj920112.csv,bj,920112,2025-08-28,2025-09-30,24,2383,True,utf-8,f668e987c8e6869013e3629b9eaec44e87a4396ebea92d646758b183a615a1bf
/Users/mic/Downloads/20250930/sz300324.csv,sz300324.csv,sz,300324,2012-06-08,2025-09-30,2892,279043,True,utf-8,a49396abfe496313ffad1e5d28693b61d1a2015b6cc2acf67ae4722eb6ff4926
/Users/mic/Downloads/20250930/bj920106.csv,bj920106.csv,bj,920106,2024-12-18,2025-09-30,193,19311,True,utf-8,09e3df59642b8cb4d9693c024a2cce0b9b0577e0a6d51eb25aaeae8550525740
/Users/mic/Downloads/20250930/sh688088.csv,sh688088.csv,sh,688088,2019-07-22,2025-09-30,1506,149063,True,utf-8,8088ac4784f65aaac9ceaa602332603ed1ece59181841f53fee44d44342b0ed1
/Users/mic/Downloads/20250930/sz300442.csv,sz300442.csv,sz,300442,2015-04-24,2025-09-30,2531,242281,True,utf-8,92d07c00550ab840bde0105128ce04876cb66b484b32f24e73db91051db60cef
/Users/mic/Downloads/20250930/sz300443.csv,sz300443.csv,sz,300443,2015-04-22,2025-09-30,2532,249117,True,utf-8,b0e9f2ab45df28c4fb52f6a6af1ebfae8f6a72046dfa904a9131155cb04960b0
/Users/mic/Downloads/20250930/sh688089.csv,sh688089.csv,sh,688089,2019-12-19,2025-09-30,1395,136051,True,utf-8,874cf7a481c91fd2c5b808afcb99bdc1876a1b0555770f4b29038aaa85874074
/Users/mic/Downloads/20250930/sz300457.csv,sz300457.csv,sz,300457,2015-05-14,2025-09-30,2467,244406,True,utf-8,4c9851b20decbaeb9aa20302d123861d482ec5a5917bcdc0c8ec892068b11b32
/Users/mic/Downloads/20250930/sz300331.csv,sz300331.csv,sz,300331,2012-06-28,2025-09-30,3068,307056,True,utf-8,d3a19cc3765222c8575bd0b90d8655224b95ea5b7b236966f2178df262a475a3
/Users/mic/Downloads/20250930/sz301007.csv,sz301007.csv,sz,301007,2021-06-16,2025-09-30,1043,102534,True,utf-8,39b5ced7f680bbde05557f20d88faab687307882f37c2bea67bfd510c2b77872
/Users/mic/Downloads/20250930/sz300319.csv,sz300319.csv,sz,300319,2012-05-23,2025-09-30,3000,289589,True,utf-8,8c11ee9cac85c3960abf7ef70c78c7a3ed2f4e981e55c4c085b04ed746367cf6
/Users/mic/Downloads/20250930/sh603938.csv,sh603938.csv,sh,603938,2017-06-28,2025-09-30,2010,194732,True,utf-8,f21a85c5ec7d645304831910126bd693c0debcac383994dcd4b76f60654f68ec
/Users/mic/Downloads/20250930/sh603086.csv,sh603086.csv,sh,603086,2017-05-11,2025-09-30,2042,189302,True,utf-8,fbad6cbe8f60f8cfae64fb8350f7f72184ef567a45e0d89be2e4f911c3e3d63e
/Users/mic/Downloads/20250930/sz301013.csv,sz301013.csv,sz,301013,2021-06-29,2025-09-30,1036,103640,True,utf-8,20b103acf0c58065ded551255cdd17430052f924b8b8c7fcafc3f2f9e6846a30
/Users/mic/Downloads/20250930/sh601108.csv,sh601108.csv,sh,601108,2017-10-24,2025-09-30,1925,188920,True,utf-8,c3e938fa75c12feefd6338c2c5f0ab443e5eb508993986d11b32e528761ad858
/Users/mic/Downloads/20250930/sh600216.csv,sh600216.csv,sh,600216,1999-10-21,2025-09-30,6213,604468,True,utf-8,62757333452424126fd67e827142fade4c8297452dc730ff9e93b400ee2f2d5a
/Users/mic/Downloads/20250930/sh603079.csv,sh603079.csv,sh,603079,2017-08-23,2025-09-30,1932,195947,True,utf-8,989637d2b2614e5f4f53114ff4953f788709bf697451cbe09d9d0bd6925db856
/Users/mic/Downloads/20250930/sh600570.csv,sh600570.csv,sh,600570,2003-12-16,2025-09-30,5191,506276,True,utf-8,626dfeac6007ae19bb929fe23c73827ab6c1efebe1b961c9170fce1e90341974
/Users/mic/Downloads/20250930/sz300480.csv,sz300480.csv,sz,300480,2015-07-02,2025-09-30,2427,238207,True,utf-8,bc5aeebad43dcc489c76f1f01c37dbc2dafa34bd3911fdb43653d82d4214d7bb
/Users/mic/Downloads/20250930/sz002549.csv,sz002549.csv,sz,002549,2011-02-18,2025-09-30,3444,326568,True,utf-8,d5cd39f913e4db715d289d7cf77ae4cb3ee4bba5dec7a8a8d1969e28a3fa2946
/Users/mic/Downloads/20250930/sz300494.csv,sz300494.csv,sz,300494,2015-12-31,2025-09-30,2371,228916,True,utf-8,d936370ca09f3517a7861cdc7dc05105726718c561bc88fc5009271867ee6d7e
/Users/mic/Downloads/20250930/sh600202.csv,sh600202.csv,sh,600202,1999-06-03,2025-09-30,6224,589659,True,utf-8,cc74d2157d37524f7245b1707c7329dd6db096710bc27868c1caaf407fbf1616
/Users/mic/Downloads/20250930/sz000404.csv,sz000404.csv,sz,000404,1996-06-19,2025-09-30,7000,667684,True,utf-8,7320a0a060312263096bd7107481c86fb5e66c258ce97a95cfcfa3a06cb9cf18
/Users/mic/Downloads/20250930/sh688710.csv,sh688710.csv,sh,688710,2024-09-03,2025-09-30,262,25390,True,utf-8,6ce31d26c0019d1e24ba8d38c73ae2cc7da5a21623828ae0229c83fdd3513c64
/Users/mic/Downloads/20250930/sz002213.csv,sz002213.csv,sz,002213,2008-02-01,2025-09-30,4212,409335,True,utf-8,5eb8d34c6e495bae406771447780b3f510e59b83d74095a4e883a676f73d4699
/Users/mic/Downloads/20250930/sz002575.csv,sz002575.csv,sz,002575,2011-04-22,2025-09-30,3059,289429,True,utf-8,c97b8d6c7f97e9973fceae6bba6732992bf7d1c745a5e3e9ffb00e6d1e51bbe1
/Users/mic/Downloads/20250930/sh688076.csv,sh688076.csv,sh,688076,2021-05-20,2025-09-30,1062,105432,True,utf-8,35908f9cc5b450b805d35e90bedd84adddb0f4d23dc91921fad496607a9deca6
/Users/mic/Downloads/20250930/sh603045.csv,sh603045.csv,sh,603045,2018-05-17,2025-09-30,1783,177421,True,utf-8,02f0d97cab61e361e2717cd49278e71b4d55f1285bb979051145971ac7961e39
/Users/mic/Downloads/20250930/sh688062.csv,sh688062.csv,sh,688062,2022-01-18,2025-09-30,899,88225,True,utf-8,5be66910cad8a2ebe23ead384549eb9341c351c0c406b247e4b31f74740f88c6
/Users/mic/Downloads/20250930/sh603051.csv,sh603051.csv,sh,603051,2022-03-25,2025-09-30,856,83507,True,utf-8,2c8312e669a1d8e1673a5cfa6c86dc6c78af496003a4868be7bfa6529445f233
/Users/mic/Downloads/20250930/sh600558.csv,sh600558.csv,sh,600558,2001-02-27,2025-09-30,5821,544079,True,utf-8,f7478206b13b683598e7a856162971cc7424b1f94af978db0eca77e9126efd53
/Users/mic/Downloads/20250930/sz002561.csv,sz002561.csv,sz,002561,2011-03-03,2025-09-30,3544,341149,True,utf-8,86f1be37485ae373735a18386e2db6592915573ffe50cb062aa1f7182da7b3e8
/Users/mic/Downloads/20250930/bj836942.csv,bj836942.csv,bj,836942,2022-12-08,2025-09-30,684,64693,True,utf-8,d0d4d2bc095df4a4474564e65cf75779b2741f042de880c5c87fc435946b594b
/Users/mic/Downloads/20250930/sz002207.csv,sz002207.csv,sz,002207,2008-01-28,2025-09-30,3929,367387,True,utf-8,fc0bf823cf70b5b99f942d8b6a4ca694d81700361e3254a941620b4f4e6d9a10
/Users/mic/Downloads/20250930/sz000410.csv,sz000410.csv,sz,000410,1996-07-18,2025-09-30,6931,662379,True,utf-8,d531882cc929e49fee248c0474c228faa8bf18237177d9fa92172ba4b68ca9db
/Users/mic/Downloads/20250930/sh603737.csv,sh603737.csv,sh,603737,2016-06-03,2025-09-30,2268,219721,True,utf-8,806bce29a628fbacec2afef3f57235698405ea48ceb70c5a715f6168105c8661
/Users/mic/Downloads/20250930/sz002950.csv,sz002950.csv,sz,002950,2019-03-11,2025-09-30,1596,158458,True,utf-8,9800b93e0dd4617487d82863b330dbe347a827d159dc145cfec023a6ed56bfec
/Users/mic/Downloads/20250930/sz300899.csv,sz300899.csv,sz,300899,2020-10-16,2025-09-30,1206,116309,True,utf-8,82e4b0dcd3b9969d5d32c304aba914c864ee0d5c0286b250e31a65b227eb80da
/Users/mic/Downloads/20250930/sz002788.csv,sz002788.csv,sz,002788,2016-02-18,2025-09-30,2336,224837,True,utf-8,4a0274e01c4b2fa6a5c039cd38e9ba934b4fc9f6abcfb88414d1bf97ca9e2cfe
/Users/mic/Downloads/20250930/sh600969.csv,sh600969.csv,sh,600969,2004-04-08,2025-09-30,5173,487726,True,utf-8,da37c242132cebaa028825f8c7b9d2fb1d9cd5892383cfcff8c32e79318deb6d
/Users/mic/Downloads/20250930/sz300641.csv,sz300641.csv,sz,300641,2017-04-18,2025-09-30,2053,196774,True,utf-8,9c495a3751b8138d36b9879ad1c642526ee915d6ac494835029f6c12e2c8a578
/Users/mic/Downloads/20250930/sz300127.csv,sz300127.csv,sz,300127,2010-10-13,2025-09-30,3629,353436,True,utf-8,0a672e0c67ce7920164f81089dd31da3b94eafb1b944d2b2e3095c6fabdfd9e0
/Users/mic/Downloads/20250930/sz301239.csv,sz301239.csv,sz,301239,2022-07-05,2025-09-30,790,77265,True,utf-8,46e6e528320ce49a74bdc213929f96f3517a26cb25cfd50e32155064fdf45ff9
/Users/mic/Downloads/20250930/sz000821.csv,sz000821.csv,sz,000821,1998-06-26,2025-09-30,6365,608867,True,utf-8,7720c5164024b546cc1bd6dd4953e4db95cdca1e77652b39400a3ede03259fe0
/Users/mic/Downloads/20250930/sz300133.csv,sz300133.csv,sz,300133,2010-10-26,2025-09-30,3506,343839,True,utf-8,0599a4cfc98de02697fd64b351ad792e091d544b1e4254e0c92d3455120d4da6
/Users/mic/Downloads/20250930/sz300655.csv,sz300655.csv,sz,300655,2017-05-23,2025-09-30,2027,194764,True,utf-8,35a76b02a2f137f15d38f0281a713188663291f575f61f0cab4ed4b848b64b34
/Users/mic/Downloads/20250930/sz301563.csv,sz301563.csv,sz,301563,2025-09-30,2025-09-30,1,172,True,utf-8,8601017f3f1e1806881ab05290627ca6f3ca40e370ae8a9dcbff32a1da30998e
/Users/mic/Downloads/20250930/sh600955.csv,sh600955.csv,sh,600955,2021-09-15,2025-09-30,980,96335,True,utf-8,92b35f5d25901ea4e347fc9fbf25f4d1e17e2143f6d97b74c1a891fed3c3db68
/Users/mic/Downloads/20250930/sz301205.csv,sz301205.csv,sz,301205,2022-09-13,2025-09-30,741,72851,True,utf-8,aabab399ab09e3217171378fd2cb08bbd7244fc087b4420269cc455d7ec6c712
/Users/mic/Downloads/20250930/sz301211.csv,sz301211.csv,sz,301211,2021-12-22,2025-09-30,917,89783,True,utf-8,56ffdec3f3cd76411ed4a7e76f24062780bd6c6d1ccef42f32b760944ee74c4a
/Users/mic/Downloads/20250930/sz000809.csv,sz000809.csv,sz,000809,1998-06-16,2025-09-30,6320,588128,True,utf-8,82093a1eb91312c79729a410e7f774878b7560cda48fa6f2ff03679f16a76961
/Users/mic/Downloads/20250930/sh603290.csv,sh603290.csv,sh,603290,2020-02-04,2025-09-30,1378,137803,True,utf-8,0f07752cc82433104164b3ff4f0ce92bf4adf9dab29075e3e536777cf2bd3b38
/Users/mic/Downloads/20250930/sz002978.csv,sz002978.csv,sz,002978,2020-04-17,2025-09-30,1326,130060,True,utf-8,00dd10901b49851104561dc191ce5d871140ea65653d891364c7218ee072dca2
/Users/mic/Downloads/20250930/sz301577.csv,sz301577.csv,sz,301577,2024-01-24,2025-09-30,409,41420,True,utf-8,23b36ec4893b70b3e9f1874e46320020150cb5227e0875124ae5f83ed1ced79a
/Users/mic/Downloads/20250930/sh600941.csv,sh600941.csv,sh,600941,2022-01-05,2025-09-30,908,92756,True,utf-8,aebfdda75c7d4f9a0576041bf345ebdea33342e1e8746a03e732ba4508a88ad6
/Users/mic/Downloads/20250930/sz300669.csv,sz300669.csv,sz,300669,2017-06-29,2025-09-30,2009,194068,True,utf-8,86e434f03e80a58257566a143766605fb837b5f01827493f0dfd61f4fb2c5914
/Users/mic/Downloads/20250930/sz300682.csv,sz300682.csv,sz,300682,2017-08-01,2025-09-30,1935,193392,True,utf-8,f5acea113d32366747225eb6edebdb026734891e9d27f5c8c753adf42cff0d05
/Users/mic/Downloads/20250930/sz002993.csv,sz002993.csv,sz,002993,2020-08-17,2025-09-30,1245,122129,True,utf-8,74416ba0c8f480bde9a4f4322df361141db532d44cedbecb23dce81d23a85993
/Users/mic/Downloads/20250930/sh688248.csv,sh688248.csv,sh,688248,2021-12-22,2025-09-30,917,90126,True,utf-8,c56fd2e0fd93fdd670f20adc80731a57ca8919daead5216878d29a6329bf68c7
/Users/mic/Downloads/20250930/sh600000.csv,sh600000.csv,sh,600000,1999-11-10,2025-09-30,6159,607139,True,utf-8,cbd4c34da47689b557aaf6c485a67a00913d497cc91d7d50f02da57517872d35
/Users/mic/Downloads/20250930/sz002039.csv,sz002039.csv,sz,002039,2005-03-03,2025-09-30,4926,471858,True,utf-8,2a37b5d120dd3fb21c366dae5c0f3623db9bb167c67991499709c5576849be84
/Users/mic/Downloads/20250930/sh605178.csv,sh605178.csv,sh,605178,2020-08-21,2025-09-30,1237,120469,True,utf-8,bafd1ba5769df9b162983d3bed1fcc6e9bf0cf3a2218a78c81ca897692138822
/Users/mic/Downloads/20250930/sz001256.csv,sz001256.csv,sz,001256,2022-12-05,2025-09-30,687,66446,True,utf-8,e194293f5627215170853984bc4dc24cb683e9ce93c3a17ab28cdd1e445f92ca
/Users/mic/Downloads/20250930/sz300696.csv,sz300696.csv,sz,300696,2017-08-22,2025-09-30,1971,195257,True,utf-8,895050d56df68eaf3bbc378fef0934fb0dd3b0871efd6bdec034e3aba86c0b8f
/Users/mic/Downloads/20250930/sz301588.csv,sz301588.csv,sz,301588,2024-03-13,2025-09-30,380,36813,True,utf-8,453fa0dd16d7e2ddb0527552e448634e3e90fd11c81ec289f9f2d60a944b108a
/Users/mic/Downloads/20250930/sz002987.csv,sz002987.csv,sz,002987,2020-05-07,2025-09-30,1315,126547,True,utf-8,2e6f213e6505564381a8b3ae33f3882f5de9768768e4dc49a47db20729daacb6
/Users/mic/Downloads/20250930/sh600996.csv,sh600996.csv,sh,600996,2016-12-26,2025-09-30,2129,206866,True,utf-8,d9bf392e4a2d79e6b3abb1b2ff49b326f73bc6887b54652f781f4f0d597b80fa
/Users/mic/Downloads/20250930/sz002777.csv,sz002777.csv,sz,002777,2015-12-31,2025-09-30,2361,229579,True,utf-8,5d38e51ca3bc294b855aac65962d193e80a1e767ea6c2f19dbe99acb7897c383
/Users/mic/Downloads/20250930/sz300866.csv,sz300866.csv,sz,300866,2020-08-24,2025-09-30,1240,124553,True,utf-8,1d7b7076b2701c64dcc9ec0a8d892f6e2eb6dcdda5805ffa2b26853ac1372478
/Users/mic/Downloads/20250930/sh600028.csv,sh600028.csv,sh,600028,2001-08-08,2025-09-30,5809,577702,True,utf-8,0d796cd0dcdb4fd8169ec2a4e42fd9f9da6271d487fcaf3f342da4839e155dec
/Users/mic/Downloads/20250930/sh601336.csv,sh601336.csv,sh,601336,2011-12-16,2025-09-30,3324,336569,True,utf-8,756462346f04fa6d68f480605fc03e56dbc87f3ab679237f44f9527398275730
/Users/mic/Downloads/20250930/sz002011.csv,sz002011.csv,sz,002011,2004-07-05,2025-09-30,4920,481500,True,utf-8,a07285ee4806134f89a2a7bc517396bd60ff13601e38d4f69bdaabaf686be843
/Users/mic/Downloads/20250930/sh688512.csv,sh688512.csv,sh,688512,2023-05-16,2025-09-30,581,56839,True,utf-8,62252ffda8e036cd9b4f511f7f211d539d59f462d13a077acb6ff5adf363a64c
/Users/mic/Downloads/20250930/sh688506.csv,sh688506.csv,sh,688506,2023-01-06,2025-09-30,664,67364,True,utf-8,1752d4c7afe3a97df172fd228fecc2330547dbf8377751b92a0db8bf48e66fcf
/Users/mic/Downloads/20250930/sh603535.csv,sh603535.csv,sh,603535,2017-08-08,2025-09-30,1981,188124,True,utf-8,0e781c6b03e5cb847cf29f5b0ab322c2a90996ea9aa3b6a042c823115b45a60d
/Users/mic/Downloads/20250930/sz000612.csv,sz000612.csv,sz,000612,1996-09-26,2025-09-30,6683,637759,True,utf-8,982668404cc2f6ec6c373ce29f99c232f41da21a61c847f25d9512e0215445a8
/Users/mic/Downloads/20250930/sz002005.csv,sz002005.csv,sz,002005,2004-06-25,2025-09-30,4835,460477,True,utf-8,122b90bb9ae8c75d048cab71e833af6316b9b393ad375b99ed0e6f20139e2685
/Users/mic/Downloads/20250930/sh600982.csv,sh600982.csv,sh,600982,2004-07-06,2025-09-30,5013,467785,True,utf-8,647b582115053ab1641f8997289c46a4b87b2c68d3ede331509091cb94579e64
/Users/mic/Downloads/20250930/sz002763.csv,sz002763.csv,sz,002763,2015-06-10,2025-09-30,2509,239493,True,utf-8,f8cab79d737ba46b708a86f00dc67db1362f455106cc7fd1132f91f1c7d47502
/Users/mic/Downloads/20250930/sz300872.csv,sz300872.csv,sz,300872,2020-08-24,2025-09-30,1240,122431,True,utf-8,219537a10febb8d5000401a948910cadcbd30eb185dab99379de24cc47a8536c
/Users/mic/Downloads/20250930/sh688260.csv,sh688260.csv,sh,688260,2021-04-06,2025-09-30,1092,104878,True,utf-8,733ceacc155ab7d38d42f0ab4de8f42499c411434b2f96d767fd80bde317428b
/Users/mic/Downloads/20250930/sz300735.csv,sz300735.csv,sz,300735,2017-12-29,2025-09-30,1883,189000,True,utf-8,4beffbdbcea0d3cfe6b0ba82ba9c883be8d8100aed2ab813dcc94fd39c501b76
/Users/mic/Downloads/20250930/sz002824.csv,sz002824.csv,sz,002824,2017-01-12,2025-09-30,2119,206252,True,utf-8,eb294231b93804b76106afb62806b97fea01c4c475677eec9d1e5f65a4cd0c69
/Users/mic/Downloads/20250930/sz300053.csv,sz300053.csv,sz,300053,2010-02-11,2025-09-30,3623,350225,True,utf-8,2e391d4f6fb3fa4864b2769bbcd46412cb5d0b858317556ac460a69e04ce8a6d
/Users/mic/Downloads/20250930/sh688499.csv,sh688499.csv,sh,688499,2021-07-01,2025-09-30,1034,103369,True,utf-8,ab2b9c959aa86e25141770d2ee118d7c0c4a7fd54bfcc3e66fba05642bb19f45
/Users/mic/Downloads/20250930/sz000955.csv,sz000955.csv,sz,000955,1999-12-09,2025-09-30,6032,566993,True,utf-8,4663b957a79f005de9d00953d87307c892fe9c6c6d7e13b98b4cc2f8e63559f2
/Users/mic/Downloads/20250930/sz000799.csv,sz000799.csv,sz,000799,1997-07-18,2025-09-30,6603,652382,True,utf-8,89fe9fdba3802eaf4f86cbddc6dd7b1b8fb3c751c47fe4817c38c97bee2d4fac
/Users/mic/Downloads/20250930/sz301359.csv,sz301359.csv,sz,301359,2022-11-09,2025-09-30,705,68120,True,utf-8,3ea4f989ab7b3266334cd673c8859bfcc771d8225aee19262ea263bbe6c6541d
/Users/mic/Downloads/20250930/sz300047.csv,sz300047.csv,sz,300047,2010-01-20,2025-09-30,3607,345210,True,utf-8,3aa2724a50960310347b2d65d3d43e289fb4a2e755a2b40dc6aa5e5e33320328
/Users/mic/Downloads/20250930/sz300721.csv,sz300721.csv,sz,300721,2017-11-15,2025-09-30,1915,187338,True,utf-8,bde7869ba921c52ae84694bb1572155a99b15b7a82eced4cdd7a42739b2a3737
/Users/mic/Downloads/20250930/sh600809.csv,sh600809.csv,sh,600809,1994-01-06,2025-09-30,7655,737272,True,utf-8,bdb129cf844b9fab1208ab43ef97aaaa448d88f78d03593456c5f3dd2d10cc45
/Users/mic/Downloads/20250930/sz002830.csv,sz002830.csv,sz,002830,2016-12-13,2025-09-30,2140,205716,True,utf-8,8b04c47012b81992d86181064b6b7994f66c362ffbb551f91935949d6c2d0b32
/Users/mic/Downloads/20250930/sz300709.csv,sz300709.csv,sz,300709,2017-10-19,2025-09-30,1934,192223,True,utf-8,d0b5ac1ee2cd4256e59d0f877a36b3ca0ca5cd23c2eb929b62e4fec8d80c786c
/Users/mic/Downloads/20250930/sh600821.csv,sh600821.csv,sh,600821,1994-01-28,2025-09-30,7565,721465,True,utf-8,9e8c2f3c2eb7e1c892048f6e694db7143df011d9055011963f57fd2c2edae61f
/Users/mic/Downloads/20250930/sz002818.csv,sz002818.csv,sz,002818,2016-11-09,2025-09-30,2164,208227,True,utf-8,257048e93e56b396f1da2897eb216dd8465a9366faaa19ebff9b9985221b5012
/Users/mic/Downloads/20250930/bj873167.csv,bj873167.csv,bj,873167,2023-02-09,2025-09-30,645,62018,True,utf-8,cb93baba866b5be618fe2436e050b7263de822b7506ee51cf0ae4694f6206269
/Users/mic/Downloads/20250930/bj832885.csv,bj832885.csv,bj,832885,2016-07-01,2025-09-30,1118,105056,True,utf-8,4cbd71038835b6e7c09efd166fecb0760098ea2737e470bcb3070d9ebaeba9c1
/Users/mic/Downloads/20250930/sz000969.csv,sz000969.csv,sz,000969,2000-05-29,2025-09-30,6007,576578,True,utf-8,529fb36a7a2a2493a075e99cb42f690098d81dd0582fd5cfacf4a8ee1e97d74d
/Users/mic/Downloads/20250930/sh603496.csv,sh603496.csv,sh,603496,2017-06-07,2025-09-30,2016,194964,True,utf-8,971bd92c5c2b2855e208c0bd0b8a294c5935e4edef4af7d2de5991c9f35d5b80
/Users/mic/Downloads/20250930/sz301371.csv,sz301371.csv,sz,301371,2023-08-01,2025-09-30,528,51296,True,utf-8,21ca195c6f53d818841931599a929fc5c7c15f7b6e62e8a96e3d197bfe67cbc2
/Users/mic/Downloads/20250930/sz301365.csv,sz301365.csv,sz,301365,2022-11-22,2025-09-30,696,67038,True,utf-8,c7091bf450f1a86c5defbd02597033c23bab6ac38609d4a91acc80ee56df0a3f
/Users/mic/Downloads/20250930/bj835640.csv,bj835640.csv,bj,835640,2017-01-18,2025-09-30,1348,131782,True,utf-8,0b01e598283ba63eb8c80f75172bb10ef926e4835fdb0f47e76e293eacde1ed8
/Users/mic/Downloads/20250930/bj838402.csv,bj838402.csv,bj,838402,2022-09-28,2025-09-30,730,70350,True,utf-8,32e507331b0b9cb0826e584f497e5b9e023f58f29da73eb8416eac40350bcb59
/Users/mic/Downloads/20250930/sh600835.csv,sh600835.csv,sh,600835,1994-02-24,2025-09-30,7607,752556,True,utf-8,2f2904a49ef387923f9fe9f084e860c6d86a6597b54226466eda429e18ecd485
/Users/mic/Downloads/20250930/sh600606.csv,sh600606.csv,sh,600606,1992-04-10,2025-09-30,7728,730288,True,utf-8,9cb95d034baef7436556265f91e250e73e602aeb6fd264e67c50c7b976bfd8d1
/Users/mic/Downloads/20250930/sh601518.csv,sh601518.csv,sh,601518,2010-03-19,2025-09-30,3727,356635,True,utf-8,9d5f2e3da850ee0563d6c26e9575b29e7367d11166362c22d440a1ff20f7cc23
/Users/mic/Downloads/20250930/sz001336.csv,sz001336.csv,sz,001336,2022-07-25,2025-09-30,776,74923,True,utf-8,497bc5024e6a6d42727821d2150ba5b9cca49c964df20d8dfa3d2ba8c0c9f39e
/Users/mic/Downloads/20250930/sz000028.csv,sz000028.csv,sz,000028,1993-08-09,2025-09-30,7621,729471,True,utf-8,030edfc99d9dfdd52b284ad88294307b056ad0a2e5df3eccfe039bd982e914b4
/Users/mic/Downloads/20250930/sh605018.csv,sh605018.csv,sh,605018,2020-09-29,2025-09-30,1214,117400,True,utf-8,62bdd91c259be7fd5f47c775b098614dd139676eeecd4f4dd25e6654e18a93b1
/Users/mic/Downloads/20250930/sz002159.csv,sz002159.csv,sz,002159,2007-08-17,2025-09-30,4237,415449,True,utf-8,1a5ab7308dc3276e5bbfd63677643fb8040a0583c63c1918e080a1b2c03122cc
/Users/mic/Downloads/20250930/sh600160.csv,sh600160.csv,sh,600160,1998-06-26,2025-09-30,6498,624389,True,utf-8,f97bc79e1a4036daed2722a5b6d70e835c95f7b354f6e4d4ffcf8adc6e2d3535
/Users/mic/Downloads/20250930/sz300084.csv,sz300084.csv,sz,300084,2010-05-20,2025-09-30,3611,341745,True,utf-8,c823d7eb500db6f241f2d342639bff16953e73eff951f9fa9c9c8113fc934830
/Users/mic/Downloads/20250930/sz001322.csv,sz001322.csv,sz,001322,2022-10-26,2025-09-30,715,68506,True,utf-8,08fd139304a7b4973ca8454073922261088310983fa4ef1d24fa7c8bd11b5dcd
/Users/mic/Downloads/20250930/sh688328.csv,sh688328.csv,sh,688328,2021-03-09,2025-09-30,1111,111150,True,utf-8,57c69c4d9c344e3ce17a1ec0663548bacbfceff9ca1aaa88a20eac50624d2387
/Users/mic/Downloads/20250930/sh600612.csv,sh600612.csv,sh,600612,1992-08-14,2025-09-30,7970,750755,True,utf-8,a54d93da3a30f9c3d50b466fbd4b65368ab90e22f474fbe9a20572690eaec7f0
/Users/mic/Downloads/20250930/bj833580.csv,bj833580.csv,bj,833580,2022-05-13,2025-09-30,826,76803,True,utf-8,57e70ff2f593a763d5b83b5f2b51ba9abd5f7bc889ba362ccfa83ece367f0a0a
/Users/mic/Downloads/20250930/sh688300.csv,sh688300.csv,sh,688300,2019-11-15,2025-09-30,1428,140675,True,utf-8,01d25fc319f7190d1e4fe2e394373b927d853db60223824d051d86080f1de3e9
/Users/mic/Downloads/20250930/sh603333.csv,sh603333.csv,sh,603333,2012-05-07,2025-09-30,3215,304936,True,utf-8,f0f67eda992446932d44c2575d5e7f6ff6b16a7a6466ccdaa1df86cfb23816df
/Users/mic/Downloads/20250930/sz000014.csv,sz000014.csv,sz,000014,1992-06-02,2025-09-30,7946,748969,True,utf-8,d0a8796f7b253feb98eb5351844a530c2b3a696050da478847f508e628278680
/Users/mic/Downloads/20250930/sz300912.csv,sz300912.csv,sz,300912,2020-12-07,2025-09-30,1171,114936,True,utf-8,fe9da52fe29d04401a40383fb5ecf4330c1bf07f70293e744e8150d0fd5513c5
/Users/mic/Downloads/20250930/sz002603.csv,sz002603.csv,sz,002603,2011-07-28,2025-09-30,3426,338793,True,utf-8,54f9f6a7ef09c40a7e2488567192cec469932ab1251ad39b1e57296fbcbe272c
/Users/mic/Downloads/20250930/sz002165.csv,sz002165.csv,sz,002165,2007-09-13,2025-09-30,4288,413188,True,utf-8,4d1ce71eda84f83f0bce9e2933f9bbb3fa73781287c0da8e753a966497efcafe
/Users/mic/Downloads/20250930/sh688466.csv,sh688466.csv,sh,688466,2020-05-08,2025-09-30,1314,128456,True,utf-8,e5fc6935b4f809248f3c4c4c2c0e29dcbcd9f9bd4b60cc9ea6e68493f05d8089
/Users/mic/Downloads/20250930/sz000766.csv,sz000766.csv,sz,000766,1997-04-30,2025-09-30,6391,603719,True,utf-8,d1d03f8c5501779b6f161f12abecf0fcd09ff894b980b492f53acc427ca936cd
/Users/mic/Downloads/20250930/sh688472.csv,sh688472.csv,sh,688472,2023-06-09,2025-09-30,563,56099,True,utf-8,916e58b15397f83797faa44d303461f35cc42a9f04add806fb9874a5efc411e7
/Users/mic/Downloads/20250930/sz002171.csv,sz002171.csv,sz,002171,2007-09-21,2025-09-30,4125,395260,True,utf-8,735f244c4cd0b18988e9d12d6119611d2f99495a0cc36929e662cee03c722694
/Users/mic/Downloads/20250930/sh600148.csv,sh600148.csv,sh,600148,1998-05-20,2025-09-30,6417,610078,True,utf-8,05e0d4758e99c57addd7f7da2fbfb26bef2f6c1f7af8655e4e283c81aa6b7ec8
/Users/mic/Downloads/20250930/sz300906.csv,sz300906.csv,sz,300906,2020-11-05,2025-09-30,1193,113100,True,utf-8,af78c1593a55678afea3ceca1f4e7d9927f81792532efcf3530d8a5204583a6f
/Users/mic/Downloads/20250930/sz002617.csv,sz002617.csv,sz,002617,2011-09-20,2025-09-30,3048,294231,True,utf-8,1cf9b3b0c069c352f484d52aa9a1512c7951fed28cb104c8b57aa4be8860a483
/Users/mic/Downloads/20250930/sh688314.csv,sh688314.csv,sh,688314,2021-05-18,2025-09-30,1065,104698,True,utf-8,9117c3c9491734c7c1439df7f77efd3ad4c1d889ed04a227fa90f24239fb4db8
/Users/mic/Downloads/20250930/sh603327.csv,sh603327.csv,sh,603327,2019-05-23,2025-09-30,1547,147732,True,utf-8,0e43b289c332a624c5f2810787faf74cd3ee32a0c61ece05ef4e3c42ed39831a
/Users/mic/Downloads/20250930/sz300251.csv,sz300251.csv,sz,300251,2011-08-03,2025-09-30,3325,329923,True,utf-8,987451b0b43743df0c4d471e1203865c653dd42286869fa38dbc12a43548c4fa
/Users/mic/Downloads/20250930/sz002398.csv,sz002398.csv,sz,002398,2010-05-06,2025-09-30,3619,342680,True,utf-8,5bb01bca58aa7db95df74c2f8478f950af2013befc6380ccbe82c9ffc9a29f48
/Users/mic/Downloads/20250930/sz301629.csv,sz301629.csv,sz,301629,2025-03-24,2025-09-30,132,13330,True,utf-8,ab78a0112a5bc6f6fb93cf03aa49b08cf50423e20840dbc80a11862ce087230a
/Users/mic/Downloads/20250930/sh601901.csv,sh601901.csv,sh,601901,2011-08-10,2025-09-30,3318,334629,True,utf-8,e6e7d74d114ed3e9b109303d53684facfa000b97973d2caad4faf66c56bd76de
/Users/mic/Downloads/20250930/sz300537.csv,sz300537.csv,sz,300537,2016-08-30,2025-09-30,2130,207722,True,utf-8,93dad66ba90584ad01e737afd5a01b35c0aed7300cf7ca3dcf6280486104ad6e
/Users/mic/Downloads/20250930/sz300523.csv,sz300523.csv,sz,300523,2016-07-26,2025-09-30,2151,211020,True,utf-8,7b9d3e1c585d994265cec86d5314b27a6de438cc1be1e3eaa58c00a9de09e074
/Users/mic/Downloads/20250930/sz300245.csv,sz300245.csv,sz,300245,2011-07-19,2025-09-30,3442,332156,True,utf-8,c36a6b0cb0d1864fbe957827aba9d81b0cf5d5f02f1822444674150516dd39a1
/Users/mic/Downloads/20250930/sh601083.csv,sh601083.csv,sh,601083,2023-12-05,2025-09-30,444,42888,True,utf-8,779854da4bb963dbe5b69954f13c45bc236ab78a5e0860306530c86e27762168
/Users/mic/Downloads/20250930/sz301173.csv,sz301173.csv,sz,301173,2025-03-03,2025-09-30,147,14205,True,utf-8,7b6ca8b2eaea72fe0f3c30bae03bf04d0eba13110dd4e4e002d444e18d3e806f
/Users/mic/Downloads/20250930/sz301601.csv,sz301601.csv,sz,301601,2025-01-15,2025-09-30,174,16926,True,utf-8,496eabcde5eaaa4d2487eb4b6d28c027d6aa1fb17ed0ac2519dcad1abec0a974
/Users/mic/Downloads/20250930/sh601929.csv,sh601929.csv,sh,601929,2012-02-23,2025-09-30,3299,321577,True,utf-8,a59d5a532e4fd73350576ae2281062f8af25790e05669502696caa748ddcd674
/Users/mic/Downloads/20250930/sh603680.csv,sh603680.csv,sh,603680,2018-02-27,2025-09-30,1847,184780,True,utf-8,c89f8bec7f552e978d09cae8c67cd468d6befd583b5a3c66bed712cde7cab535
/Users/mic/Downloads/20250930/sh603858.csv,sh603858.csv,sh,603858,2016-11-18,2025-09-30,2157,215832,True,utf-8,cee972d3f2c1372149fbd3036b9813f4f91a1d285fdcfcfe0aae558645d7d143
/Users/mic/Downloads/20250930/sz300279.csv,sz300279.csv,sz,300279,2011-12-29,2025-09-30,3086,296687,True,utf-8,a39815c937e87c257c4d700d312669a5ebc450e1e9a08d6e6cd5423db66ec891
/Users/mic/Downloads/20250930/sz301167.csv,sz301167.csv,sz,301167,2021-12-06,2025-09-30,929,88227,True,utf-8,f0f23d88210b7b0acc2fadd0e9ca6a162dd64ca682af21bb7a455030c9ca0ee5
/Users/mic/Downloads/20250930/sh600389.csv,sh600389.csv,sh,600389,2001-01-10,2025-09-30,5790,547794,True,utf-8,70df0a2c9a27a09d6ef157b1abed8e8453a33e8cf8576b16820264be7ca1b378
/Users/mic/Downloads/20250930/sh600362.csv,sh600362.csv,sh,600362,2002-01-11,2025-09-30,5679,586719,True,utf-8,00ccf4151f8e4ed22d80bd7a09fada3e0c8ff13805cd8d64cea259dfb3941b22
/Users/mic/Downloads/20250930/sz300292.csv,sz300292.csv,sz,300292,2012-02-29,2025-09-30,2913,280319,True,utf-8,d546b390bf346077e381a2a116a6b97c5452a7477150ec14d4c8fb611b9c1a57
/Users/mic/Downloads/20250930/sh688658.csv,sh688658.csv,sh,688658,2020-12-24,2025-09-30,1158,114573,True,utf-8,68a7cde0780c1327a53f2309868d9c55709c6a5b3e0a70d1f1af4d724eebee32
/Users/mic/Downloads/20250930/sz002429.csv,sz002429.csv,sz,002429,2010-06-10,2025-09-30,3621,351871,True,utf-8,2a7676e4f79ac065d90717b19af8143de6fc23f9cdc4eb1d40ba1bb18f60fe64
/Users/mic/Downloads/20250930/sh600410.csv,sh600410.csv,sh,600410,2004-04-27,2025-09-30,5061,487009,True,utf-8,d5fa89fe50b2e9aed43478a786aa0555f37974ef24a01fdac95ea59ce4b271f0
/Users/mic/Downloads/20250930/sh603119.csv,sh603119.csv,sh,603119,2023-08-01,2025-09-30,528,51884,True,utf-8,962a3f930a11bc62cc19fb125265e82d6f1fcde99b4650a994db1972c9ab18e4
/Users/mic/Downloads/20250930/sz000558.csv,sz000558.csv,sz,000558,1994-05-09,2025-09-30,7273,693773,True,utf-8,bbf703e19b2d98a54a1d197ddc075cc7b27e8e0599a25980a0887da91ca2b2ef
/Users/mic/Downloads/20250930/sh600376.csv,sh600376.csv,sh,600376,2001-03-12,2025-09-30,5821,546403,True,utf-8,e39dac8d1eca5f58fd97a385f8f076787b623a2bb7dff2502af9e7e5b3d3963f
/Users/mic/Downloads/20250930/sz301198.csv,sz301198.csv,sz,301198,2021-12-02,2025-09-30,931,89405,True,utf-8,ae15c6ab1436ab260e32b721c4e92a7d4d36e118f0d8a923bfac3b734ef65670
/Users/mic/Downloads/20250930/sh601068.csv,sh601068.csv,sh,601068,2018-08-31,2025-09-30,1719,164784,True,utf-8,223ddf13437f37787e1d192d1349c43920b94e6c4f26933680a480927882fa00
/Users/mic/Downloads/20250930/sz300286.csv,sz300286.csv,sz,300286,2012-01-13,2025-09-30,3327,322676,True,utf-8,22a12422f560541de64518fdf58541726d1f94614216f668cb8f97f48dbf4fbc
/Users/mic/Downloads/20250930/sh603657.csv,sh603657.csv,sh,603657,2018-07-30,2025-09-30,1743,169187,True,utf-8,7843592034d81ee88b5ecb69aef31eb08e339c3684e0c43b4f7033634ef9f667
/Users/mic/Downloads/20250930/sz000570.csv,sz000570.csv,sz,000570,1994-07-01,2025-09-30,7520,706052,True,utf-8,f7933b61b9adf5fa104c863762e3f6dc9c39e1d0ab31865d4372ec16e5059108
/Users/mic/Downloads/20250930/sz002367.csv,sz002367.csv,sz,002367,2010-03-12,2025-09-30,3710,355675,True,utf-8,ccae92250688945ecb66c9fcecd6646db6fcd7134a63c32f9c596c0324f9a1f9
/Users/mic/Downloads/20250930/sz002401.csv,sz002401.csv,sz,002401,2010-05-06,2025-09-30,3653,352178,True,utf-8,6acc02dda7af2eeab7b5efe72d8bce88c03d97d63ad736b87edfc46daa648e66
/Users/mic/Downloads/20250930/sh600438.csv,sh600438.csv,sh,600438,2004-03-02,2025-09-30,5047,489361,True,utf-8,df3c686a55a9d9a15633c31fa33a17b4bc3c0b6d1118ed716023e93fd6534ccf
/Users/mic/Downloads/20250930/bj831195.csv,bj831195.csv,bj,831195,2022-12-30,2025-09-30,668,62934,True,utf-8,33a8cc0fc904426c85aed3ab07e33428f921187ca222b7ad69975431757329e5
/Users/mic/Downloads/20250930/sh603131.csv,sh603131.csv,sh,603131,2016-06-07,2025-09-30,2177,206741,True,utf-8,80e0645a370ad24ee4e6042b8b970ec4fac35c711aec0c438ece0203e360d0fc
/Users/mic/Downloads/20250930/sh688102.csv,sh688102.csv,sh,688102,2022-03-16,2025-09-30,863,82107,True,utf-8,432eeefb41e971b4d61afe9473ce2db8b5b07fe332cd4863767077dff79a4354
/Users/mic/Downloads/20250930/sh603125.csv,sh603125.csv,sh,603125,2023-04-10,2025-09-30,604,58809,True,utf-8,4eeda0cba8e55ce28723474873f7e53fab8301d95a8dd2a29ccc959a12266c60
/Users/mic/Downloads/20250930/sh688116.csv,sh688116.csv,sh,688116,2019-09-25,2025-09-30,1460,146280,True,utf-8,15b16a696dc15c1523b0503fb533e71b4a804336ee59408c31479219f2386ef9
/Users/mic/Downloads/20250930/sz002415.csv,sz002415.csv,sz,002415,2010-05-28,2025-09-30,3675,369225,True,utf-8,7baf3f72ec0c066434b87d0f9c7931fff30b84cfd24de772ceca3d84c0812ace
/Users/mic/Downloads/20250930/sz002373.csv,sz002373.csv,sz,002373,2010-03-18,2025-09-30,3491,345862,True,utf-8,f481d580fabdb44a98759f57ed5bdab3f9f4d8bf7201115fae2e0d3af2eb76be
/Users/mic/Downloads/20250930/bj920098.csv,bj920098.csv,bj,920098,2024-12-05,2025-09-30,202,19779,True,utf-8,0f1aa864a036114bb8ca6b0323f3f8d52af4e646be86bdd64e30c6cb9e003399
/Users/mic/Downloads/20250930/sh688670.csv,sh688670.csv,sh,688670,2021-08-02,2025-09-30,1012,97842,True,utf-8,804ac9445c7232abaa88f25fc6790c97821f97a689c71f09166721943a1d4ddb
/Users/mic/Downloads/20250930/sz000564.csv,sz000564.csv,sz,000564,1994-01-10,2025-09-30,7131,679528,True,utf-8,1a137c66e459cf45f4cf2b6dd2ee63dc072321fde853b26c6455d5f49103886f
/Users/mic/Downloads/20250930/sh688100.csv,sh688100.csv,sh,688100,2020-01-21,2025-09-30,1382,132232,True,utf-8,801194eee286b8e1afd9bb2227ed9447cc3d38de9ffa5bc1bae9549ecc33d4f8
/Users/mic/Downloads/20250930/sz002403.csv,sz002403.csv,sz,002403,2010-05-11,2025-09-30,3691,351707,True,utf-8,8426fefb7e72b116e94e9fb20c530ed2f4c8551a4bb6b029597c6ff5faed802d
/Users/mic/Downloads/20250930/sz002365.csv,sz002365.csv,sz,002365,2010-03-05,2025-09-30,3781,363196,True,utf-8,f7633d02a6c544a9f2e8a4cbf3102bf3a3cc1bf9524050f20270b84db86ae115
/Users/mic/Downloads/20250930/sz000572.csv,sz000572.csv,sz,000572,1994-08-08,2025-09-30,7485,731431,True,utf-8,c285600d6ba34a2657d39a7b95f3db3fba49afd682a91a5f21b4e54b769080bd
/Users/mic/Downloads/20250930/sh603655.csv,sh603655.csv,sh,603655,2017-12-29,2025-09-30,1878,182495,True,utf-8,eaf5819d8f60a70ee8f2562d0452ac183ee1474720b0061a92e54c0d856a82e8
/Users/mic/Downloads/20250930/sz000566.csv,sz000566.csv,sz,000566,1994-05-25,2025-09-30,7251,692159,True,utf-8,42e24d17105dcde12fb63bc689df5f3d8ec7b30929b23c242bc57557bc1cd02f
/Users/mic/Downloads/20250930/sh603899.csv,sh603899.csv,sh,603899,2015-01-27,2025-09-30,2598,256366,True,utf-8,82c1ee27a4c64e960f9100f3f5bade7233ef871a02f8b37a5113ef147016e058
/Users/mic/Downloads/20250930/sz002371.csv,sz002371.csv,sz,002371,2010-03-16,2025-09-30,3698,374363,True,utf-8,2e35fd814cd6c9d24132e9fa4a631cb1ab8b9c7174f11a0308c20482861a837b
/Users/mic/Downloads/20250930/sh600348.csv,sh600348.csv,sh,600348,2003-08-21,2025-09-30,5323,513142,True,utf-8,f18829114d98f17844759d8fbba29c6e622061e282c8c82f359b837f6575c7b1
/Users/mic/Downloads/20250930/sh688114.csv,sh688114.csv,sh,688114,2022-09-09,2025-09-30,742,74530,True,utf-8,66246e310f5e1496ba7b68b447a4c543894a491ad092409123a8b9609046fac4
/Users/mic/Downloads/20250930/sh603127.csv,sh603127.csv,sh,603127,2017-08-25,2025-09-30,1968,193406,True,utf-8,a554539baf29a9225ca419db410ee7f99372afdc1199b8de97dc58001608e8a7
/Users/mic/Downloads/20250930/sh600406.csv,sh600406.csv,sh,600406,2003-10-16,2025-09-30,5130,502440,True,utf-8,31c9dbe267063f052dfa0945b01ba4f8fb9e88575cdeb107abf5bc8aa65cb179
/Users/mic/Downloads/20250930/sh601718.csv,sh601718.csv,sh,601718,2010-08-16,2025-09-30,3663,355928,True,utf-8,cdf17be79607628e0019cf42c1f16bb751c56d1af18637d84367ea8a2e869858
/Users/mic/Downloads/20250930/sh603669.csv,sh603669.csv,sh,603669,2015-05-28,2025-09-30,2518,238038,True,utf-8,ae74400dbbd282cf986d5bd831d397321f3f0a181b88864721d96f809768a252
/Users/mic/Downloads/20250930/sh605218.csv,sh605218.csv,sh,605218,2020-09-28,2025-09-30,1215,118809,True,utf-8,65f1c7de9a5a43a92c6afd603bbe0f2426e98a585ae19a5eb50cbd139c2e5b30
/Users/mic/Downloads/20250930/sz300290.csv,sz300290.csv,sz,300290,2012-02-16,2025-09-30,3013,287123,True,utf-8,e5488ebae1678824a5a3de01c8139dabf0a91b52e0e7f7ab0b8af655908876b1
/Users/mic/Downloads/20250930/sh600360.csv,sh600360.csv,sh,600360,2001-03-16,2025-09-30,5866,541130,True,utf-8,8d4905177fa4cca54eb599738ac78872f24933526c1545e447f727ec8949729c
/Users/mic/Downloads/20250930/sz300284.csv,sz300284.csv,sz,300284,2012-01-10,2025-09-30,3195,306539,True,utf-8,7115aeff6a6ae729173c22ddea43798a0da260fe6739a560285fc1329fb5bec7
/Users/mic/Downloads/20250930/sh688128.csv,sh688128.csv,sh,688128,2019-11-05,2025-09-30,1436,140716,True,utf-8,85f5d7d55cc40445ad6dc7720b400af385a5b00ce2fc5cc6c1f5de0ac5395c2d
/Users/mic/Downloads/20250930/sz300509.csv,sz300509.csv,sz,300509,2016-04-25,2025-09-30,2292,215231,True,utf-8,06c52bf979174beb4b7d03c6750fdc9f607c53202e48c97b6928967154920bd9
/Users/mic/Downloads/20250930/sz301617.csv,sz301617.csv,sz,301617,2024-12-11,2025-09-30,198,20234,True,utf-8,e6069021ef91a1e37762dca9ed322530eac183308775078ab6037f901dc9deb8
/Users/mic/Downloads/20250930/sh603696.csv,sh603696.csv,sh,603696,2015-12-09,2025-09-30,2353,224321,True,utf-8,229de22b7767e02284dde1768c585f6dfb5bed4ef93d59893284ed118a2947cf
/Users/mic/Downloads/20250930/sz301171.csv,sz301171.csv,sz,301171,2022-08-19,2025-09-30,757,74986,True,utf-8,a646bf75604ffc9ae7192b6f7519bb6ed042e5caf4730b7b6bf8f5e0166c4569
/Users/mic/Downloads/20250930/sz301165.csv,sz301165.csv,sz,301165,2022-11-21,2025-09-30,697,68093,True,utf-8,c30db6d962412d20592055b19eea628814bdcef84e126520635c58c9538e7e82
/Users/mic/Downloads/20250930/bj836149.csv,bj836149.csv,bj,836149,2016-11-29,2025-09-30,1360,124897,True,utf-8,d1634e778601969df1eec3b308f31acd49e8306a351784a680ff2e2e9d696853
/Users/mic/Downloads/20250930/sh603682.csv,sh603682.csv,sh,603682,2020-04-21,2025-09-30,1324,124776,True,utf-8,71d08e9cf275abc293c124dc53424b8cf7584f4742637f38e66fe71f434424b6
/Users/mic/Downloads/20250930/sz301603.csv,sz301603.csv,sz,301603,2024-07-10,2025-09-30,301,29255,True,utf-8,9c8e2c285e7b02f21bc73cc60f977d97ab0a77f7e42f8e3b77f5dc4bf3478bf2
/Users/mic/Downloads/20250930/sz300535.csv,sz300535.csv,sz,300535,2016-08-12,2025-09-30,2147,208421,True,utf-8,0f08db68617725dfd8c0d17ac8126a529a3e7dde6c6c0a35dbc149ddb7d3f762
/Users/mic/Downloads/20250930/sz300253.csv,sz300253.csv,sz,300253,2011-08-18,2025-09-30,3362,328041,True,utf-8,0d907d32dd180c6e00151c0e0c00a25b647895537a243cf779d48bd5d82298d3
/Users/mic/Downloads/20250930/sh688699.csv,sh688699.csv,sh,688699,2020-12-18,2025-09-30,1162,115468,True,utf-8,dde4a452c262d0ba20a7a56cb8f7419a4908bbd320933a841a73aced16898e0b
/Users/mic/Downloads/20250930/sh603866.csv,sh603866.csv,sh,603866,2015-12-22,2025-09-30,2378,234968,True,utf-8,f3712f342ef5729253b9aa80c6cc7b0597300a598f32ca8a097148a5c9c8665c
/Users/mic/Downloads/20250930/sz000599.csv,sz000599.csv,sz,000599,1996-04-30,2025-09-30,7049,662414,True,utf-8,fd56e406525d1d456299d8dcb411db776e06e74cdf2e6c6761465c959be260a2
/Users/mic/Downloads/20250930/sz301159.csv,sz301159.csv,sz,301159,2022-01-07,2025-09-30,906,91869,True,utf-8,fb317b9618972557e36ee132202d1a9e1c440d5e1194b1fb4a5de8088ffa7503
/Users/mic/Downloads/20250930/sz300247.csv,sz300247.csv,sz,300247,2011-07-29,2025-09-30,3191,302470,True,utf-8,075f934d6c1ee00b914f58a7f3696ebce69d94437d81ba086f521082dfe863ef
/Users/mic/Downloads/20250930/sz300521.csv,sz300521.csv,sz,300521,2016-07-05,2025-09-30,2223,214279,True,utf-8,bc78fd77ebcee0dcfc1210f92729ca3f4ac6a5691b9300af6e0bed79f667d49f
/Users/mic/Downloads/20250930/sz002167.csv,sz002167.csv,sz,002167,2007-09-13,2025-09-30,4217,402253,True,utf-8,707bc22e777e49df47ab10117a917d333dc60beb7e0d7dd0899b93352b3d0498
/Users/mic/Downloads/20250930/sz002601.csv,sz002601.csv,sz,002601,2011-07-15,2025-09-30,3349,330052,True,utf-8,66784ace05fbd99f5f8bbb353e3a8b66822cfa4d2cab29270f1d79e37def4af0
/Users/mic/Downloads/20250930/sh600638.csv,sh600638.csv,sh,600638,1993-03-26,2025-09-30,7844,742571,True,utf-8,d4a820137ece007307d71b5f1910078fad2121cfe6893b5966a0bacead75006f
/Users/mic/Downloads/20250930/sz300910.csv,sz300910.csv,sz,300910,2020-11-27,2025-09-30,1177,115333,True,utf-8,6ec757800d6f223c695cca18fd15e0e61fe25a15c226ef89f9bd41539999f68e
/Users/mic/Downloads/20250930/sz000016.csv,sz000016.csv,sz,000016,1992-03-27,2025-09-30,7970,754106,True,utf-8,a7ef9b21c1e72d34de39661dff39f0b436b31b9fd31de8b8412b87aaa837c4d3
/Users/mic/Downloads/20250930/sh603331.csv,sh603331.csv,sh,603331,2017-07-05,2025-09-30,2005,193374,True,utf-8,e0c91d61e0cd961633fdda5e07e6da44a62dc94e8b2d15698997a4f1d2346304
/Users/mic/Downloads/20250930/sh688302.csv,sh688302.csv,sh,688302,2022-04-12,2025-09-30,846,81870,True,utf-8,b53aa237e8598b901737f29b9effca50c437c1178c3ec4c21bd7b6082136d405
/Users/mic/Downloads/20250930/sz001308.csv,sz001308.csv,sz,001308,2022-03-18,2025-09-30,861,83992,True,utf-8,0e838b0e8d5788b8139f6b70f01bff14ffa29261b3c2c9ab58193ff83d80ad2d
/Users/mic/Downloads/20250930/sz000002.csv,sz000002.csv,sz,000002,1991-01-29,2025-09-30,8199,803749,True,utf-8,6b9432ad414700f321696116cb41895551c2cbaa322784266d78af03ce9bfae2
/Users/mic/Downloads/20250930/sh603325.csv,sh603325.csv,sh,603325,2024-01-10,2025-09-30,419,40432,True,utf-8,ecc7f00c35c7ff7d762e2c884b012bfc0c0cb114f995457ec2be64fa62bb1578
/Users/mic/Downloads/20250930/sh688316.csv,sh688316.csv,sh,688316,2021-03-16,2025-09-30,1106,106135,True,utf-8,45d02fc00434391a180b250217e031806671d2ea5bd39d49f4a63e2878263ebe
/Users/mic/Downloads/20250930/sz002615.csv,sz002615.csv,sz,002615,2011-09-09,2025-09-30,3403,322139,True,utf-8,d2610a14444c5ecad40c537bf880bee70039ece3262633e7f97581c48060d687
/Users/mic/Downloads/20250930/sz300904.csv,sz300904.csv,sz,300904,2023-08-09,2025-09-30,522,50416,True,utf-8,b31fd7387050d0c0c34064b561ef5662d52f2d818df37c54d11e2f1bb738a1ca
/Users/mic/Downloads/20250930/sz002173.csv,sz002173.csv,sz,002173,2007-09-25,2025-09-30,4198,403857,True,utf-8,559df54d98707db5f05461942746b32ade0ae1779658263847716e2c9ec4e011
/Users/mic/Downloads/20250930/sh600162.csv,sh600162.csv,sh,600162,1998-06-09,2025-09-30,6426,609375,True,utf-8,3ab335bbee95e6f893525e6701165e00735ad038cfd1cff25525aac95f2557ef
/Users/mic/Downloads/20250930/sz300092.csv,sz300092.csv,sz,300092,2010-07-08,2025-09-30,3538,339096,True,utf-8,8b51c81fd9fe31370ae158fb72dc1725ac86ec3f91373bf08bf99441f3717e84
/Users/mic/Downloads/20250930/sh688458.csv,sh688458.csv,sh,688458,2023-05-22,2025-09-30,577,55784,True,utf-8,d92ba75c8f05e3abeef21df15d1c577e9b0397bf08a61afc40adc679e7042b1a
/Users/mic/Downloads/20250930/sh600604.csv,sh600604.csv,sh,600604,1992-04-10,2025-09-30,7919,743947,True,utf-8,bbe04d1a1e8535bcdf78577b1e1b52b47d6fb2c46370c8341d3e0446cb8d9501
/Users/mic/Downloads/20250930/sz002629.csv,sz002629.csv,sz,002629,2011-11-03,2025-09-30,3059,292689,True,utf-8,8c9afebca4a3613ad65f2ce8e0c2126f79eafd1ab20d24d14dc94ba6ebf7798d
/Users/mic/Downloads/20250930/sh600610.csv,sh600610.csv,sh,600610,1992-08-05,2025-09-30,7096,660048,True,utf-8,59738b2bb4de001a5b5d47cb1168cf63fdfaeb400e03c7006a932dfb6fa6a28e
/Users/mic/Downloads/20250930/sz300938.csv,sz300938.csv,sz,300938,2021-01-27,2025-09-30,1135,110936,True,utf-8,c302b2acb3dcebb36a36443d5f594a0ec2c4130ebe52521386a01e63c2484b84
/Users/mic/Downloads/20250930/sh603319.csv,sh603319.csv,sh,603319,2016-11-30,2025-09-30,2149,207482,True,utf-8,f29f60758c91807fd8e8f79bcc288873f3daa34d866a1c74dcebab014c64e2c4
/Users/mic/Downloads/20250930/sz000980.csv,sz000980.csv,sz,000980,2000-06-16,2025-09-30,5879,559449,True,utf-8,ca268829592f1da70248866426f08e67186961133ca3344b3b4e62583814b32e
/Users/mic/Downloads/20250930/sz000758.csv,sz000758.csv,sz,000758,1997-04-16,2025-09-30,6770,652576,True,utf-8,860ec203e6c4d05cc31789dfb7545e5b00856002d75dce8cabbf7795e1bcef54
/Users/mic/Downloads/20250930/sz301398.csv,sz301398.csv,sz,301398,2022-12-15,2025-09-30,679,65756,True,utf-8,aeb12a44dc3ffc1f1eeb4dc6253664ea83b4402841acab5e1b9403b1b2962aed
/Users/mic/Downloads/20250930/sh600176.csv,sh600176.csv,sh,600176,1999-04-22,2025-09-30,6292,603960,True,utf-8,fdc237d007f3d73000b09a52c8c415a886fbec9c33770963251593a7571c31b5
/Users/mic/Downloads/20250930/sz300086.csv,sz300086.csv,sz,300086,2010-05-26,2025-09-30,3547,340159,True,utf-8,b9cf8d48f8a34301efd06e3c2ef0560dd064b7b97c6f869b24c51fb31d40ffc9
/Users/mic/Downloads/20250930/sz301373.csv,sz301373.csv,sz,301373,2023-02-08,2025-09-30,646,63452,True,utf-8,bb0fab55bac5803866d8fde2785fd2b686fe78cadc6af8fa92b113c51ceb1667
/Users/mic/Downloads/20250930/sz300079.csv,sz300079.csv,sz,300079,2010-04-30,2025-09-30,3719,357479,True,utf-8,6b9d3b6e4867236103b3db4b401d8bc15dd9512a3c4e2aca338fe92d72279bc4
/Users/mic/Downloads/20250930/sh600189.csv,sh600189.csv,sh,600189,1998-10-07,2025-09-30,6175,585300,True,utf-8,75764e2e7b7712de31b127ed235a5063d66e7f280040c730d8ddc427068f75b8
/Users/mic/Downloads/20250930/sz301367.csv,sz301367.csv,sz,301367,2022-11-01,2025-09-30,711,68587,True,utf-8,ced0f0f4bc9c941d050617b96281c4c319f5058211155b9d313ad10024a8e612
/Users/mic/Downloads/20250930/sz000957.csv,sz000957.csv,sz,000957,2000-01-13,2025-09-30,6131,590051,True,utf-8,819e1155e423363603b024d105eb852ded4051d230fe85171f6a5fbc19b96ea7
/Users/mic/Downloads/20250930/sz300051.csv,sz300051.csv,sz,300051,2010-02-11,2025-09-30,3553,344592,True,utf-8,8fa08e26cc2d3ced501774b5b70ba73c861c435a758fd43119ff22386efca723
/Users/mic/Downloads/20250930/sz002198.csv,sz002198.csv,sz,002198,2007-12-18,2025-09-30,4160,394829,True,utf-8,2e3b8dece6aeda278049d0fe405d0b624070faec2cc7723927556ade202b4d5f
/Users/mic/Downloads/20250930/sz301429.csv,sz301429.csv,sz,301429,2023-04-17,2025-09-30,599,58956,True,utf-8,21e2babddeeb8e416ed8ade5f9dbaf30b9a080932c0f0e9101b4181240fae285
/Users/mic/Downloads/20250930/sz002826.csv,sz002826.csv,sz,002826,2016-12-09,2025-09-30,2137,207641,True,utf-8,a3e171e61ff68bc20c993e8a5b60eaef14174e37a0293125d729364ee9b5a589
/Users/mic/Downloads/20250930/sz300737.csv,sz300737.csv,sz,300737,2018-01-25,2025-09-30,1855,179744,True,utf-8,e1647d1fe745e871dd0c9646619673de121d2b3ca4f0782c28e71072e8745637
/Users/mic/Downloads/20250930/sz002832.csv,sz002832.csv,sz,002832,2016-12-23,2025-09-30,2132,209271,True,utf-8,1bd3189637b23ea53597ffa8f9635b390c668187dada1e407e39224039e15a4c
/Users/mic/Downloads/20250930/sz300723.csv,sz300723.csv,sz,300723,2017-11-16,2025-09-30,1914,186536,True,utf-8,f029232190854dfa86ee26c5c8f4a0c56e30c736db35236d2af1a311d74ff9d0
/Users/mic/Downloads/20250930/sz300045.csv,sz300045.csv,sz,300045,2010-01-20,2025-09-30,3760,364482,True,utf-8,516d9959463ba3a550cbbbea2c74b9e082ceb4f898455717ea5c634b98bb6665
/Users/mic/Downloads/20250930/sh688510.csv,sh688510.csv,sh,688510,2020-12-16,2025-09-30,1164,116687,True,utf-8,93c086e8fa97a43f25cef08f9c6ecaef6e8439683858d7aa1c794a86e6717504
/Users/mic/Downloads/20250930/sz300864.csv,sz300864.csv,sz,300864,2020-08-24,2025-09-30,1240,120285,True,utf-8,8bc0d9d8004f679bb04f312ac1b26bf9befdf46a529785cd78d3bc3a05dc062b
/Users/mic/Downloads/20250930/sz002775.csv,sz002775.csv,sz,002775,2015-06-29,2025-09-30,2486,235899,True,utf-8,dc52c5db335b140cb8a1281a620398341eef0dac38268856fdcb12b857bce376
/Users/mic/Downloads/20250930/sh688276.csv,sh688276.csv,sh,688276,2021-06-25,2025-09-30,1038,103291,True,utf-8,ef33b1ace2ab46374cb085662f2224bfa77c1668f5c50e8b33800134ecd5ee41
/Users/mic/Downloads/20250930/sz001268.csv,sz001268.csv,sz,001268,2022-06-30,2025-09-30,793,77144,True,utf-8,091b145da71b0a2110a788ae4704316794e13015bf05d51fd567c8132f1354d7
/Users/mic/Downloads/20250930/sh688262.csv,sh688262.csv,sh,688262,2022-01-06,2025-09-30,907,91972,True,utf-8,7393f67bb1d35dcb9cb1ccf606d673ea04b6386ee5a81e179e45fcfeb1933d11
/Users/mic/Downloads/20250930/sz300870.csv,sz300870.csv,sz,300870,2020-08-24,2025-09-30,1240,123038,True,utf-8,13c8f51eab75a047c092055ce7708b31f84f9b6acbca69481b09ff27fb29d9bc
/Users/mic/Downloads/20250930/sh600758.csv,sh600758.csv,sh,600758,1996-10-29,2025-09-30,6798,648997,True,utf-8,928300bc0093d96339dc96799d4fffa944e03ac74781301bfc2aca3208a4dd4e
/Users/mic/Downloads/20250930/sh600980.csv,sh600980.csv,sh,600980,2004-05-12,2025-09-30,5123,494320,True,utf-8,a7ff98985ef411975c2ca157ff4583224479d41739b5cd409d8707332982bee8
/Users/mic/Downloads/20250930/sz002761.csv,sz002761.csv,sz,002761,2015-06-10,2025-09-30,2416,236256,True,utf-8,cf2a14ec7731864d49826d27be3a745f1a413d54ffc75e20cc291fa0a09f323f
/Users/mic/Downloads/20250930/sz002007.csv,sz002007.csv,sz,002007,2004-06-25,2025-09-30,5098,499856,True,utf-8,5794f6ceeff532d515d87a2478ec7140d898f820899431ef275e064005731693
/Users/mic/Downloads/20250930/sz000610.csv,sz000610.csv,sz,000610,1996-09-26,2025-09-30,6830,649380,True,utf-8,9438929e20530ee724720d7205b2c94d0ff65aeef56a585ec1353e4b0088facb
/Users/mic/Downloads/20250930/sh600016.csv,sh600016.csv,sh,600016,2000-12-19,2025-09-30,5948,588184,True,utf-8,d2b01ead08ee7376d8aae841817c146697a0f00ebca4b9f9b92859cfb26a36ca
/Users/mic/Downloads/20250930/sz000638.csv,sz000638.csv,sz,000638,1996-11-26,2025-09-30,5333,504178,True,utf-8,9ded8795ce6d63dddf59fdcd7704539c014929534e82e19931131ea505185f0d
/Users/mic/Downloads/20250930/sh603279.csv,sh603279.csv,sh,603279,2019-07-29,2025-09-30,1501,147792,True,utf-8,5955adb375730fd4d8ef4f1cbde74546d486cad5aeda49e76d6a5df8d20649e7
/Users/mic/Downloads/20250930/sz300858.csv,sz300858.csv,sz,300858,2020-07-27,2025-09-30,1260,124733,True,utf-8,1fe71abcd013b7e03354f9a610b306563653e5e30c7ad79c53019929ffd0c57c
/Users/mic/Downloads/20250930/sz002991.csv,sz002991.csv,sz,002991,2020-07-31,2025-09-30,1256,121834,True,utf-8,730f9aa800211918477730431fffe830a631cce0b61d1edda5d953b1937ccba5
/Users/mic/Downloads/20250930/sh600770.csv,sh600770.csv,sh,600770,1996-11-20,2025-09-30,6858,652725,True,utf-8,9a7f609e23574e3d6f53befc8bf609efff96eb635caa5084607f7d9eeb631b72
/Users/mic/Downloads/20250930/sz300680.csv,sz300680.csv,sz,300680,2017-07-25,2025-09-30,1907,187257,True,utf-8,a91c19e503513b64c3b2770338555c2ba6f4eebd1d527c515dc884d41dc2f043
/Users/mic/Downloads/20250930/sz002749.csv,sz002749.csv,sz,002749,2015-03-20,2025-09-30,2565,242894,True,utf-8,625448e2bf417c0a5b25d108b73989700bb73453c0eea83fe4c60b17bc66229d
/Users/mic/Downloads/20250930/sz002985.csv,sz002985.csv,sz,002985,2020-04-29,2025-09-30,1318,131762,True,utf-8,5d0beb70d0a60b73ad601c86a4e4a366d87291fdd8a302835f72d5badad3d085
/Users/mic/Downloads/20250930/sh600764.csv,sh600764.csv,sh,600764,1996-11-04,2025-09-30,6588,628790,True,utf-8,672dc9b6ffb77edb91c2af9ded82704df145b06aaa5a694e8016d6e81033105a
/Users/mic/Downloads/20250930/sz300694.csv,sz300694.csv,sz,300694,2018-10-15,2025-09-30,1694,165125,True,utf-8,5083502a12c5f31e65ee812af748fe4adc5dcf9ce8ad739d013494ea9bbb0a24
/Users/mic/Downloads/20250930/sh688538.csv,sh688538.csv,sh,688538,2021-05-28,2025-09-30,1057,102621,True,utf-8,395db2fda4c775e14840a73a5b01ca2c571b9580583908f2dda7ffe5a09ee16b
/Users/mic/Downloads/20250930/sz301207.csv,sz301207.csv,sz,301207,2022-02-18,2025-09-30,881,86933,True,utf-8,91062bf73f751a87f9317ceb63ba3210bdc88476dcd475b98a17fbb86f512174
/Users/mic/Downloads/20250930/sz300119.csv,sz300119.csv,sz,300119,2010-09-17,2025-09-30,3609,351296,True,utf-8,0774ba40d2c92403fa97acd8b254b756d13eef5c7a5ff6eaa65cabcf69a2b0b6
/Users/mic/Downloads/20250930/sh603286.csv,sh603286.csv,sh,603286,2017-06-27,2025-09-30,1992,193631,True,utf-8,4e0c635996c337d121d2f4cc8536be69e40ead17658533f763fed87f18720e28
/Users/mic/Downloads/20250930/sz301575.csv,sz301575.csv,sz,301575,2025-09-10,2025-09-30,15,1640,True,utf-8,205233e2858d38299a7a03de619ea799727dc68954822f9d86b610a6845fab76
/Users/mic/Downloads/20250930/bj830896.csv,bj830896.csv,bj,830896,2023-04-19,2025-09-30,597,57577,True,utf-8,c3895ade8167728aaaaa7ade8279ed4466322ed8a75623dbf79a057f06dcf1b3
/Users/mic/Downloads/20250930/sz301213.csv,sz301213.csv,sz,301213,2021-12-06,2025-09-30,929,87431,True,utf-8,56a01b29580bf06a6ee193c52579ed18652f9fded262fd2d4d36012c6b7e4f1e
/Users/mic/Downloads/20250930/sz000823.csv,sz000823.csv,sz,000823,1997-10-08,2025-09-30,6733,647916,True,utf-8,2de2a8d713d76920949a7b98bc7bd67667839c052e1577e0f4452ce867b1aabd
/Users/mic/Downloads/20250930/sz300125.csv,sz300125.csv,sz,300125,2010-10-13,2025-09-30,3501,338093,True,utf-8,bc57228399d6f7950a9c20478374173668a2a58bb6800d4406c55dd3b8389bc8
/Users/mic/Downloads/20250930/sz300643.csv,sz300643.csv,sz,300643,2017-05-05,2025-09-30,2046,193651,True,utf-8,d28016d411d79056c245308c849b45fc6b848f8935d956a0b57a21ef4224109e
/Users/mic/Downloads/20250930/sz002952.csv,sz002952.csv,sz,002952,2019-03-28,2025-09-30,1583,158470,True,utf-8,ce51b7521aaf4ed6eca623abe0783e8fd1bf5e8211fcbdbd96a2b227c6fbd497
/Users/mic/Downloads/20250930/sz001283.csv,sz001283.csv,sz,001283,2022-09-05,2025-09-30,746,69664,True,utf-8,ff42e8fb9820870b36398cc811abe926815c973b3db88ac2e0db29edaf1ccd31
/Users/mic/Downloads/20250930/sh688289.csv,sh688289.csv,sh,688289,2020-08-28,2025-09-30,1236,123196,True,utf-8,089426a5ddd95bf6d7d67947c1eca05e2cf709337fbad9e6fb91dd1e2b1729ef
/Users/mic/Downloads/20250930/sz300657.csv,sz300657.csv,sz,300657,2017-05-23,2025-09-30,1992,197434,True,utf-8,cfdb4e7b4143a5498a00637f25af6ef7e7e32f6ef04249a982ffd7d0b1259776
/Users/mic/Downloads/20250930/sz002946.csv,sz002946.csv,sz,002946,2019-01-25,2025-09-30,1622,160760,True,utf-8,dcccf644a3259a4bd3488ee45a91640a07171393114d3269d5c332d8b9322fb5
/Users/mic/Downloads/20250930/sz300131.csv,sz300131.csv,sz,300131,2010-10-19,2025-09-30,3264,316163,True,utf-8,c6975be4e8cd863780853cb725166ef9df09e041936c9f1ca883405478edddad
/Users/mic/Downloads/20250930/sz000837.csv,sz000837.csv,sz,000837,1998-09-28,2025-09-30,6418,620603,True,utf-8,7224d3f9a9ff887e5fe862460cbc9973b79aea39980b0632c78ead94d1d942a4
/Users/mic/Downloads/20250930/sz002577.csv,sz002577.csv,sz,002577,2011-04-28,2025-09-30,3356,325372,True,utf-8,7100149afb8ed26a013daf4a82a00b28b0e201fe244b57c0bba852f689c47d90
/Users/mic/Downloads/20250930/sh601888.csv,sh601888.csv,sh,601888,2009-10-15,2025-09-30,3816,385776,True,utf-8,f3820b1057a93acf19122de88c939b5c6e87af46c3b316fc473c83e6d32c2edf
/Users/mic/Downloads/20250930/sh600228.csv,sh600228.csv,sh,600228,1999-01-19,2025-09-30,6070,572828,True,utf-8,8cab10ba674e81b2dbc1863e7ff611ea4fee73ac8de9a0941eeadf773d7168d7
/Users/mic/Downloads/20250930/sh601136.csv,sh601136.csv,sh,601136,2022-12-22,2025-09-30,674,67389,True,utf-8,182052e59e2877476798cb241f0b4107639522b4fc28b297a5abf9d684a49a4d
/Users/mic/Downloads/20250930/sz002211.csv,sz002211.csv,sz,002211,2008-02-01,2025-09-30,3887,377058,True,utf-8,1bc66eca2faac037c53a4d099236ac56f5cc7dcaf0aeb4f7d35f7aea43d1202e
/Users/mic/Downloads/20250930/sh603721.csv,sh603721.csv,sh,603721,2017-08-11,2025-09-30,1975,189868,True,utf-8,968e4b57426beb1b9b89d13bd3688f9271171771b8e474bece22d2cc1f1f1bbc
/Users/mic/Downloads/20250930/sz002205.csv,sz002205.csv,sz,002205,2008-01-23,2025-09-30,4266,417156,True,utf-8,29f3bba000fb0c4f8b51a9642c32310c03c40e77d531a59db26f14e9e6e98252
/Users/mic/Downloads/20250930/sz002563.csv,sz002563.csv,sz,002563,2011-03-11,2025-09-30,3523,338745,True,utf-8,38a88ed3cc241f05bc152517d7d60a6a17cd1b04d500d290da652165a1e1d1ca
/Users/mic/Downloads/20250930/sh603053.csv,sh603053.csv,sh,603053,2019-12-17,2025-09-30,1406,134434,True,utf-8,862cb32a613699be2050dc716a2fa4f50d611a9facba86a87156b45d2e649e1e
/Users/mic/Downloads/20250930/sh688060.csv,sh688060.csv,sh,688060,2020-07-10,2025-09-30,1271,123029,True,utf-8,c2749543990dd94b7567839d81205b29c733f5dabff75ed94b54149e40dc92f5
/Users/mic/Downloads/20250930/sz300482.csv,sz300482.csv,sz,300482,2015-06-30,2025-09-30,2487,248508,True,utf-8,3403d806d6f1addc933b538a3ed4215522140ffcc51df1d803c4cc66b7da4815
/Users/mic/Downloads/20250930/sh600572.csv,sh600572.csv,sh,600572,2004-04-12,2025-09-30,5005,473950,True,utf-8,7d2f52ea90d736653f6f53ad684696f0570dacfb6574440b7c198ab78a4d06c4
/Users/mic/Downloads/20250930/sh688048.csv,sh688048.csv,sh,688048,2022-04-01,2025-09-30,851,83466,True,utf-8,155148bee7e2efbff86d4525d79e62aac34f12a8efe5370fb1c4112f2135e0fb
/Users/mic/Downloads/20250930/bj831961.csv,bj831961.csv,bj,831961,2015-03-17,2025-09-30,2218,214474,True,utf-8,a1c8b05475d22a9748d01430bb61ceffc4c36dda2f7ce14cee9d616674bf5c92
/Users/mic/Downloads/20250930/sh600200.csv,sh600200.csv,sh,600200,1999-04-01,2025-09-30,6269,616208,True,utf-8,09953122ffd76d0c2f2a88ba6ee321eda7214c79677640530e01f999aa0b3942
/Users/mic/Downloads/20250930/sz002239.csv,sz002239.csv,sz,002239,2008-05-22,2025-09-30,3693,358183,True,utf-8,3ad8299431a600e69373d1c39d4321eb9ca5d4f440ff6ae251310ac76524d850
/Users/mic/Downloads/20250930/sh605378.csv,sh605378.csv,sh,605378,2021-04-12,2025-09-30,1088,105555,True,utf-8,e3f1f117edbcc7963d3278a1439482d3c8abe7af49db69e08ccf3c59cbe988a5
/Users/mic/Downloads/20250930/sh603709.csv,sh603709.csv,sh,603709,2018-02-08,2025-09-30,1855,163818,True,utf-8,3134a4b10043ecf88a10e584b151ec15566c55a5421745c80262b095b04e3deb
/Users/mic/Downloads/20250930/sh601678.csv,sh601678.csv,sh,601678,2010-02-23,2025-09-30,3786,363530,True,utf-8,d1a2ff345ad30431a04d13d8d57c135386cfe33b5855a667a624cb9a9460307e
/Users/mic/Downloads/20250930/sz300496.csv,sz300496.csv,sz,300496,2015-12-10,2025-09-30,2324,234202,True,utf-8,89762477a984ba48a93aca189a282f69e71a4b7bb9e74ca1a66258f7a26f51c6
/Users/mic/Downloads/20250930/sh600566.csv,sh600566.csv,sh,600566,2001-08-22,2025-09-30,5677,549567,True,utf-8,2347249a8144711f922f0139fb04477c02f13b27d4a9083194c37121d270bf7e
/Users/mic/Downloads/20250930/sz301005.csv,sz301005.csv,sz,301005,2021-06-01,2025-09-30,1055,104630,True,utf-8,d4e96909438477f97307aee319d43adb34f4d65effc7b107f01ff8d41d10b171
/Users/mic/Downloads/20250930/sz301011.csv,sz301011.csv,sz,301011,2021-06-17,2025-09-30,1044,101804,True,utf-8,07f7d6f9baeb432aa5125d162cf9bcfafe739c2e9568f1eee98a00ee6c40fb54
/Users/mic/Downloads/20250930/sh603090.csv,sh603090.csv,sh,603090,2016-08-31,2025-09-30,2151,191349,True,utf-8,2aa71a507a1b630d0bcc0814cc8e44aa2e6777f978b8038a32518321c0719bf4
/Users/mic/Downloads/20250930/sh600599.csv,sh600599.csv,sh,600599,2001-08-28,2025-09-30,5538,530924,True,utf-8,1437b52eb1b4f70569e6cb77c24515915235d75b9641305399ebce7ab4821caf
/Users/mic/Downloads/20250930/sz300469.csv,sz300469.csv,sz,300469,2015-06-11,2025-09-30,2400,241073,True,utf-8,a0ec46c2ebb8e7fad10263f3f591e3bdbc8a761c79ff91a7381bb869bfe1276c
/Users/mic/Downloads/20250930/bj870726.csv,bj870726.csv,bj,870726,2023-08-08,2025-09-30,523,49070,True,utf-8,2bbfd60c450efc0a0e381a1cf45778750e2c0f119f3b2ab371e02d9fc84639bd
/Users/mic/Downloads/20250930/sh601877.csv,sh601877.csv,sh,601877,2010-01-21,2025-09-30,3672,369481,True,utf-8,df7b2b72e41e75529d28a6b851542b7cf12ae6cda4dbbbd6a326a99101bc2d07
/Users/mic/Downloads/20250930/sz002588.csv,sz002588.csv,sz,002588,2011-06-10,2025-09-30,3472,336068,True,utf-8,f2bf2fa19abee2a0519d89671e2655d4dda45e78df1d880ee8cf3ed648b3b958
/Users/mic/Downloads/20250930/sz300441.csv,sz300441.csv,sz,300441,2015-04-23,2025-09-30,2296,219328,True,utf-8,a7306fde564be4ffcb324c164ae204b54fa76e7ad143f6449b39e875581a5899
/Users/mic/Downloads/20250930/sz300327.csv,sz300327.csv,sz,300327,2012-06-13,2025-09-30,3230,315142,True,utf-8,d4c1052400d2a1159511198cb08339b6b97f030788a5c0867a49049d64793927
/Users/mic/Downloads/20250930/sz301039.csv,sz301039.csv,sz,301039,2021-07-08,2025-09-30,1027,100009,True,utf-8,903e4123bc7446c57274e0469c26a41e569a284adc42030046d5909a2201a53f
/Users/mic/Downloads/20250930/sh603906.csv,sh603906.csv,sh,603906,2017-04-10,2025-09-30,2064,202429,True,utf-8,a3a900f0b8f6d1168fdc52e8db7e7ac7044cedd68ab7c2b8c26946b9e917c9be
/Users/mic/Downloads/20250930/bj835508.csv,bj835508.csv,bj,835508,2016-01-15,2025-09-30,1373,125677,True,utf-8,b6f1649e7c4cb8fff3f5c2ad32749cd77c1687a1a207514c48ada24938fb4ea8
/Users/mic/Downloads/20250930/bj920111.csv,bj920111.csv,bj,920111,2024-11-11,2025-09-30,220,21370,True,utf-8,4f79a86ed0a3735ef5ed13b20647841cbf0770d14baa7547871ffc23cecaf4a2
/Users/mic/Downloads/20250930/sh603912.csv,sh603912.csv,sh,603912,2017-11-01,2025-09-30,1925,183453,True,utf-8,4909bb609952dfe4cf2cfc3581677262fd7078cc73b1535d9795ba052be8e0f5
/Users/mic/Downloads/20250930/sz300333.csv,sz300333.csv,sz,300333,2012-06-28,2025-09-30,3225,309443,True,utf-8,4ea558b86ee20847e48eff0156804b6e03f25079f2e53713af0a1684803b8029
/Users/mic/Downloads/20250930/sz300455.csv,sz300455.csv,sz,300455,2015-05-15,2025-09-30,2394,234539,True,utf-8,c97a82c3c90aec241797432b0147db9cb2fa578d575a18eec1fab14b9ec896e0
/Users/mic/Downloads/20250930/sz300332.csv,sz300332.csv,sz,300332,2012-06-28,2025-09-30,2999,286749,True,utf-8,b2618244628fd259cdd762a5f55dba69399eea8cc1d6c4eb105c92e2e6616861
/Users/mic/Downloads/20250930/sz300454.csv,sz300454.csv,sz,300454,2018-05-16,2025-09-30,1795,182990,True,utf-8,3191a4080cef6b38a9c8938f9f685a336e262371199316f48454b6a40405709b
/Users/mic/Downloads/20250930/sz300440.csv,sz300440.csv,sz,300440,2015-04-23,2025-09-30,2407,231522,True,utf-8,8fd948041d73c44f5c74285d4d6dc62c644fc0afa7d11e417b32447959d3a990
/Users/mic/Downloads/20250930/sz002589.csv,sz002589.csv,sz,002589,2011-06-10,2025-09-30,3364,323679,True,utf-8,a70289c0a07b4a8e3aaf0bc7561497e256f41357c66e13d11d52bdc8df1b458b
/Users/mic/Downloads/20250930/sz301038.csv,sz301038.csv,sz,301038,2021-08-04,2025-09-30,1010,98435,True,utf-8,f5317c5787a560a70be003d82d719164e4385df23119d69217e75698e9516d86
/Users/mic/Downloads/20250930/sz300326.csv,sz300326.csv,sz,300326,2012-06-13,2025-09-30,2959,283834,True,utf-8,d98434907e80799654fc10ffcfa2e57c2c01ca7c2b0227206fc1ecef21cfbcec
/Users/mic/Downloads/20250930/sz301010.csv,sz301010.csv,sz,301010,2021-06-18,2025-09-30,1043,104547,True,utf-8,3ac3bf0a6e5df3c71d9739cd129cfc017702594620f2f007a06a19d34c46b51b
/Users/mic/Downloads/20250930/sh601686.csv,sh601686.csv,sh,601686,2020-12-04,2025-09-30,1172,112185,True,utf-8,929321c11da516ec2bd051741b42dc4b02ca1f5b2c1037b0096c7c2b2beab4dd
/Users/mic/Downloads/20250930/sz300468.csv,sz300468.csv,sz,300468,2015-05-27,2025-09-30,2486,244067,True,utf-8,d7781031363b381b40fef9d7f02e6c1bcc5135140611083a80acc1d3da2baa07
/Users/mic/Downloads/20250930/sh600598.csv,sh600598.csv,sh,600598,2002-03-29,2025-09-30,5608,545680,True,utf-8,64bdac68a40055574f16c9dfc4153f57f8d64b111ee61bd34813f3f6968c444e
/Users/mic/Downloads/20250930/sh603091.csv,sh603091.csv,sh,603091,2024-09-20,2025-09-30,251,24260,True,utf-8,f50a7257397f52cab321db209f640d149b6d680961c534143c5cdd0bcd839856
/Users/mic/Downloads/20250930/sh603085.csv,sh603085.csv,sh,603085,2015-06-30,2025-09-30,2475,236052,True,utf-8,2b8cbc3f40647c3e4e71fe8a55a4c92e525a242377030100ad3660c052b2d575
/Users/mic/Downloads/20250930/sz301004.csv,sz301004.csv,sz,301004,2021-06-25,2025-09-30,1038,96936,True,utf-8,8924a3291d63fa2f84a6c5af536d3770e8183eadedeb841eb9c1bbcaa4ab8d8f
/Users/mic/Downloads/20250930/sh603708.csv,sh603708.csv,sh,603708,2016-12-13,2025-09-30,2140,210431,True,utf-8,5bf3afee2bd1d4cfdee568fefaa30faa0ee65f65515b37ea2c937284a0427600
/Users/mic/Downloads/20250930/sz002238.csv,sz002238.csv,sz,002238,2008-05-26,2025-09-30,4057,385850,True,utf-8,b1385579ef3202721f664977d2639b1d12a383f34c4d5f1a7ee1223b02d1442b
/Users/mic/Downloads/20250930/sh600201.csv,sh600201.csv,sh,600201,1999-01-15,2025-09-30,6384,613465,True,utf-8,39455107bcc2c1bd9f39e0f1ef69c2dbc0c27e4052044a62601ee754e95b6aab
/Users/mic/Downloads/20250930/sh600567.csv,sh600567.csv,sh,600567,2001-12-18,2025-09-30,5647,546384,True,utf-8,bb3e80e30b2738d13dfcfe034537959cc00a93a008befa374c429bd0b913e8f3
/Users/mic/Downloads/20250930/sz300497.csv,sz300497.csv,sz,300497,2015-12-22,2025-09-30,2378,232035,True,utf-8,6a7aba262fa708961cdc6d50619567c237fad43b81bf6561eed19cfabd21c312
/Users/mic/Downloads/20250930/sh688049.csv,sh688049.csv,sh,688049,2021-11-29,2025-09-30,934,93808,True,utf-8,400dd7dc4e9a7f91d2f7c46e022e3fe6b0b2d37906ae2759723b00b244e33058
/Users/mic/Downloads/20250930/sh600573.csv,sh600573.csv,sh,600573,2003-02-26,2025-09-30,5453,488910,True,utf-8,2a5b89c76cf4f02e9f716b621984cac840e79f9cd9f0cad79c4eb2f4651a2d82
/Users/mic/Downloads/20250930/sz300483.csv,sz300483.csv,sz,300483,2015-06-30,2025-09-30,2416,236146,True,utf-8,bd1de7801b6c3dbca02adfeaa6cca7c0babf46cb30a1754ecce0f4d4b2b04fef
/Users/mic/Downloads/20250930/sh600215.csv,sh600215.csv,sh,600215,1999-09-09,2025-09-30,6132,579385,True,utf-8,d881453dedfdc0827181030a046a1bc01dc7ee557ba0361083ec65d1c6564bf8
/Users/mic/Downloads/20250930/sz002204.csv,sz002204.csv,sz,002204,2008-01-16,2025-09-30,4268,406978,True,utf-8,572a16de516128aba44c931b32a4f1d0e199dad986bdcace3a2753484442ef63
/Users/mic/Downloads/20250930/sh688707.csv,sh688707.csv,sh,688707,2021-09-14,2025-09-30,981,96461,True,utf-8,3e1e86ecd947562a4557cabc6bf7be894ef3520ca8c3ce1f1852d7021748cfd9
/Users/mic/Downloads/20250930/sh688061.csv,sh688061.csv,sh,688061,2022-10-18,2025-09-30,721,69565,True,utf-8,d23c4ec8732057110b92a5aee5e000ce5a2d506c55c859762cc3333133a6ca8f
/Users/mic/Downloads/20250930/sh603052.csv,sh603052.csv,sh,603052,2022-10-11,2025-09-30,726,70265,True,utf-8,f0bfe0dcec3f2cd912589a67987bbfac227fc38429cb688227cf9200758a6fdd
/Users/mic/Downloads/20250930/sz002562.csv,sz002562.csv,sz,002562,2011-03-10,2025-09-30,3498,332505,True,utf-8,ce87c6bdee99c075033985a8851395e5f039db85741f0cda91dce412b84e7705
/Users/mic/Downloads/20250930/sz002576.csv,sz002576.csv,sz,002576,2011-04-28,2025-09-30,3140,305466,True,utf-8,2bf811c97af76bb7792589e108327f21654b028ed61caee34ae44fa2e3829f87
/Users/mic/Downloads/20250930/sh688075.csv,sh688075.csv,sh,688075,2021-11-18,2025-09-30,941,94037,True,utf-8,d10e1634e56a4cb2202588a01d5336f18301644c17543e9c5fb58dc2b6afac5a
/Users/mic/Downloads/20250930/sz000407.csv,sz000407.csv,sz,000407,1996-07-03,2025-09-30,6831,654954,True,utf-8,7b203dca4e7b92afbe3be294d66c2d60f2d3358f3716101041dcae5448180dee
/Users/mic/Downloads/20250930/sz002210.csv,sz002210.csv,sz,002210,2008-01-30,2025-09-30,4039,387232,True,utf-8,2a3c5cb73b2b64128eaf32eda5400eab9dafa506da4f9bf82469125794b7f313
/Users/mic/Downloads/20250930/sh601137.csv,sh601137.csv,sh,601137,2011-01-27,2025-09-30,3502,339098,True,utf-8,89883ba20c3a5525333f4351188d3458a5183a2f25376313ced23fc6f8b415c5
/Users/mic/Downloads/20250930/sh600229.csv,sh600229.csv,sh,600229,2000-03-09,2025-09-30,6004,567255,True,utf-8,a797622bd6d75a6f43094229a1abacf3f6780aebed12a1f3586878bd7b0ea82b
/Users/mic/Downloads/20250930/sz301548.csv,sz301548.csv,sz,301548,2023-09-20,2025-09-30,492,47376,True,utf-8,836b097c8d9ee5ac89ce76906a55d7c93ed197b8ba06c04f833ca4e099cf393c
/Users/mic/Downloads/20250930/sz002947.csv,sz002947.csv,sz,002947,2019-02-01,2025-09-30,1617,158983,True,utf-8,ed7cbf55403c2d107ded1110ad1610904d60a7ee5d9fa51238fdc2c2f70ba724
/Users/mic/Downloads/20250930/sz300656.csv,sz300656.csv,sz,300656,2017-05-19,2025-09-30,1968,192118,True,utf-8,8f0a44d7fc849f5b4f2f0d0b5cd09c09e853cb34f195ac52510590971c585e34
/Users/mic/Downloads/20250930/sz001296.csv,sz001296.csv,sz,001296,2021-12-24,2025-09-30,915,89500,True,utf-8,b10718f660f42f5635ffbaa449a2395c079cc22a92253d47338da0f5e794af22
/Users/mic/Downloads/20250930/bj834415.csv,bj834415.csv,bj,834415,2015-12-07,2025-09-30,1792,166653,True,utf-8,82e3ec374c62a1762b251c0e735ff19de5ee20090f1ff75400a5f25ba8fcac82
/Users/mic/Downloads/20250930/sz300130.csv,sz300130.csv,sz,300130,2010-10-19,2025-09-30,3507,339971,True,utf-8,555fb3bc373578fa02661ce3ea22afba481e0ac55d18afdc1c07a1ff76ec24fc
/Users/mic/Downloads/20250930/sz300124.csv,sz300124.csv,sz,300124,2010-09-28,2025-09-30,3627,361575,True,utf-8,a69ef449bb5479cd875cdc62844262b3dfe2737632b3cb59b651d43bd5d062ac
/Users/mic/Downloads/20250930/sz000822.csv,sz000822.csv,sz,000822,1998-07-03,2025-09-30,6538,634237,True,utf-8,b7e2af8f8914623cc4743d3cffca5e5cc551d1569b858b57526480e61dc1ccfa
/Users/mic/Downloads/20250930/sh688288.csv,sh688288.csv,sh,688288,2019-11-06,2025-09-30,1435,140417,True,utf-8,0f27e31d28d4a0099aa3746f35667276a47d28f8af856ccd76d071d124b5e626
/Users/mic/Downloads/20250930/sz001282.csv,sz001282.csv,sz,001282,2023-05-24,2025-09-30,575,55819,True,utf-8,daa81c595aaacaea529255566af06fa0045f9d61a4425bedd3540a32afc39003
/Users/mic/Downloads/20250930/sz002953.csv,sz002953.csv,sz,002953,2019-05-09,2025-09-30,1557,147828,True,utf-8,b3745fd7c8767e20d0bfc244052f71bae749834bbc2d351f0abd0613c70c65d7
/Users/mic/Downloads/20250930/sz300642.csv,sz300642.csv,sz,300642,2017-04-21,2025-09-30,2055,199631,True,utf-8,4c079ee9d84c0806014629172e3db371009c615eb799b3ca59c53b85df906948
/Users/mic/Downloads/20250930/sz301212.csv,sz301212.csv,sz,301212,2022-04-19,2025-09-30,841,80791,True,utf-8,db7450419a49d47fd661474e439bf8df2bc6b49396e13b7b86eeca7bb46ce354
/Users/mic/Downloads/20250930/bj833346.csv,bj833346.csv,bj,833346,2022-02-23,2025-09-30,878,82408,True,utf-8,7876b78edea26bd9b816a5f814b560b3ed2610637276637ae8b79757826a6485
/Users/mic/Downloads/20250930/sz300118.csv,sz300118.csv,sz,300118,2010-09-02,2025-09-30,3510,347894,True,utf-8,74bd663f6ef230a7b3e971c21ff64846e0320826e7e5255da27f4f7406e6baaa
/Users/mic/Downloads/20250930/sz301206.csv,sz301206.csv,sz,301206,2022-02-10,2025-09-30,887,89120,True,utf-8,5d55d63d1d18295066914297c8b87af7322c3ccdb62eadc808b9f129a6689efa
/Users/mic/Downloads/20250930/sz301560.csv,sz301560.csv,sz,301560,2025-04-25,2025-09-30,109,10556,True,utf-8,fcffac943cdf61a53dd1c80ce3c09019d612cace3335b5d05c4615df8b378375
/Users/mic/Downloads/20250930/sh600956.csv,sh600956.csv,sh,600956,2020-06-29,2025-09-30,1280,123638,True,utf-8,e2c23b963a158f499676ff79b85f922a109f3634d038326da2d1a2159adb241a
/Users/mic/Downloads/20250930/sz001255.csv,sz001255.csv,sz,001255,2022-09-30,2025-09-30,728,63297,True,utf-8,a7eeae1098a743554dc0be37a695250563de36a077f5ded7a6c0e517768ce1df
/Users/mic/Downloads/20250930/sz300695.csv,sz300695.csv,sz,300695,2017-09-08,2025-09-30,1958,192375,True,utf-8,7ef2f04cd8513c7da87e56ef7fd9449224e24003715976d7e6cfc4076a9d14d9
/Users/mic/Downloads/20250930/sh600765.csv,sh600765.csv,sh,600765,1996-11-06,2025-09-30,6858,667541,True,utf-8,25d059e2867c392256a11cdc6f0ab430c0d73ceb8eda212d26919470bdb144e1
/Users/mic/Downloads/20250930/sz002984.csv,sz002984.csv,sz,002984,2020-09-11,2025-09-30,1226,122085,True,utf-8,b3e5f24a184ec79d41eea2d529022b963ecd09b5b0932e2ec94c31a6bca8067e
/Users/mic/Downloads/20250930/sh688539.csv,sh688539.csv,sh,688539,2023-04-18,2025-09-30,598,58251,True,utf-8,96243c12be6e8d5784bad7c1a5b9cf171c82c5978c6fc81759befe26c5f67d80
/Users/mic/Downloads/20250930/sz000639.csv,sz000639.csv,sz,000639,1996-11-26,2025-09-30,6682,628285,True,utf-8,47696ef32f424acaaa08987252d6e57f31bc2e223b095c9392a418e933210acb
/Users/mic/Downloads/20250930/sh600017.csv,sh600017.csv,sh,600017,2006-10-17,2025-09-30,4572,445040,True,utf-8,db916a4cb0b12497ae8b49406f5876758b36a6a3ea86244cf0d9a9203de2b147
/Users/mic/Downloads/20250930/sz002748.csv,sz002748.csv,sz,002748,2015-03-19,2025-09-30,2547,237780,True,utf-8,aa5f7f06e02f7d54851e3c3a4bef94b9a96f352560af3327d53189cb1a178696
/Users/mic/Downloads/20250930/sz300681.csv,sz300681.csv,sz,300681,2017-07-25,2025-09-30,1991,193947,True,utf-8,0737824720dd763065bba94eb7b90d235942393b21a85ce8316214e0eaa659a3
/Users/mic/Downloads/20250930/sh600771.csv,sh600771.csv,sh,600771,1996-11-05,2025-09-30,6748,643647,True,utf-8,47005f06f6bfa7af5493663c343a7010bd65ae4036ab1a290f0a5517708d7acc
/Users/mic/Downloads/20250930/bj839680.csv,bj839680.csv,bj,839680,2021-11-15,2025-09-12,900,86071,True,utf-8,6162af7f30ce87a008d441f30bfee8b3a08bce81c98e8f985bdebe4c10c7c779
/Users/mic/Downloads/20250930/sz002990.csv,sz002990.csv,sz,002990,2020-05-25,2025-09-30,1303,127827,True,utf-8,1510ee73cef3458ed1db2422eb83df01474260d71a7deb0a0da412b3699dba9f
/Users/mic/Downloads/20250930/sz300859.csv,sz300859.csv,sz,300859,2020-08-06,2025-09-30,1248,122096,True,utf-8,06cc0d92d5260904bb3849416b769f0b3787811f689030aa57762050e6abf61e
/Users/mic/Downloads/20250930/sh603278.csv,sh603278.csv,sh,603278,2017-11-13,2025-09-30,1917,183466,True,utf-8,1e2f210e766acc78c56cecd02d110e0eb50d2241a68057881929e88951258407
/Users/mic/Downloads/20250930/sz002760.csv,sz002760.csv,sz,002760,2015-06-11,2025-09-30,2485,246316,True,utf-8,a818450e073be52c94ab43365db6bdeb2ca70956930c868bb0d124e06171301d
/Users/mic/Downloads/20250930/sh600981.csv,sh600981.csv,sh,600981,2004-06-30,2025-09-30,4949,465201,True,utf-8,bbe9073632215305fc789661c2619ed7676609dfdbb649f7249542fa640613c9
/Users/mic/Downloads/20250930/sh600759.csv,sh600759.csv,sh,600759,1996-10-08,2025-09-30,5926,562540,True,utf-8,9617dbfae31c00de7b7fa721e6bfe8b5060f7d674c2a01609814a8b05f318892
/Users/mic/Downloads/20250930/sz300871.csv,sz300871.csv,sz,300871,2020-08-24,2025-09-30,1240,121508,True,utf-8,81cfc0d25d29176a8f3d473c564f15c3f7ffbb6912d267169e9b27c0cbcb8076
/Users/mic/Downloads/20250930/sz001269.csv,sz001269.csv,sz,001269,2022-09-30,2025-09-30,728,72015,True,utf-8,931c94108a392f4f8e3d022be2367493f43ce780a76a56116d238bd3170b3963
/Users/mic/Downloads/20250930/sh688505.csv,sh688505.csv,sh,688505,2020-06-19,2025-09-30,1284,126760,True,utf-8,0b5387c48e8788e3f16e0ed21cdaa681a62f9eafc1a7650af963ea46f514d79d
/Users/mic/Downloads/20250930/sh603536.csv,sh603536.csv,sh,603536,2017-06-13,2025-09-30,2021,194428,True,utf-8,6001d51170abfd1ffb4b93f1b1663b423564899d579c7e64af5b69edde8af7a3
/Users/mic/Downloads/20250930/sz002006.csv,sz002006.csv,sz,002006,2004-06-25,2025-09-30,4758,454427,True,utf-8,cc1daf76a7a50ed705908e30f37529e7fefd7fcbce2dc7a63b7868ad2f00cdfc
/Users/mic/Downloads/20250930/sz002012.csv,sz002012.csv,sz,002012,2004-07-05,2025-09-30,4776,457047,True,utf-8,2424ebe53346da18a65db31a8703c5d2135c6c2441af556e687b573852f4efdc
/Users/mic/Downloads/20250930/sh688511.csv,sh688511.csv,sh,688511,2021-07-30,2025-09-30,1012,98793,True,utf-8,1111689378738b0b6ad4ddabdefb89de53f715b48fd7ab034fe5cdaca8afdcf0
/Users/mic/Downloads/20250930/sz000605.csv,sz000605.csv,sz,000605,1996-09-13,2025-09-30,6396,601692,True,utf-8,4d9951be26a4806711341d2b154fe80ebe83296f442cea93e331275be59114ac
/Users/mic/Downloads/20250930/sh688277.csv,sh688277.csv,sh,688277,2020-07-07,2025-09-30,1274,124326,True,utf-8,c0c3cdc9646dd7e6df1dcad5354599b564b5bc4ca38bdf42865822a2e15929cf
/Users/mic/Downloads/20250930/sz002774.csv,sz002774.csv,sz,002774,2017-03-24,2025-09-30,2070,194989,True,utf-8,50ba8267fae623e4a28aa1cc66dd322466394aa88b1671c1f521a21d3eca81ac
/Users/mic/Downloads/20250930/sh600995.csv,sh600995.csv,sh,600995,2004-06-15,2025-09-30,5057,483048,True,utf-8,e6efbc5926f5581b39be32abb60cc251954cc9222c09f95bc0b56bc27db394f6
/Users/mic/Downloads/20250930/sz300865.csv,sz300865.csv,sz,300865,2020-08-24,2025-09-30,1240,119626,True,utf-8,30cafa229596672d4518659284a8d1287a686bca121209ab2c827a40cd4eba21
/Users/mic/Downloads/20250930/sz300722.csv,sz300722.csv,sz,300722,2017-11-10,2025-09-30,1916,181760,True,utf-8,aa9e7a10ed467196ef7cb2b096d6633d58b3461d71445b8dc7c36202a526350e
/Users/mic/Downloads/20250930/sz002833.csv,sz002833.csv,sz,002833,2016-12-28,2025-09-30,2129,210161,True,utf-8,f383beb996a1078c0bf89f8618620158a5b9e2dd1d1c777d1cb2b7370e5008d5
/Users/mic/Downloads/20250930/bj832110.csv,bj832110.csv,bj,832110,2022-12-06,2025-09-30,686,65307,True,utf-8,4fef1a40f570e4873744c6f6bcf83fce49f6682634d67e975253e6dfc26f36b2
/Users/mic/Downloads/20250930/sz300044.csv,sz300044.csv,sz,300044,2010-01-20,2025-09-30,3608,340872,True,utf-8,be43f949eaabc33697c013179cbde9e0862dc17a0709353cf1a59c2cd9570c8b
/Users/mic/Downloads/20250930/sz002199.csv,sz002199.csv,sz,002199,2007-12-21,2025-09-30,4082,387375,True,utf-8,d85bdbc0fab6d586bf588aca6a6ae9f6eac17c4e2f2cdd401f1130bab3e7dee1
/Users/mic/Downloads/20250930/sz300050.csv,sz300050.csv,sz,300050,2010-01-20,2025-09-30,3666,349541,True,utf-8,62326eaa67367e9d114ff9e56ee9267d3a4b4f71d289f7703e38a3ee53f36f7c
/Users/mic/Downloads/20250930/bj832662.csv,bj832662.csv,bj,832662,2022-11-28,2025-09-30,692,69803,True,utf-8,72c7751cb9b3a61f735c3e2a92c32a50baf6bfada15f547fa4b9a847333942ce
/Users/mic/Downloads/20250930/sz300736.csv,sz300736.csv,sz,300736,2018-01-09,2025-09-30,1877,181680,True,utf-8,bf6431fec496a35805fb40476b47bc7ead33ab34d7ae51b9f52fe084992f1edd
/Users/mic/Downloads/20250930/sz301428.csv,sz301428.csv,sz,301428,2023-05-19,2025-09-30,578,57119,True,utf-8,eb13916091d03b01999d34365df2e6c7c37ec799dbafd36833b2522d98b1c7fa
/Users/mic/Downloads/20250930/sz002827.csv,sz002827.csv,sz,002827,2016-12-09,2025-09-30,2142,206979,True,utf-8,5cc4b81adfaf795f05ad827e5421e146d98b152553220a5fe8d4ad7275832378
/Users/mic/Downloads/20250930/sz301366.csv,sz301366.csv,sz,301366,2022-09-26,2025-09-30,732,71135,True,utf-8,be889df6fb1629e8663a30fc2126e06f1ef4a9b1e87856168c358c63ba764799
/Users/mic/Downloads/20250930/sh600188.csv,sh600188.csv,sh,600188,1998-07-01,2025-09-30,6534,626960,True,utf-8,1c3a8e26de5f03d58ea2e50b00151096e93a817d1f55e8ba9bcda2360536993f
/Users/mic/Downloads/20250930/sz300078.csv,sz300078.csv,sz,300078,2010-04-30,2025-09-30,3660,354630,True,utf-8,0f05e3dd147e213b555b99b9082e31286cdaa34c9dda6535f131a81e407d1643
/Users/mic/Downloads/20250930/sz301372.csv,sz301372.csv,sz,301372,2023-08-11,2025-09-30,520,51236,True,utf-8,0fa075a3b5431f82ada02b1ffa465aaa5a32b05560db6a3211cf53eb7d2f2409
/Users/mic/Downloads/20250930/sh600822.csv,sh600822.csv,sh,600822,1994-02-04,2025-09-30,7477,696855,True,utf-8,f940fbd27187dd794e45939713762a581eb723890abcf01f2dc3976c6ab8278c
/Users/mic/Downloads/20250930/sh603318.csv,sh603318.csv,sh,603318,2015-04-24,2025-09-30,2362,231786,True,utf-8,706da2474f08ff3bfba2ed0eca47cfe43ef32d8b03ab5d7f99eb6ecad3948e9f
/Users/mic/Downloads/20250930/sz300939.csv,sz300939.csv,sz,300939,2021-01-28,2025-09-30,1134,107057,True,utf-8,1875a284088d39ea205888c77e44098da70965b7fa9bed1c1e398d8c02188193
/Users/mic/Downloads/20250930/sh600611.csv,sh600611.csv,sh,600611,1992-08-07,2025-09-30,8007,749178,True,utf-8,2791356f61a72ff5cc422fe9da27823619af8a7db995ea3be8aa927a5dd47986
/Users/mic/Downloads/20250930/sz002628.csv,sz002628.csv,sz,002628,2011-11-03,2025-09-30,3351,322857,True,utf-8,a15a76cd7d89a1a04f2a36a5f0c9a586a175df087fe194228f66ab275909b9f8
/Users/mic/Downloads/20250930/sz300087.csv,sz300087.csv,sz,300087,2010-05-26,2025-09-30,3486,337986,True,utf-8,c8c5330a317b8a04b6cb20b223db9c8e6890d480cf6c6d4489349791943f0fc2
/Users/mic/Downloads/20250930/sh600177.csv,sh600177.csv,sh,600177,1998-11-19,2025-09-30,6389,616176,True,utf-8,115fb579414806d75b1cb5c652643f9f26ea97acc0f3cef4b0ba32c5b47443ff
/Users/mic/Downloads/20250930/sz301399.csv,sz301399.csv,sz,301399,2023-05-23,2025-09-30,576,56312,True,utf-8,900e3a5d9de2349b9439c3accc44c3fcfb69fdc434a97854faf26a298e92a6d3
/Users/mic/Downloads/20250930/sz000759.csv,sz000759.csv,sz,000759,1997-05-19,2025-09-30,6660,635050,True,utf-8,247ed3d42bd2425f97874b01c23694d05ae1d8418738c4398693faa0bced9c60
/Users/mic/Downloads/20250930/sz000981.csv,sz000981.csv,sz,000981,2000-06-22,2025-09-30,4996,452439,True,utf-8,b521ae8c1740c638ee4aa3c26277a59ccfc0f34c1894e430d093df1524c1c510
/Users/mic/Downloads/20250930/sz000995.csv,sz000995.csv,sz,000995,2000-08-07,2025-09-30,5207,492922,True,utf-8,c9c6709ce315a1387fc6f01f3de921fb47c91cb09caa68519c2fb94102204ed0
/Users/mic/Downloads/20250930/sh688459.csv,sh688459.csv,sh,688459,2022-10-12,2025-09-30,725,68347,True,utf-8,d9c8ec368bdb9eeaa3b6be14abca0bdaa58191b63fc047b320ac0b16ad06d731
/Users/mic/Downloads/20250930/sz300093.csv,sz300093.csv,sz,300093,2010-07-08,2025-09-30,3441,334952,True,utf-8,852707c37d64789c12ecf33565a1879061e6c2f3e4c4f07be1393c26ae839d00
/Users/mic/Downloads/20250930/sh600163.csv,sh600163.csv,sh,600163,1998-06-02,2025-09-30,6387,613684,True,utf-8,8d6f73c50df9c93783e1994b60178703f5f44e62e15509d29bbdd38ac9fc1197
/Users/mic/Downloads/20250930/sh600605.csv,sh600605.csv,sh,600605,1992-05-08,2025-09-30,7986,720293,True,utf-8,5f6aef2963807d7beda73c67e0648209e6ad02def41d00fb3ff38e774252a433
/Users/mic/Downloads/20250930/sz001335.csv,sz001335.csv,sz,001335,2025-04-15,2025-09-30,117,11357,True,utf-8,87be492ef0ef1a218b4b758f6d088d802a385c1ea82d35f08ea1452f0a65f1eb
/Users/mic/Downloads/20250930/sz300905.csv,sz300905.csv,sz,300905,2020-11-05,2025-09-30,1183,118458,True,utf-8,f9a311d59bd007711c857c68337ccca82cb05ffb3371d7c6a48591ea7f567021
/Users/mic/Downloads/20250930/sz002614.csv,sz002614.csv,sz,002614,2011-09-09,2025-09-30,3378,326066,True,utf-8,ceb546aa76bea38b5d3ab44aa714ca369898507b104a6c3b2521a1f45c1ea6c8
/Users/mic/Downloads/20250930/sh688317.csv,sh688317.csv,sh,688317,2021-01-18,2025-09-30,1142,114258,True,utf-8,0ddf12cef39a9697d69fd32d3ed89ff4324df47c0b2b5596555739ab64ad250f
/Users/mic/Downloads/20250930/sh603324.csv,sh603324.csv,sh,603324,2021-04-07,2025-09-30,1091,106316,True,utf-8,ac93fecc4334f80c85cc97f367cfcfed8a24ff5b4431ff372821430e16487ca2
/Users/mic/Downloads/20250930/sh605033.csv,sh605033.csv,sh,605033,2021-09-16,2025-09-30,979,94857,True,utf-8,0828935a730467612339dafae3205e87b8b4cf800b612a964112bffb83414d95
/Users/mic/Downloads/20250930/sz002172.csv,sz002172.csv,sz,002172,2007-09-21,2025-09-30,4267,408119,True,utf-8,1581fb6fc4cb020c61ee35ef7ebf5dee335a326974154fb12651475dd791d4c9
/Users/mic/Downloads/20250930/sz002166.csv,sz002166.csv,sz,002166,2007-09-13,2025-09-30,4250,403593,True,utf-8,bc7e49d7a423e491202df3dfe0b2e85e9923a6d18793c9f34f92b5c30c0976ec
/Users/mic/Downloads/20250930/sh603456.csv,sh603456.csv,sh,603456,2014-10-10,2025-09-30,2635,260388,True,utf-8,32185b2af6634d6ee29523bb9408bd602190b77ee4fedd0f94aca42684e24875
/Users/mic/Downloads/20250930/sz001309.csv,sz001309.csv,sz,001309,2022-07-01,2025-09-30,792,75058,True,utf-8,06cd7a4ce4e807d0a4c7758e0e86c92c9d1b7b3a5ad08b02bec0fb9438e191a4
/Users/mic/Downloads/20250930/sh688303.csv,sh688303.csv,sh,688303,2021-07-22,2025-09-30,1019,101424,True,utf-8,5f941e226fc8740b5a26aa18a9ecd37638a63bb7e1ca7f27b2017f79715fe813
/Users/mic/Downloads/20250930/sh603330.csv,sh603330.csv,sh,603330,2017-02-13,2025-09-30,2085,200975,True,utf-8,d7755cf17e30a97238faf7bbefe4e91c3ffe6dfe4876f460818089c7cc200534
/Users/mic/Downloads/20250930/sz000017.csv,sz000017.csv,sz,000017,1992-03-31,2025-09-30,7023,655495,True,utf-8,ec9c03ee1a95390f1bcdd52f34a540e743cd14c25570757ec2c263377a2dc3c7
/Users/mic/Downloads/20250930/sz300911.csv,sz300911.csv,sz,300911,2020-12-03,2025-09-30,1173,115332,True,utf-8,f9577386018ea63876cd59bbc6cf8d6e8e86d00827f1fb8ac6e0b690e82d0187
/Users/mic/Downloads/20250930/sh600639.csv,sh600639.csv,sh,600639,1993-03-26,2025-09-30,7804,741463,True,utf-8,ca6480891505f4e9fc4c5632f9505e1096efe99f991f6735d7a44bf608838bf3
/Users/mic/Downloads/20250930/sz002600.csv,sz002600.csv,sz,002600,2011-07-15,2025-09-30,3199,311034,True,utf-8,c7db86743623b5b5291c53ffd404fcf2d875e294850aad133564fd63e97100b0
/Users/mic/Downloads/20250930/sz300246.csv,sz300246.csv,sz,300246,2011-07-19,2025-09-30,3449,336394,True,utf-8,ab1452c4279b19e9fef8e6201714b330e5ad013261a07974f570272bc6223efb
/Users/mic/Downloads/20250930/sz301158.csv,sz301158.csv,sz,301158,2022-01-17,2025-09-30,900,87643,True,utf-8,7502f3229a56c986d3b91b7f66b2e94ab7f7f80a022ca9314773553b9406ac90
/Users/mic/Downloads/20250930/sz000598.csv,sz000598.csv,sz,000598,1996-05-29,2025-09-30,7027,672842,True,utf-8,741734ec2d84fe62f1326ddfbc9c7b8056c5e5b84d0acdec60381fe48cdd2989
/Users/mic/Downloads/20250930/sh603867.csv,sh603867.csv,sh,603867,2019-06-27,2025-09-30,1523,151189,True,utf-8,909fd587cc959d98c7e66da92e6feba1a132bc34b9d06c14936e413f39b456ad
/Users/mic/Downloads/20250930/bj430198.csv,bj430198.csv,bj,430198,2012-12-31,2025-09-30,1833,172466,True,utf-8,97af9c213b230f32656d38fd59cad3a1e1f32ef43efc1e2ea656632c0206b420
/Users/mic/Downloads/20250930/sh601916.csv,sh601916.csv,sh,601916,2019-11-26,2025-09-30,1415,139089,True,utf-8,c13ee1774e18ae96593f162ec99c05f44915c59b84383558c5bc06afd1a367e4
/Users/mic/Downloads/20250930/sz300520.csv,sz300520.csv,sz,300520,2016-07-08,2025-09-30,2234,223740,True,utf-8,8b5a40269f5456504c286be2ea0f1890971beefae2622026170923dcccebe7a2
/Users/mic/Downloads/20250930/sz300534.csv,sz300534.csv,sz,300534,2016-09-13,2025-09-30,2183,209338,True,utf-8,883b4f490c444e8b85dd42ba1be5369db144a17bce5a0546489393525c83a183
/Users/mic/Downloads/20250930/sh688698.csv,sh688698.csv,sh,688698,2020-12-29,2025-09-30,1155,112478,True,utf-8,ade85e91660bccf5b5dd9502afee7d691338d71842894d9109c2b3c6b5be20ce
/Users/mic/Downloads/20250930/sz300252.csv,sz300252.csv,sz,300252,2011-08-18,2025-09-30,3287,318510,True,utf-8,2d2c7182610ad08b611a05f03d14694503ec052c8d38d1cfd6567c9536d592e8
/Users/mic/Downloads/20250930/sh603683.csv,sh603683.csv,sh,603683,2017-10-20,2025-09-30,1933,184158,True,utf-8,6080fb90ed4c40b0b0f08af9207be06c0e6c9d4ce965c0e88ea568407087c823
/Users/mic/Downloads/20250930/bj833030.csv,bj833030.csv,bj,833030,2023-11-02,2025-09-30,467,44785,True,utf-8,087f9d88dc0bd54fffc13d395e41f9b27ae6403e321f036c8348bd9b39c5cc74
/Users/mic/Downloads/20250930/bj831627.csv,bj831627.csv,bj,831627,2023-09-07,2025-09-30,501,48029,True,utf-8,63fb4ee74a5c47f5c220b933078910dc495a79fa810ca56fc302cdf6c3627e0c
/Users/mic/Downloads/20250930/sz301602.csv,sz301602.csv,sz,301602,2025-01-22,2025-09-30,169,17300,True,utf-8,2b21bea775f9e4d273c18eb419d27853229f13c0f8880ea1c3993b227c8d578a
/Users/mic/Downloads/20250930/sh605580.csv,sh605580.csv,sh,605580,2021-08-19,2025-09-30,999,92427,True,utf-8,ad42a1f98b96140235462f05fc80e5d767d48d3a833bb465e127a51354044527
/Users/mic/Downloads/20250930/sz301616.csv,sz301616.csv,sz,301616,2025-03-27,2025-09-30,129,11293,True,utf-8,d0a5d21b9cee1510097a25b7196f78135a0adc83146e58efe3d90bf85e1380c0
/Users/mic/Downloads/20250930/sz300508.csv,sz300508.csv,sz,300508,2016-04-19,2025-09-30,2296,224428,True,utf-8,7c23635061fef46d27ced713182de0a7955cecb2f76af735a965d23abdf61d45
/Users/mic/Downloads/20250930/bj838171.csv,bj838171.csv,bj,838171,2022-06-02,2025-09-30,812,76995,True,utf-8,9a7b34e951d3ec519da00cd830ad4cce8b33bb387b3844f1627b7533a0df226e
/Users/mic/Downloads/20250930/bj837242.csv,bj837242.csv,bj,837242,2017-04-17,2025-09-30,1334,126218,True,utf-8,80440b95f21e6ef6d6d23172965ad2be9ad4dac3e651d26e38964c373fdcbed3
/Users/mic/Downloads/20250930/sz301170.csv,sz301170.csv,sz,301170,2023-06-27,2025-09-30,553,52391,True,utf-8,a0124ac5e424173dd7ac49652bc2b71d4550061c011a7b1977e5c40987b32648
/Users/mic/Downloads/20250930/sh603697.csv,sh603697.csv,sh,603697,2019-05-08,2025-09-30,1558,152541,True,utf-8,9768ae3c4aaf781f9a33811d402bca8626ba9fe5a0fcf1f72fa7154e97f824ef
/Users/mic/Downloads/20250930/sh600375.csv,sh600375.csv,sh,600375,2003-04-01,2025-09-30,5157,490060,True,utf-8,aed5da23e14a54bfce3a8ec6564321de4bdfbdffaae2856a370bc2dd07f0643a
/Users/mic/Downloads/20250930/sz300285.csv,sz300285.csv,sz,300285,2012-01-13,2025-09-30,3198,314051,True,utf-8,c0f80d3a3534c83653d7b729866111fc698191dac6938cc7cdec54d099a5193f
/Users/mic/Downloads/20250930/sh688129.csv,sh688129.csv,sh,688129,2020-10-23,2025-09-30,1202,120154,True,utf-8,4695a93dbcd4871c267150ca88167d0478f25d9042a92a2fae6f7eb5b4bbbaaa
/Users/mic/Downloads/20250930/sh600361.csv,sh600361.csv,sh,600361,2001-11-29,2025-09-30,5689,543167,True,utf-8,1ec0fcbfa574eeba25ca351b2b8582c6ca89e2082bad5a656f700ae2d50ad397
/Users/mic/Downloads/20250930/sz300291.csv,sz300291.csv,sz,300291,2012-02-09,2025-09-30,3090,296957,True,utf-8,a3970aab80d2bd7ac63693201f3d2d14a9e3865483685fbcfa66ab9da42e3974
/Users/mic/Downloads/20250930/sz002358.csv,sz002358.csv,sz,002358,2010-02-10,2025-09-30,3579,345258,True,utf-8,3ab92f9859b92377955a3f17310cce8a521e25a679dd273dc981f12dfe861015
/Users/mic/Downloads/20250930/sh603668.csv,sh603668.csv,sh,603668,2017-01-17,2025-09-30,2116,208155,True,utf-8,a91e1d98bc31100ca6171ba290a7191f4a9fcde3627b971592c8777525edf5d0
/Users/mic/Downloads/20250930/sz002370.csv,sz002370.csv,sz,002370,2010-03-16,2025-09-26,3646,349854,True,utf-8,79d92fa3de0d878a8a05d5abe05544d9be188a08dabf6a694ce3e44b731a544a
/Users/mic/Downloads/20250930/sh603898.csv,sh603898.csv,sh,603898,2015-02-17,2025-09-30,2506,243453,True,utf-8,0d5761d144a10c1d6a48eb7f924d5ce1f1ededed968487080e18370f8b9feaca
/Users/mic/Downloads/20250930/sz000567.csv,sz000567.csv,sz,000567,1994-05-25,2025-09-30,7494,704053,True,utf-8,1ea87365f97f55b156355f886a5520b52824c280c6e0210a334735d9c2d88147
/Users/mic/Downloads/20250930/sh603126.csv,sh603126.csv,sh,603126,2014-07-31,2025-09-30,2658,252806,True,utf-8,19a7793a035ce68008c3f146dad66b4a506879d705407f777b6aec980a60625f
/Users/mic/Downloads/20250930/sh688115.csv,sh688115.csv,sh,688115,2022-03-14,2025-09-30,855,82788,True,utf-8,10f362e9497b44f3ba654f5afd38eb0150e553e3c905f4fe52526c036c3a7b13
/Users/mic/Downloads/20250930/sz002416.csv,sz002416.csv,sz,002416,2010-05-28,2025-09-30,3652,350003,True,utf-8,d6b0c22a86a87a228ae537bde1cde5433f242c25f81d9881b214f94d8bff9307
/Users/mic/Downloads/20250930/sz002402.csv,sz002402.csv,sz,002402,2010-05-11,2025-09-30,3713,360300,True,utf-8,25c2a4cf6b847bb43106eb4d829ede2d961e1d7bb8fc2d03aaa4fd61c6b4cdc8
/Users/mic/Downloads/20250930/sh603132.csv,sh603132.csv,sh,603132,2022-02-22,2025-09-30,879,86227,True,utf-8,be5adf69129b9da39ad7d6009f0caccc52549375abbbaef1e3322685f7a63713
/Users/mic/Downloads/20250930/sh688101.csv,sh688101.csv,sh,688101,2019-11-15,2025-09-30,1428,140225,True,utf-8,caa1eae47e7b5a913635564c779db654a64050db970866fdcd99d6809e1773e7
/Users/mic/Downloads/20250930/bj833781.csv,bj833781.csv,bj,833781,2022-12-26,2025-09-30,672,63813,True,utf-8,54d2a37179faa6a0558b2f98d7c46bddbe0fafe8c91cbb0b09a3cc22a0cb6cfa
/Users/mic/Downloads/20250930/sh688667.csv,sh688667.csv,sh,688667,2021-03-12,2025-09-30,1099,108074,True,utf-8,0f6f712970cd1d66c0550483a2385736766d832f3fd1621cb17fd40f3879c6ba
/Users/mic/Downloads/20250930/bj834950.csv,bj834950.csv,bj,834950,2023-01-11,2025-09-30,661,61059,True,utf-8,f1be4f8539c72c110e0049b678efbd796e2a0286efcb93fab9953e1020c8cec3
/Users/mic/Downloads/20250930/sz000573.csv,sz000573.csv,sz,000573,1994-08-15,2025-09-30,7498,712044,True,utf-8,48b5b552f1a18f03b0d8c4965cf480e28efb6c40ba2fd2b63ac696ac43200fde
/Users/mic/Downloads/20250930/sz002364.csv,sz002364.csv,sz,002364,2010-03-05,2025-09-30,3724,361480,True,utf-8,109078128acda7500dc9f81666c849c315a80a7b78f4996a83fd863c5f31f41e
/Users/mic/Downloads/20250930/sz300295.csv,sz300295.csv,sz,300295,2012-03-15,2025-09-30,3148,310610,True,utf-8,2b2761aa121d275cd50e53c9a0b1e5780c6b9f46c681c5541b749b488c798bd7
/Users/mic/Downloads/20250930/sz003042.csv,sz003042.csv,sz,003042,2021-04-06,2025-09-30,1092,106443,True,utf-8,0fe819adc002a05381365e2afb2fecf914ced23aadc750363b8d1d98c517cbdf
/Users/mic/Downloads/20250930/sh600365.csv,sh600365.csv,sh,600365,2001-01-15,2025-09-30,5669,513983,True,utf-8,baea5a6cfd10f7232de4cbcca9cf5fb9369391b98103618fb3b44645caf51560
/Users/mic/Downloads/20250930/sh600403.csv,sh600403.csv,sh,600403,2003-10-09,2025-09-30,5168,492705,True,utf-8,4e95ac294ad635694d1b306c0083d1a8d8ce4d6f0ebf71911e557b4151a3214c
/Users/mic/Downloads/20250930/sh688139.csv,sh688139.csv,sh,688139,2019-10-25,2025-09-30,1433,143533,True,utf-8,b892436eee155ebb8f34bae2e1c30aa68606656edc3790418b24ccab1d16090f
/Users/mic/Downloads/20250930/sz300281.csv,sz300281.csv,sz,300281,2011-12-29,2025-09-30,3286,309400,True,utf-8,56f6ff7296415f610236e5e0ca31ab5633f432d4b0eaf19a4c214545386eaa41
/Users/mic/Downloads/20250930/sz002348.csv,sz002348.csv,sz,002348,2010-02-03,2025-09-30,3660,350234,True,utf-8,7257c80848d4271ae980095d36f74d6223268df0c4dc51688147464a35e5f791
/Users/mic/Downloads/20250930/sh600371.csv,sh600371.csv,sh,600371,2002-09-16,2025-09-30,5485,521049,True,utf-8,e7f3cdf3800ab44c7d1652288ce7b6f4471294d25d9baebe3226d9f3cc0ed623
/Users/mic/Downloads/20250930/sh603678.csv,sh603678.csv,sh,603678,2015-01-26,2025-09-30,2583,257630,True,utf-8,b6ac6cd3b4032bb2aa27d5554f41dae86c61c3cf8a4880b84a1939ba8735f0e4
/Users/mic/Downloads/20250930/sz002360.csv,sz002360.csv,sz,002360,2010-03-03,2025-09-30,3686,347931,True,utf-8,68a633cdba332f9b8fb5160498b0b8e85780e992e1cc03f353a2a4fa4f55e58d
/Users/mic/Downloads/20250930/sh600359.csv,sh600359.csv,sh,600359,1999-04-29,2025-09-30,6225,589572,True,utf-8,d42969d7aef7486df01ea4fd38aa77cd484d64349798ed01ec50dfdf3d1a1a99
/Users/mic/Downloads/20250930/sh603650.csv,sh603650.csv,sh,603650,2018-06-27,2025-09-30,1766,174929,True,utf-8,9e84a6a9f1ae8e7bd6d964d22868451362a8514c493e4641e87080d7d7327101
/Users/mic/Downloads/20250930/sh603888.csv,sh603888.csv,sh,603888,2016-10-28,2025-09-30,2170,214792,True,utf-8,4c4ee2b763d1299e753008e7539d612e6336b147f816ef079bee16b883ac8553
/Users/mic/Downloads/20250930/sh688663.csv,sh688663.csv,sh,688663,2021-04-13,2025-09-30,1087,108776,True,utf-8,2e9f7c9c04e780f8a59e328bab6f407875645bbec844ed9f36a53db62c3c5ba8
/Users/mic/Downloads/20250930/sh688105.csv,sh688105.csv,sh,688105,2021-11-15,2025-09-30,944,93114,True,utf-8,91a2fc95e8fd7b828fa24afe870a31d3a9550f76e805d2da468d158e116ac49e
/Users/mic/Downloads/20250930/sh603136.csv,sh603136.csv,sh,603136,2017-09-27,2025-09-30,1945,184406,True,utf-8,cb3261356e3d7138e68db4b41588aaf12da06ede482ce03cbcf485629a2570bd
/Users/mic/Downloads/20250930/sz002406.csv,sz002406.csv,sz,002406,2010-05-18,2025-09-30,3707,352385,True,utf-8,9a87733fd0e8c18414330f25fc16948e41c319e82606ad95359f90a882df18c6
/Users/mic/Downloads/20250930/sz002412.csv,sz002412.csv,sz,002412,2010-05-25,2025-09-30,3604,340147,True,utf-8,3fba4db96aaa9c7778d7c0fcdddf321b4f2156eda8ced08f08e095491072cbb2
/Users/mic/Downloads/20250930/sh688111.csv,sh688111.csv,sh,688111,2019-11-18,2025-09-30,1427,149314,True,utf-8,04bcd0ce963d4ff36b8971594004273c1249aa55e9a34e9da727e44d9f1102f6
/Users/mic/Downloads/20250930/sh603122.csv,sh603122.csv,sh,603122,2022-02-16,2025-09-30,883,84274,True,utf-8,78fd6711fd26e9cea4f8f7c2b6e8be843600f825f0130c36d47a80b2502925bc
/Users/mic/Downloads/20250930/sz000563.csv,sz000563.csv,sz,000563,1994-01-10,2025-09-30,7494,714501,True,utf-8,fc0e9b11e6b56373cd5d86312fe23c30f5e3ba6b069511293d2d921db7f7edb2
/Users/mic/Downloads/20250930/sh688677.csv,sh688677.csv,sh,688677,2021-02-26,2025-09-30,1118,108835,True,utf-8,84e6cc950f2da0b19831cbcfc5b541fac060457a85ca939d671d79e0e841abad
/Users/mic/Downloads/20250930/sz002374.csv,sz002374.csv,sz,002374,2010-03-18,2025-09-30,3670,350786,True,utf-8,f7ee8ab18d2d9ca15a6281e4282a4be618f89ee78075da8e057b05cd912d667a
/Users/mic/Downloads/20250930/sz301148.csv,sz301148.csv,sz,301148,2022-04-21,2025-09-30,839,81485,True,utf-8,7d7a721c9c79c31794cc7905f07c192f9ab78883e1821afd8d1f9f7863f30499
/Users/mic/Downloads/20250930/sz300256.csv,sz300256.csv,sz,300256,2011-08-19,2025-09-30,3269,310700,True,utf-8,6bb94488aef3b90299e95311662cceebaff8b272e68993f035c0a329b96a6acb
/Users/mic/Downloads/20250930/sz001696.csv,sz001696.csv,sz,001696,1997-03-06,2025-09-30,6601,626417,True,utf-8,088a1c5c94d91d42eb769ea0d28a74087cb85a44ae209039fbef0834f3ce858c
/Users/mic/Downloads/20250930/sh603877.csv,sh603877.csv,sh,603877,2017-01-09,2025-09-30,2119,208677,True,utf-8,8344bb6382f7935e63719ad0b95e632e36ae4cfc3ce69cdc86dd7dc6a6a8aa11
/Users/mic/Downloads/20250930/sz300530.csv,sz300530.csv,sz,300530,2016-08-09,2025-09-30,2211,214420,True,utf-8,1b81da4ba572f071fb35bf112861c2886a4da27ce8330f744de78dbf4e55de35
/Users/mic/Downloads/20250930/bj920060.csv,bj920060.csv,bj,920060,2024-11-19,2025-09-30,214,21530,True,utf-8,c447591606ab8b8c510de97b5f8fe3c078ea28c27439b54a38098ef315710070
/Users/mic/Downloads/20250930/sh603863.csv,sh603863.csv,sh,603863,2019-06-21,2025-09-30,1520,147463,True,utf-8,6674f94df524b6e7d602222a819fb41f5caed5d177b0bd17bbe474cd08863520
/Users/mic/Downloads/20250930/sz300242.csv,sz300242.csv,sz,300242,2011-07-12,2025-09-30,3172,300242,True,utf-8,97407a6046a7241541e51ce58d32b79e6500b3458ed9a29ee9bc0a41fca4aacc
/Users/mic/Downloads/20250930/sh603693.csv,sh603693.csv,sh,603693,2018-07-03,2025-09-30,1753,171045,True,utf-8,876ece75346306dfcefb2e10f8a6db8723388494560a8dc36190eab57d8c69bb
/Users/mic/Downloads/20250930/sz001872.csv,sz001872.csv,sz,001872,2018-12-26,2025-09-30,1642,163926,True,utf-8,908a94616ac8e0b45223d848941e273a8845b84ce999f1b849ff60d778a4ea7d
/Users/mic/Downloads/20250930/sz300518.csv,sz300518.csv,sz,300518,2016-06-24,2025-09-30,2117,209093,True,utf-8,4e95c9e3dbb36a215d1183489dff999f42804444f74edad833f1c036b91d3d95
/Users/mic/Downloads/20250930/sz301606.csv,sz301606.csv,sz,301606,2024-07-26,2025-09-30,289,28215,True,utf-8,d2f155b5b913e743591be95a19f12ef77f35370ad34a876d4720fd2489e1875c
/Users/mic/Downloads/20250930/sz301160.csv,sz301160.csv,sz,301160,2022-06-06,2025-09-30,811,78633,True,utf-8,edc4194fef1eb862493d6f42dbe8706213ae962d25ebd1424bc86d6abff2e532
/Users/mic/Downloads/20250930/sh603687.csv,sh603687.csv,sh,603687,2019-07-26,2025-09-30,1502,142334,True,utf-8,bface2cc08bdd672c39a83cb124abb82446d03102b429d6565cc51917d8332ab
/Users/mic/Downloads/20250930/sh603308.csv,sh603308.csv,sh,603308,2014-01-22,2025-09-30,2777,272143,True,utf-8,3dde8891e69ca8902af1262f24e005dd1dacf66e311f96c20fce7fdd87f6a379
/Users/mic/Downloads/20250930/sz001331.csv,sz001331.csv,sz,001331,2022-09-08,2025-09-30,743,70182,True,utf-8,e38ea80dca86f37393b2973d6dc8f58f5473536242ca9aafd829e05d129d0d6a
/Users/mic/Downloads/20250930/sz002638.csv,sz002638.csv,sz,002638,2011-11-25,2025-09-30,2994,293380,True,utf-8,001840aaf5e1bbdfb4d9aa36c5e6bb15f911704b02ae56fde47a2e716df1d2e1
/Users/mic/Downloads/20250930/sz300929.csv,sz300929.csv,sz,300929,2021-01-20,2025-09-30,1140,109757,True,utf-8,380b0b9a5ec1289f6ca893581d244b82cf650b4ef3192f7d1801eb6984d0ef52
/Users/mic/Downloads/20250930/sh600601.csv,sh600601.csv,sh,600601,1990-12-19,2025-09-30,8364,787079,True,utf-8,bacb5c599ac689119cf8b6dc3abc80da6b84ad6d911accbc55b5d38d3f0ba31d
/Users/mic/Downloads/20250930/sz301389.csv,sz301389.csv,sz,301389,2022-10-31,2025-09-30,712,69346,True,utf-8,39abfb20c56221c13b4079bdb367f67edab77c9729ffe73b5e5b9adf3fca3ebd
/Users/mic/Downloads/20250930/sh600167.csv,sh600167.csv,sh,600167,1999-01-28,2025-09-30,6198,581210,True,utf-8,79cd46fd15d672278532708330f96382fc6fadc388c2c614a2a1719ca664854f
/Users/mic/Downloads/20250930/sz300097.csv,sz300097.csv,sz,300097,2010-07-28,2025-09-30,3585,342517,True,utf-8,0e4296b56960f2e92e011dc5246f005f56feee8686310708939fd44a8ab0e36a
/Users/mic/Downloads/20250930/sh601279.csv,sh601279.csv,sh,601279,2021-04-15,2025-09-30,1085,106812,True,utf-8,b6b95811fa82e0d1ebe615202154cbe9229759f53d64247ea5e99ae016123b62
/Users/mic/Downloads/20250930/sh688449.csv,sh688449.csv,sh,688449,2024-11-29,2025-09-30,206,19899,True,utf-8,614002f07168206b1b72ed2b198ce4f9b0bf2900bb569ad0728356d9843eb447
/Users/mic/Downloads/20250930/sz000985.csv,sz000985.csv,sz,000985,2000-07-26,2025-09-30,6062,576588,True,utf-8,e29cda921efcdf328e2106045c3ff74116f7864d360e4ab9a1dee8c09a2c48ab
/Users/mic/Downloads/20250930/sh600173.csv,sh600173.csv,sh,600173,1999-04-15,2025-09-30,6042,562589,True,utf-8,3675b6b0b325b758c6d7127dc2a09ada6b3511950f77578649663f40751ec759
/Users/mic/Downloads/20250930/sz300083.csv,sz300083.csv,sz,300083,2010-05-20,2025-09-30,3602,343529,True,utf-8,5d9fdd536ba0399697a7ca4a93363807041add91d4034683317fcd21f69b77dd
/Users/mic/Downloads/20250930/sh600615.csv,sh600615.csv,sh,600615,1992-09-10,2025-09-30,7603,713704,True,utf-8,501020a66f201d6b559f3ee39a97dba8b4390addb66e1212eea5aa496a45d9bd
/Users/mic/Downloads/20250930/sz300915.csv,sz300915.csv,sz,300915,2020-12-02,2025-09-30,1174,112571,True,utf-8,619b86e03507d9ab5e43828c9d75da19083ce1cf8d318af45805b5b736309ef4
/Users/mic/Downloads/20250930/sh688307.csv,sh688307.csv,sh,688307,2023-02-16,2025-09-30,640,62537,True,utf-8,a8bb4485bf65836ffff5c028ed0ea70ca07fcbea84805f1426dc4a911b765319
/Users/mic/Downloads/20250930/sz002162.csv,sz002162.csv,sz,002162,2007-08-23,2025-09-30,4245,404329,True,utf-8,093a847e88a4ac46497fcb9a91d38efe9b53ce941ef776102a71eabdccb1c3ce
/Users/mic/Downloads/20250930/sz002176.csv,sz002176.csv,sz,002176,2007-10-12,2025-09-30,4209,409488,True,utf-8,96e4b498bb9194940e723757a66df448511131889f9ebe0e258b7b7fa241ddf3
/Users/mic/Downloads/20250930/sh688475.csv,sh688475.csv,sh,688475,2022-12-28,2025-09-30,670,66195,True,utf-8,630417954951f20b10a2e97680210afea258aac7498f47f6d8ffbb569cca88ac
/Users/mic/Downloads/20250930/sz000761.csv,sz000761.csv,sz,000761,1998-01-15,2025-09-30,6580,627360,True,utf-8,896ba73657a61b5aba0cfaa5b13e05661f7e76da96c0ed96087e0e1f80cbf02d
/Users/mic/Downloads/20250930/sh603320.csv,sh603320.csv,sh,603320,2017-05-02,2025-09-30,2049,197911,True,utf-8,4f586b981c7187a2d0bdea332e2619735384e8eaff46ff017b1cbe58ff20e8c3
/Users/mic/Downloads/20250930/sz000007.csv,sz000007.csv,sz,000007,1992-04-13,2025-09-30,7426,694213,True,utf-8,d14ffa90aee112a4a1f942b987f51aee04f787b28e2ace17b3ea4ba142ef238f
/Users/mic/Downloads/20250930/sz001319.csv,sz001319.csv,sz,001319,2022-05-12,2025-09-30,827,81053,True,utf-8,7a7aeed147e120d685a52551f70ca7bad1c8cd112d63b9e08da8da1836e9ba70
/Users/mic/Downloads/20250930/sh688313.csv,sh688313.csv,sh,688313,2020-08-12,2025-09-30,1239,121592,True,utf-8,dfc0704e09d70aa051a0f846b5a5e3e7828ee3f6d0aae37a899cac05db3c36dc
/Users/mic/Downloads/20250930/sz300901.csv,sz300901.csv,sz,300901,2020-10-29,2025-09-30,1198,113986,True,utf-8,b0aeb3bd6c021d3deead1913f43585ccb4083d009124ac4da40d30882b2d7e17
/Users/mic/Downloads/20250930/sh600629.csv,sh600629.csv,sh,600629,1993-02-09,2025-09-30,7169,673271,True,utf-8,35fb3cb2192719beed5c9c7719e86b35f3d11058ddb2ef7f0c3492dc8c07f996
/Users/mic/Downloads/20250930/sz002823.csv,sz002823.csv,sz,002823,2016-11-24,2025-09-30,2136,208290,True,utf-8,56c9620acd1f17f183d81041806ea457315ed50a28f2045b39af85745d3b452f
/Users/mic/Downloads/20250930/sz300732.csv,sz300732.csv,sz,300732,2017-12-12,2025-09-30,1852,176772,True,utf-8,73e4523db1a75a9967aa5a8ec4ee78e05f1ef4bcb141f4b6b26eea17a7557a78
/Users/mic/Downloads/20250930/sz000952.csv,sz000952.csv,sz,000952,1999-11-12,2025-09-30,6081,570469,True,utf-8,c813bcedf0ea5a69abc92f5a08a906ae930a663a5bb8877df9ec92d00493a31b
/Users/mic/Downloads/20250930/sz300054.csv,sz300054.csv,sz,300054,2010-02-11,2025-09-30,3664,357714,True,utf-8,89940e2fd4b8105619a64fedd0d83698a70ab6c019b7b17330f4d05fba4bd02b
/Users/mic/Downloads/20250930/sz002189.csv,sz002189.csv,sz,002189,2007-12-03,2025-09-30,4135,399969,True,utf-8,7c8db5a3c895052d5b3f08ea6126a573f6c5a8fea44f916792fa2d35f61ac747
/Users/mic/Downloads/20250930/sz300040.csv,sz300040.csv,sz,300040,2010-01-08,2025-09-30,3584,338794,True,utf-8,f011f102531e772bc09c3ab7b92e04e64f371929169c753dee62866194867fb8
/Users/mic/Downloads/20250930/bj836414.csv,bj836414.csv,bj,836414,2022-12-12,2025-09-30,682,63841,True,utf-8,fc3120119f2d237b30c30d5d2941a4de057a2df8e53c9c385444e32aa2ebd84d
/Users/mic/Downloads/20250930/sz002837.csv,sz002837.csv,sz,002837,2016-12-29,2025-09-30,2052,198140,True,utf-8,e0eb7e05208d4cc9dc5644212d00b3bc224021d88759c22ace030ec6491be8f0
/Users/mic/Downloads/20250930/sz300726.csv,sz300726.csv,sz,300726,2017-11-21,2025-09-30,1911,188732,True,utf-8,5989172c0222247967d13a6e215d3777a1326d810b173447e14f1a705b0d4218
/Users/mic/Downloads/20250930/sh600826.csv,sh600826.csv,sh,600826,1994-02-04,2025-09-30,7616,716600,True,utf-8,048fc6a61b91d34577a6f909880ce95de40c7dfc54c0be4c86063f7a746016e9
/Users/mic/Downloads/20250930/sz300068.csv,sz300068.csv,sz,300068,2010-04-21,2025-09-30,3660,363809,True,utf-8,2f24aedbd0a456417fb1390c2bfc0233b7538e7d5d91f0688cc356a9fc4a302f
/Users/mic/Downloads/20250930/sh600198.csv,sh600198.csv,sh,600198,1998-10-21,2025-09-30,6250,616042,True,utf-8,6f132375a3b94740d67d4b9e327e2629732af62c3286f130eff3922c7df13d5a
/Users/mic/Downloads/20250930/sz301376.csv,sz301376.csv,sz,301376,2023-06-21,2025-09-30,555,55209,True,utf-8,f490599dc3576a3631cca24d5b22b9047754802a4f3fa8d721cac5314e16496c
/Users/mic/Downloads/20250930/sz301362.csv,sz301362.csv,sz,301362,2023-08-04,2025-09-30,525,50659,True,utf-8,45585ca778b755ecdaa396e18b5e12939d4c5562fbfb47834748efde45cd82ac
/Users/mic/Downloads/20250930/sh600775.csv,sh600775.csv,sh,600775,1996-11-18,2025-09-30,6826,646008,True,utf-8,6d10c2f77b6e3c8cb1af83120c357aa92296332a9bf4f7243324e5160bca9f3d
/Users/mic/Downloads/20250930/sz300685.csv,sz300685.csv,sz,300685,2017-08-02,2025-09-30,1985,195623,True,utf-8,625f9c0da01ec80f9e82b7f6b181d5c4d24f84b625703bb91b190623b720890d
/Users/mic/Downloads/20250930/sh688529.csv,sh688529.csv,sh,688529,2020-11-09,2025-09-30,1191,115647,True,utf-8,f8d80e98ec66a2887b92686e825a7c48f23154c5afae107599689454375448d5
/Users/mic/Downloads/20250930/sz000629.csv,sz000629.csv,sz,000629,1996-11-15,2025-09-30,6284,606879,True,utf-8,7aaa52dbb1dfb6def0c0a7252cb130fda235cc19da1ea0ca6e67a033a8bf240c
/Users/mic/Downloads/20250930/sh601319.csv,sh601319.csv,sh,601319,2018-11-16,2025-09-30,1670,164696,True,utf-8,5036c258e0028cfb196b0eab27a8b425d6e13ba3c31811023131258142acd40d
/Users/mic/Downloads/20250930/sh600007.csv,sh600007.csv,sh,600007,1999-03-12,2025-09-30,6387,596925,True,utf-8,fc1a68b2f66965f7d412c6e11b52c6d717911dedcd3cbcb70bd49432e3e971f8
/Users/mic/Downloads/20250930/sz002980.csv,sz002980.csv,sz,002980,2020-04-15,2025-09-30,1328,128725,True,utf-8,04ba48613e1e252595735ae1ae71aa8d70c8cf2a99b7170fbc216331d7443edf
/Users/mic/Downloads/20250930/sh600761.csv,sh600761.csv,sh,600761,1996-10-09,2025-09-30,6977,663989,True,utf-8,e01d296cadf5d1ae861b13bdbeac02feb45900a4b0bd94d96aa2e55be743acff
/Users/mic/Downloads/20250930/sz300849.csv,sz300849.csv,sz,300849,2020-07-10,2025-09-30,1271,126344,True,utf-8,e3b6341554ed26144a2b0cddc203ed1c58d9c5bcaeb65257df541d5ef0afaa4f
/Users/mic/Downloads/20250930/sz002758.csv,sz002758.csv,sz,002758,2015-05-27,2025-09-30,2499,244301,True,utf-8,2f77092c608baf6ebaf6b75e7e98b3cf4f10d219c17e6f27c7d7cef9f29b6d80
/Users/mic/Downloads/20250930/sz300691.csv,sz300691.csv,sz,300691,2017-08-11,2025-09-30,1968,195684,True,utf-8,eee5bea65c0ef194830ff67b8f128dfae67207d73966a0877636d3a89a6b9685
/Users/mic/Downloads/20250930/sh603268.csv,sh603268.csv,sh,603268,2015-03-19,2025-09-30,2428,248022,True,utf-8,607b13d9a67b1f97780e765d80465d7790958894e26f9f43a976a7c7f2a82dd3
/Users/mic/Downloads/20250930/sh600749.csv,sh600749.csv,sh,600749,1996-10-15,2025-09-30,6688,628052,True,utf-8,3d9eb78b4fdb869cd4f366970ce64ac28c6b5ff9eaf6a1cf4768ace12ced8972
/Users/mic/Downloads/20250930/sz300861.csv,sz300861.csv,sz,300861,2020-08-24,2025-09-30,1240,122882,True,utf-8,f4185879604534b40b5dbaf3070d260a4cd52565e7a92547b5004bca0deb5420
/Users/mic/Downloads/20250930/sh688273.csv,sh688273.csv,sh,688273,2022-08-11,2025-09-30,763,73823,True,utf-8,b10d4fc98a4922ede1d99171db03de8f52dac35e88ccd0112ad63efd9358c313
/Users/mic/Downloads/20250930/sz001279.csv,sz001279.csv,sz,001279,2024-10-11,2025-09-30,241,23467,True,utf-8,bbcd315acb9a00f5a78d20e757d9a04a2a78b2c26f988a37d2246fbc3fa977d6
/Users/mic/Downloads/20250930/sz000601.csv,sz000601.csv,sz,000601,1996-08-30,2025-09-30,6920,658129,True,utf-8,b81cede6c2ae5faab2ef8db2d1a3c640a88ffd08edfb724283857ca63356ca0a
/Users/mic/Downloads/20250930/sh688515.csv,sh688515.csv,sh,688515,2023-02-10,2025-09-30,644,64368,True,utf-8,e9e251a165655a68947af6ad2eeda371169b7591d9f747f112402f46c0300072
/Users/mic/Downloads/20250930/sz002016.csv,sz002016.csv,sz,002016,2004-07-08,2025-09-30,5009,476114,True,utf-8,6a3a9fd73f5379d6ef187f3234ae4dd2098f4a0f0c99dcc9cb469e6ff13da760
/Users/mic/Downloads/20250930/sz000615.csv,sz000615.csv,sz,000615,1996-10-16,2025-09-30,6712,631700,True,utf-8,8249ec70affa1e0141cda34865edb30cb7069473d3bae3db45f621144077ca5f
/Users/mic/Downloads/20250930/sh688501.csv,sh688501.csv,sh,688501,2021-07-16,2025-09-30,1023,100364,True,utf-8,c9549f2e253b7a95bb92fdab99fef911db915e7d8810862fc801030ed73c6efd
/Users/mic/Downloads/20250930/sh688267.csv,sh688267.csv,sh,688267,2022-02-16,2025-09-30,883,86521,True,utf-8,235986e5e45d97aa596b584e94ec9bba5bb4b28ca184ec26de582dc5fae2f948
/Users/mic/Downloads/20250930/sz300875.csv,sz300875.csv,sz,300875,2020-08-24,2025-09-30,1220,118143,True,utf-8,6c50123d90f9bc9aa033acb56ffda41d5cfab36c0bd6dabe69e4daccdea62ae6
/Users/mic/Downloads/20250930/sh600985.csv,sh600985.csv,sh,600985,2004-04-28,2025-09-30,4931,465369,True,utf-8,a09ab5b3c7205a1fe5310ad6a9fa95c8af22b635e793a6d93aa331e2572c89d6
/Users/mic/Downloads/20250930/sz301558.csv,sz301558.csv,sz,301558,2023-09-28,2025-09-30,486,46812,True,utf-8,24fa9989f1d3418db0a43476b1c1935d6edfae03be3616026a21c1930008e2f1
/Users/mic/Downloads/20250930/sz002957.csv,sz002957.csv,sz,002957,2019-07-26,2025-09-30,1502,148011,True,utf-8,63ed85d36b718819728c19001b06e1bca957d5c5cb24fc2723552cb6f89645d3
/Users/mic/Downloads/20250930/sz001286.csv,sz001286.csv,sz,001286,2023-04-10,2025-09-30,604,58043,True,utf-8,727ae899b6cd32185e7ab280efce472eca79f0494a46af28119e3c5b654ebe96
/Users/mic/Downloads/20250930/sz000826.csv,sz000826.csv,sz,000826,1998-02-25,2025-09-30,6364,614331,True,utf-8,c65cb0a4a59b98daa47570997515add9da21e123576dd19d18ae6d0e1f93245f
/Users/mic/Downloads/20250930/sz300120.csv,sz300120.csv,sz,300120,2010-09-17,2025-09-30,3534,337539,True,utf-8,27ba3fd4a62c797996a3b807aae11b250e4839496f8c4cd6c70ab28d79419679
/Users/mic/Downloads/20250930/sz300134.csv,sz300134.csv,sz,300134,2010-10-26,2025-09-30,3250,314691,True,utf-8,8aaeeec27c3333fce804235d68cdab7d6b282458781783730f39fe4f8860949e
/Users/mic/Downloads/20250930/sh688298.csv,sh688298.csv,sh,688298,2020-02-05,2025-09-30,1377,137213,True,utf-8,300660039b2405ce8c9d09a027c5189a06dc4a92587d8aed3292ce0ca1f087ee
/Users/mic/Downloads/20250930/sz300652.csv,sz300652.csv,sz,300652,2017-05-16,2025-09-30,2039,201891,True,utf-8,2fd74266f9f8ff599f958319b284702f036270b7140058706ceb9ca5856970c6
/Users/mic/Downloads/20250930/sz002943.csv,sz002943.csv,sz,002943,2018-11-29,2025-09-30,1646,158535,True,utf-8,7afb0b90010ec5c1c72e2569535f48851977497b034118d2e1ead89c1e3b543a
/Users/mic/Downloads/20250930/sh603283.csv,sh603283.csv,sh,603283,2017-12-25,2025-09-30,1881,184556,True,utf-8,dd7d7557e36f5153a861b6e8e543b4380434a28ed8bda3faded3083c7c597310
/Users/mic/Downloads/20250930/sz301202.csv,sz301202.csv,sz,301202,2023-07-05,2025-09-30,547,53184,True,utf-8,ad13fe51416b6ce06502bc2c407bfbbe4b456f09da8d3730216708fc2fe789e1
/Users/mic/Downloads/20250930/sh605180.csv,sh605180.csv,sh,605180,2021-04-30,2025-09-30,1074,101874,True,utf-8,8f5fa08d091025036952197794bd0bb48221b084557080492130f38855227224
/Users/mic/Downloads/20250930/sz301216.csv,sz301216.csv,sz,301216,2022-03-29,2025-09-30,854,83833,True,utf-8,45db5ddab37c40a5d6af97961350d99d29c7ab72ebde255b8cafe38826abbe86
/Users/mic/Downloads/20250930/sh603297.csv,sh603297.csv,sh,603297,2018-09-10,2025-09-30,1713,168077,True,utf-8,6026db454fadcea5fd16cfd3d96fe868db75e9407702d66fca5c60734f7b54cc
/Users/mic/Downloads/20250930/sh605369.csv,sh605369.csv,sh,605369,2020-09-16,2025-09-30,1223,116909,True,utf-8,bda9a057576929ba8f9a53901dd41f55e14644d6d05265ff4e74471ab770cdba
/Users/mic/Downloads/20250930/sh603718.csv,sh603718.csv,sh,603718,2015-05-15,2025-09-30,2488,242847,True,utf-8,fe85ab7b9466af7110664742ba349ceeb8888df8fbcc430c38a60ea83223f2d4
/Users/mic/Downloads/20250930/sh600211.csv,sh600211.csv,sh,600211,1999-07-21,2025-09-30,6114,581023,True,utf-8,45d011e737f5a26a28437b50e9030ef0892d341de8efecab03263370a100b216
/Users/mic/Downloads/20250930/sz002228.csv,sz002228.csv,sz,002228,2008-05-08,2025-09-30,4075,384351,True,utf-8,9fd6494edfa5fb581f322204cd7ada2b49547e0de8d2d3beb7883fbc174aedd7
/Users/mic/Downloads/20250930/sh601669.csv,sh601669.csv,sh,601669,2011-10-18,2025-09-30,3278,326188,True,utf-8,25a8837cc1a91b8154d5d4f37c1ade8c3a64bc78f0c0817bfed0c3c69a76e15c
/Users/mic/Downloads/20250930/sz300487.csv,sz300487.csv,sz,300487,2015-07-02,2025-09-30,2485,242416,True,utf-8,9a94beb26a032bb097851f882ade34fab093e555402d47475415f5a54817b398
/Users/mic/Downloads/20250930/sh600577.csv,sh600577.csv,sh,600577,2002-09-11,2025-09-30,5304,500594,True,utf-8,f26409293a2043863bbb9bf319aff82ba69b34145029214daa14b6fdc0d27f26
/Users/mic/Downloads/20250930/sh688059.csv,sh688059.csv,sh,688059,2021-02-08,2025-09-30,1127,111819,True,utf-8,12bf1be7d9588d1eed18a29b154946bdaba58b23a6a3df74811054cc420500a8
/Users/mic/Downloads/20250930/sz300493.csv,sz300493.csv,sz,300493,2015-12-10,2025-09-30,2377,227164,True,utf-8,7ef7dbab51dfad8ed97f0cbe48b43b2209e1317d8e5bc7c1a5eabe9483235d6a
/Users/mic/Downloads/20250930/sh600563.csv,sh600563.csv,sh,600563,2002-12-10,2025-09-30,5501,527826,True,utf-8,2491b2d659a546b9100d55b5c28038323bc1cd5125d778a8b3385e4991e95ae0
/Users/mic/Downloads/20250930/sz002214.csv,sz002214.csv,sz,002214,2008-02-18,2025-09-30,4121,401369,True,utf-8,adf4de389bd9d703cae9f1ba1022e317a751a2bad396ec486b6d114ac2b13c1c
/Users/mic/Downloads/20250930/sh601133.csv,sh601133.csv,sh,601133,2023-04-10,2025-09-29,603,58929,True,utf-8,898e0b95bc2fc4776a702c9d24f3789ea8c86a04cbde7c49630cea51b8670a91
/Users/mic/Downloads/20250930/sh688717.csv,sh688717.csv,sh,688717,2024-01-03,2025-09-30,424,40390,True,utf-8,82c55292589c1a05ea1a8116b8c98189cdaee6d28050cbfd6e32ea5a0ec9bd40
/Users/mic/Downloads/20250930/sz000403.csv,sz000403.csv,sz,000403,1996-06-28,2025-09-30,5314,504224,True,utf-8,dbf53d1037b797e3a9f0b7fd0aac3af0d9207e659054f7073c135c78b58b6c39
/Users/mic/Downloads/20250930/sh603042.csv,sh603042.csv,sh,603042,2017-06-02,2025-09-30,2026,198089,True,utf-8,e82d82e7d831babd9242af5d379bb7ab476375110d6db235ab40b9436b329495
/Users/mic/Downloads/20250930/sh688071.csv,sh688071.csv,sh,688071,2021-07-29,2025-09-30,1014,98058,True,utf-8,70b97ee1f28c147aacd590173ac53e31bb2ccd09ea5cd22ec1c545478e0093bc
/Users/mic/Downloads/20250930/sz002572.csv,sz002572.csv,sz,002572,2011-04-12,2025-09-30,3487,340806,True,utf-8,495237585b123d92f747e0bb8c166f6520af5665f2237b9a29a71d2dd73d7878
/Users/mic/Downloads/20250930/sz002566.csv,sz002566.csv,sz,002566,2011-03-18,2025-09-30,3468,340485,True,utf-8,7843fe8cc634bddc3e0e9379b0621613bdec2e10ee594a8e83d6e612f004e42c
/Users/mic/Downloads/20250930/sh601899.csv,sh601899.csv,sh,601899,2008-04-25,2025-09-30,4196,419727,True,utf-8,8a7332c7de4a9b9c7221557c2fcfb181b711636f27960f5c111eb684db0497f2
/Users/mic/Downloads/20250930/sh603056.csv,sh603056.csv,sh,603056,2018-01-16,2025-09-30,1861,181915,True,utf-8,db92317186574bd2dee725a2c94e737a04b79089d4f81a0b52bc6fc2bd5b804f
/Users/mic/Downloads/20250930/bj430017.csv,bj430017.csv,bj,430017,2023-05-31,2025-09-30,570,56291,True,utf-8,3d1656efcc8cb8cbecc700a4b0bc2b6678f86d5e3df2be174414aa7426c936fb
/Users/mic/Downloads/20250930/sh688065.csv,sh688065.csv,sh,688065,2020-08-12,2025-09-30,1244,124521,True,utf-8,d272ce925ebf0669a9f1623ef8cc7c28412a4b04f6e9351e8522b2081715195a
/Users/mic/Downloads/20250930/sz000417.csv,sz000417.csv,sz,000417,1996-08-12,2025-09-30,7000,660181,True,utf-8,f0eaece24d4e77949a9032710aea6b6d62b7038388172fe494538f5da94a281f
/Users/mic/Downloads/20250930/sh603730.csv,sh603730.csv,sh,603730,2017-07-28,2025-09-30,1973,186485,True,utf-8,4099329f27429cd880a70fcc20c052111565fa29f7bd4246025f4327e1168174
/Users/mic/Downloads/20250930/sh600239.csv,sh600239.csv,sh,600239,1999-12-02,2025-09-30,5710,547042,True,utf-8,17bd8361b1e1ef03435c4b2b19a89fe76dec06f0387a71e0dae2f4aafc6aef70
/Users/mic/Downloads/20250930/sz002200.csv,sz002200.csv,sz,002200,2007-12-21,2025-09-30,4158,406054,True,utf-8,63092b7a98f2856c94fa71fa3766c232fd86c6b0ee5e2c151b7a124570b9cb78
/Users/mic/Downloads/20250930/sh601127.csv,sh601127.csv,sh,601127,2016-06-15,2025-09-30,2237,226452,True,utf-8,2e5e8c4925720a4b0e9928c394caf0f3b4ac6ad73386f695838a30e639b21691
/Users/mic/Downloads/20250930/sz300322.csv,sz300322.csv,sz,300322,2012-06-08,2025-09-30,2980,292171,True,utf-8,2d4220fcaa17291f1b4479c921d31353a51ce0b759370cf39567c2697a3550e8
/Users/mic/Downloads/20250930/bj920100.csv,bj920100.csv,bj,920100,2025-09-08,2025-09-30,17,1706,True,utf-8,2af3df3841ff883bdc3b51e21b5e15adfe5b3562900d81252b9517e3652fc736
/Users/mic/Downloads/20250930/sh603903.csv,sh603903.csv,sh,603903,2017-03-14,2025-09-30,2079,199279,True,utf-8,30709ae5054cba795f2a3ea225519a88f746b7dbdf3af824e460d7864054763d
/Users/mic/Downloads/20250930/sh601872.csv,sh601872.csv,sh,601872,2006-12-01,2025-09-30,4451,432027,True,utf-8,bd4c8dc6fdd93d1ab7495152fa5fb3a72d3137d259ea0829de7e17262faa6a67
/Users/mic/Downloads/20250930/sz300444.csv,sz300444.csv,sz,300444,2015-04-23,2025-09-30,2435,233797,True,utf-8,cc30ee2c21eab4e418b5d1fadb56d1e289de12a0147a265229c71f4dc2ea3f80
/Users/mic/Downloads/20250930/sh601866.csv,sh601866.csv,sh,601866,2007-12-12,2025-09-30,4210,409942,True,utf-8,bf703d5f9078a78798977580f1776ef8be1ecc6e8e5fe896bcc60b53049f0fd0
/Users/mic/Downloads/20250930/sz300450.csv,sz300450.csv,sz,300450,2015-05-18,2025-09-30,2377,239812,True,utf-8,ea3a3a374c8123438491b2627e0bf410a163f13193b9bb5dd509a41d73fe8c0f
/Users/mic/Downloads/20250930/sz002599.csv,sz002599.csv,sz,002599,2011-07-15,2025-09-30,3359,318242,True,utf-8,16baa8661a15e48ec3becd0f88ad8cd982e11040009ddb74bf1e733fa2e7d0d3
/Users/mic/Downloads/20250930/sh603917.csv,sh603917.csv,sh,603917,2017-12-04,2025-09-30,1902,184112,True,utf-8,d1b9d6ae4367f874b9bc9e2a560291b0787a65e06a36ad07994e7c79e6e349a2
/Users/mic/Downloads/20250930/sz301028.csv,sz301028.csv,sz,301028,2021-07-20,2025-09-30,1021,99715,True,utf-8,d73cd6d50e1081347a3ddac8016cca6c246cd7c4bc25af5116442bacd3a45186
/Users/mic/Downloads/20250930/bj873570.csv,bj873570.csv,bj,873570,2023-11-23,2025-09-30,452,44268,True,utf-8,93f38ba8f4cb3e65162f8c4b979d1fd78c8ebe1fc94d695eb6b2b9cf91f5e245
/Users/mic/Downloads/20250930/sz301000.csv,sz301000.csv,sz,301000,2021-05-28,2025-09-30,1057,102791,True,utf-8,5ce2a89f18c9cad4d2c34b918703c89fe395f3f85943110174cf3c4a45ddf407
/Users/mic/Downloads/20250930/sh600588.csv,sh600588.csv,sh,600588,2001-05-18,2025-09-30,5857,569441,True,utf-8,5e716c5f7f9c4aca4880b9a98a513b289d56242937b68c39081e99990a3cb894
/Users/mic/Downloads/20250930/sz300478.csv,sz300478.csv,sz,300478,2015-06-10,2025-09-30,2412,234638,True,utf-8,66e68fafde2c75932842cab5270f80935fb06110ebad616935c9c81fdeb182ae
/Users/mic/Downloads/20250930/sh601696.csv,sh601696.csv,sh,601696,2020-02-26,2025-09-30,1362,137210,True,utf-8,85ff55fc538c80787db7729136dedfbf7fc087310371f6cd514b1402cb2a7b75
/Users/mic/Downloads/20250930/sh603081.csv,sh603081.csv,sh,603081,2017-04-20,2025-09-30,2056,202540,True,utf-8,2986d6a140d5c91661cc27bd8eff679d90a170765efb79e8f684f79d5653ed20
/Users/mic/Downloads/20250930/sh603095.csv,sh603095.csv,sh,603095,2020-04-15,2025-09-30,1328,127995,True,utf-8,7df1480c74468b6ec85a7250e476b4149745290aaecb036d9641a386ab67ff2d
/Users/mic/Downloads/20250930/bj920128.csv,bj920128.csv,bj,920128,2024-11-29,2025-09-30,206,19947,True,utf-8,2ff4c957e27e214854ffdd96315409540d44157a92671d751124b69dfc0e0d9b
/Users/mic/Downloads/20250930/sz301015.csv,sz301015.csv,sz,301015,2021-06-30,2025-09-30,1035,102856,True,utf-8,36ae561875b6ac34fa7a65ec6b6463591d771b61e3f55cb430cf35b63040588a
/Users/mic/Downloads/20250930/sz301001.csv,sz301001.csv,sz,301001,2021-05-28,2025-09-30,1057,99730,True,utf-8,e2e3b6f6005571fbb055820be3e49d7162030554f0403e1f0f014dc44746f0f8
/Users/mic/Downloads/20250930/sh603080.csv,sh603080.csv,sh,603080,2018-01-03,2025-09-30,1879,183869,True,utf-8,899d02df1e358714886fcd187ac23a5dea47304751bad34611ac5f0484fa0d19
/Users/mic/Downloads/20250930/sz300479.csv,sz300479.csv,sz,300479,2015-06-12,2025-09-30,2409,232798,True,utf-8,42d460171130370b1bae3fffd863ebc2b6cfef8db0eb98d45522072523ace48e
/Users/mic/Downloads/20250930/sh600589.csv,sh600589.csv,sh,600589,2001-06-12,2025-09-30,5695,528772,True,utf-8,b706cc7892da4fb0a121754b6ef9939c5983b060b3e667c20fe7b610314df5ad
/Users/mic/Downloads/20250930/sz002598.csv,sz002598.csv,sz,002598,2011-07-07,2025-09-30,3384,321369,True,utf-8,526d2e105630042d79e3e869aac34da8e2a3e71e14080e248719fa82f3daf8ec
/Users/mic/Downloads/20250930/sz300451.csv,sz300451.csv,sz,300451,2015-05-14,2025-09-30,2453,236827,True,utf-8,eba7c707158c7b23e1ecd5397754026d4392fd9390b90089de19d26280943b8c
/Users/mic/Downloads/20250930/sz301029.csv,sz301029.csv,sz,301029,2021-07-23,2025-09-30,1018,100659,True,utf-8,c9c34015e39ed577908fb339466a2905879f892512f6f86ef0a77ce24db69bfc
/Users/mic/Downloads/20250930/sz300337.csv,sz300337.csv,sz,300337,2012-07-18,2025-09-30,3151,302008,True,utf-8,f6bf2cf319b2e024003eda620475d3f6d8aa757f33dee135a76d7779eedf3ab5
/Users/mic/Downloads/20250930/sh603916.csv,sh603916.csv,sh,603916,2017-11-10,2025-09-30,1918,186772,True,utf-8,99773be806f6856d73924c3ee8f2f0691290bfd1c924313095f3f79f5043dd4d
/Users/mic/Downloads/20250930/bj920101.csv,bj920101.csv,bj,920101,2025-08-14,2025-09-30,34,3339,True,utf-8,fd100c1cb6138dfed5cd302fbebad6b0965ffd60798c366fd90166d931676f96
/Users/mic/Downloads/20250930/sz300323.csv,sz300323.csv,sz,300323,2012-06-01,2025-09-30,2891,276583,True,utf-8,f2860a38a3aebd58e008249243fcb987f57949bb27301ac618a69fe8fab8fe20
/Users/mic/Downloads/20250930/sz300445.csv,sz300445.csv,sz,300445,2015-04-24,2025-09-30,2541,247121,True,utf-8,afcbe7b66b5db7ad525df8ce05dff317dd572a48edf239919826790d929555f3
/Users/mic/Downloads/20250930/sh603057.csv,sh603057.csv,sh,603057,2022-09-26,2025-09-30,732,70848,True,utf-8,31bc1310af6ce8413e7380394a57672996706ed2de95a78025ea339764f013f9
/Users/mic/Downloads/20250930/sh601898.csv,sh601898.csv,sh,601898,2008-02-01,2025-09-30,4283,419731,True,utf-8,7a39d91112a33d80142640af187b244554c6c4495c7677a630df055773008630
/Users/mic/Downloads/20250930/sz002567.csv,sz002567.csv,sz,002567,2011-03-25,2025-09-30,3305,317839,True,utf-8,65b95318de4ceebc23f42806126152981766f74d692a3fd913feea85c1d65f62
/Users/mic/Downloads/20250930/sh601126.csv,sh601126.csv,sh,601126,2010-12-31,2025-09-30,3574,343723,True,utf-8,d6e4ba7200918a4124c679e114c3d7abdd1cf58851753af5c6cb5de043cc1505
/Users/mic/Downloads/20250930/sz002201.csv,sz002201.csv,sz,002201,2007-12-26,2025-09-30,4086,393352,True,utf-8,be2b56200ea65ec4f636d41acb6d40f03af00a468f2f81a9eaf75880f519ba33
/Users/mic/Downloads/20250930/sh600238.csv,sh600238.csv,sh,600238,2000-01-20,2025-09-30,6002,585895,True,utf-8,55eb37a06a6c549a7f62c49077855cb67412504680aec551db099a97273a4046
/Users/mic/Downloads/20250930/sh688702.csv,sh688702.csv,sh,688702,2023-09-14,2025-09-30,496,47340,True,utf-8,aacb2ac3ee8271d6ae961f138e2a6e1d28a77a1720243ef3b681bf3cadaa9568
/Users/mic/Downloads/20250930/sh603725.csv,sh603725.csv,sh,603725,2017-09-06,2025-09-30,1945,183100,True,utf-8,72ab18ff723cbf5be23df7bfeca76d9c0c14e67ea8d2dd6ed3d4a7e68c560539
/Users/mic/Downloads/20250930/sz000402.csv,sz000402.csv,sz,000402,1996-06-26,2025-09-30,7019,673089,True,utf-8,acfe66375ec7940d7f3879185c9257e4445878778a4972413df3c535e8cb1edb
/Users/mic/Downloads/20250930/sh688716.csv,sh688716.csv,sh,688716,2023-09-20,2025-09-30,492,47807,True,utf-8,1f7c477942db343433703b3f465c0ee23f5c6781b139f16acd3cda879033bd40
/Users/mic/Downloads/20250930/sz002215.csv,sz002215.csv,sz,002215,2008-02-18,2025-09-30,4207,408906,True,utf-8,717e54744af2760e2c2cf2be2b5ba362778fa62f71d7252b83eef2d676d7d59e
/Users/mic/Downloads/20250930/sz002573.csv,sz002573.csv,sz,002573,2011-04-22,2025-09-30,3265,317142,True,utf-8,b5da55853c5dbeae7f9ccd1139c69c3e46c65216efac7210a20b9e260ca870b2
/Users/mic/Downloads/20250930/sh688070.csv,sh688070.csv,sh,688070,2021-02-10,2025-09-30,1125,108035,True,utf-8,1a0234ed3eda2d89b7ad97e28ef946f083073c986c8b01fe9c9a17e35b286fe3
/Users/mic/Downloads/20250930/sh603043.csv,sh603043.csv,sh,603043,2017-06-27,2025-09-30,2011,195953,True,utf-8,d8e83fc168bfb9601d69a9fc8d86bd6a7e3098c99d206fbbe6bf7e02edb370e0
/Users/mic/Downloads/20250930/bj839493.csv,bj839493.csv,bj,839493,2023-11-01,2025-09-30,468,45738,True,utf-8,f51e914b8d4e3366d7312d8b27dd100fc61b697789d488faeb0ddea6f133994d
/Users/mic/Downloads/20250930/sh600562.csv,sh600562.csv,sh,600562,2003-01-28,2025-09-30,5394,515806,True,utf-8,0fedf314b42cac5456a31104bdd8e8141e0f35dc23bbdfd2831c7f8a257a0dbc
/Users/mic/Downloads/20250930/sz300492.csv,sz300492.csv,sz,300492,2015-12-23,2025-09-30,2180,211623,True,utf-8,6e1953aa09ba74a36bdce6e5373ce1aa5b52b2de608a3e3affeb3d2b9904d2d9
/Users/mic/Downloads/20250930/sh688058.csv,sh688058.csv,sh,688058,2019-11-01,2025-09-30,1438,137995,True,utf-8,ebeaa223f0f5c8090d914370f9da3af67591d59ed897829d6c5b042b93f79c88
/Users/mic/Downloads/20250930/sz002229.csv,sz002229.csv,sz,002229,2008-05-08,2025-09-30,4189,401766,True,utf-8,de810ec9cb571d9ba51cf414d65fe7b437c33063ed07d56e41845655324c520e
/Users/mic/Downloads/20250930/sh600210.csv,sh600210.csv,sh,600210,1999-08-24,2025-09-30,6243,600412,True,utf-8,1d57aa1b3c5a6638fb2ef22d5a2e946f6f558f29780d79907edac18b822afcd0
/Users/mic/Downloads/20250930/sh603719.csv,sh603719.csv,sh,603719,2020-02-24,2025-09-30,1359,133874,True,utf-8,dc03459b0ba2c6c6686e1dcfaba333262d45f287d7a8d8745d86f71760ab1e62
/Users/mic/Downloads/20250930/sh605368.csv,sh605368.csv,sh,605368,2021-01-29,2025-09-30,1132,109702,True,utf-8,c8f3fa0cf9c5c25f0ef670cc1d8bd8a12accc3934c5b78d10c1d011df80b11a3
/Users/mic/Downloads/20250930/sh600576.csv,sh600576.csv,sh,600576,2003-02-20,2025-09-30,4992,474189,True,utf-8,400e88c4bed994148f6d6125471948e02923acba5dae065df618347fbc84abad
/Users/mic/Downloads/20250930/sz300486.csv,sz300486.csv,sz,300486,2015-06-30,2025-09-30,2356,230597,True,utf-8,38b8e3d689cba2b72662771d9099651991c188da10c675e26d6def4289465dcc
/Users/mic/Downloads/20250930/sh601668.csv,sh601668.csv,sh,601668,2009-07-29,2025-09-30,3925,392377,True,utf-8,9d45e2b4fa44a568510fa989a393365575b531e0820fc148edd51919688163cd
/Users/mic/Downloads/20250930/sz300109.csv,sz300109.csv,sz,300109,2010-08-25,2025-09-30,3315,320896,True,utf-8,6d6d6db3dd2881dda6219fd276793e1ea274b9d3012b5bd4f8da7b41972bcb4a
/Users/mic/Downloads/20250930/sz301217.csv,sz301217.csv,sz,301217,2022-01-27,2025-09-30,892,88835,True,utf-8,08f88f8d1bf8e513bc4386a08aa01d5bf007285b0b2dcd04c02ce79e226f958f
/Users/mic/Downloads/20250930/sh603296.csv,sh603296.csv,sh,603296,2023-08-08,2025-09-30,523,51946,True,utf-8,bdf1919646f63800d0ac838f241ce43022a60a793408f540f73ecbc8c1fd54da
/Users/mic/Downloads/20250930/bj873001.csv,bj873001.csv,bj,873001,2022-12-27,2025-09-30,671,66127,True,utf-8,f461933236d8e4ebbdf10c75ef375f49d5b65a115f828121e4448f7bac679fbb
/Users/mic/Downloads/20250930/bj870508.csv,bj870508.csv,bj,870508,2022-12-16,2025-09-30,678,63197,True,utf-8,8654386de7f3729e4070fb19797d58b9a7aad37c49de052c78d937393cf72870
/Users/mic/Downloads/20250930/sz301571.csv,sz301571.csv,sz,301571,2024-08-21,2025-09-30,271,26432,True,utf-8,24913f62ed19e5caf8a3fe7db4c02ef879d2c81515b0e4442a85342445f669e8
/Users/mic/Downloads/20250930/sz301565.csv,sz301565.csv,sz,301565,2024-06-20,2025-09-30,315,31615,True,utf-8,e826e5915da3c5358cf419b0f31fe5e09615649499eb2bbfb2ad6ad5662ff832
/Users/mic/Downloads/20250930/sh603282.csv,sh603282.csv,sh,603282,2023-03-15,2025-09-30,621,60119,True,utf-8,832e327c5cccd2139f6b6e888567e3a961931e42bfa058613a63d72d4e51b711
/Users/mic/Downloads/20250930/sz301203.csv,sz301203.csv,sz,301203,2023-04-04,2025-09-30,607,58504,True,utf-8,801001739f049198ce438265e46b564295cc88e4661be395053abd3824976256
/Users/mic/Downloads/20250930/sz000833.csv,sz000833.csv,sz,000833,1998-11-11,2025-09-30,6244,584473,True,utf-8,df1d3b2efa0d8af77c5b9b22c7ca3b43a09afae8fabc0dc4c5536ec7a510ddfc
/Users/mic/Downloads/20250930/sz300135.csv,sz300135.csv,sz,300135,2010-10-26,2025-09-30,3486,331076,True,utf-8,84cd8ec73178a93433173d5a434926e03e5468ba8cfc1acc5bb302e1794928ac
/Users/mic/Downloads/20250930/sz002942.csv,sz002942.csv,sz,002942,2018-12-05,2025-09-30,1657,161299,True,utf-8,70f1d68e3d95d507f57bbe997027218543972cff54a3417287f22701967fcfde
/Users/mic/Downloads/20250930/sz300653.csv,sz300653.csv,sz,300653,2017-05-16,2025-09-30,2039,195249,True,utf-8,47938da6ba6d22b74a8d274eb8e96deff002c6a312cdd07c5308b835c68b8eb1
/Users/mic/Downloads/20250930/sh688299.csv,sh688299.csv,sh,688299,2019-11-06,2025-09-30,1435,141249,True,utf-8,9ea10ef1e80fff6cdfe1369d020365bdf0200e4988a5f3ee0607cc1e24a79fa7
/Users/mic/Downloads/20250930/sz001287.csv,sz001287.csv,sz,001287,2023-04-10,2025-09-30,604,60049,True,utf-8,d7c0d3c321db2dba63732763cb9768ad8cc177d8743488dc03213ffeccc32294
/Users/mic/Downloads/20250930/sz301559.csv,sz301559.csv,sz,301559,2023-10-11,2025-09-30,483,46702,True,utf-8,6908c05d0e57bb674d06e31d868285955a86a2eff5ce05b1440a8b4e0ee4a92b
/Users/mic/Downloads/20250930/sz002956.csv,sz002956.csv,sz,002956,2019-06-19,2025-09-30,1529,147944,True,utf-8,d93fca660b4c8588c1f91f45ac198ab93a2d21e70999a7c79675ca6247ddedbe
/Users/mic/Downloads/20250930/sz300647.csv,sz300647.csv,sz,300647,2017-05-03,2025-09-30,2006,191900,True,utf-8,6041ca991d2d86041f283835c41d6b8acb7b95498780981635b71ffeeb0e7418
/Users/mic/Downloads/20250930/sz300121.csv,sz300121.csv,sz,300121,2010-09-17,2025-09-30,3603,345140,True,utf-8,d0e19123ed6eed9efb4c00402406ad1dbae1e0bed4fed696c867f25cde29c020
/Users/mic/Downloads/20250930/sh688500.csv,sh688500.csv,sh,688500,2020-07-16,2025-09-30,1265,123209,True,utf-8,c70e621504516dadd546e3f9c98f186b99425ec5891438f4732ed3de6629e5f8
/Users/mic/Downloads/20250930/sh603533.csv,sh603533.csv,sh,603533,2017-09-21,2025-09-30,1947,192450,True,utf-8,d02f26a4c8f148e6171c889617feddb48aff5b5bfbc340587c4cbaa14f57cc49
/Users/mic/Downloads/20250930/sz002003.csv,sz002003.csv,sz,002003,2004-06-25,2025-09-30,5009,476704,True,utf-8,780bb2088bba71cd27acfa673daf7754dce6205725241611f1a2d3c95731e105
/Users/mic/Downloads/20250930/sz002765.csv,sz002765.csv,sz,002765,2015-06-12,2025-09-30,2454,235497,True,utf-8,8ead8fbc433cf19b290f5a5306ab00050f87d2eba13b30f2a8f470b02afa7887
/Users/mic/Downloads/20250930/sh600984.csv,sh600984.csv,sh,600984,2004-07-07,2025-09-30,4956,466011,True,utf-8,b7e792f87d090562bdbd53e43280204ba2d62defec05bfdad8ee9565982abc51
/Users/mic/Downloads/20250930/sh603255.csv,sh603255.csv,sh,603255,2022-08-18,2025-09-30,758,75270,True,utf-8,7ddd15dabfe84edc368788846cfac5afe6444a35b8e11949d5b2b613558ffd77
/Users/mic/Downloads/20250930/sh688266.csv,sh688266.csv,sh,688266,2020-01-23,2025-09-30,1380,135816,True,utf-8,d9b6b583f09d7ff912b058c7546b266296b128fec09403db8de99ebafa784014
/Users/mic/Downloads/20250930/sz000166.csv,sz000166.csv,sz,000166,2015-01-26,2025-09-30,2569,255574,True,utf-8,d6295a44477de61aec514e62243a461387173e81b9b617136673f3252fbfd784
/Users/mic/Downloads/20250930/sz001278.csv,sz001278.csv,sz,001278,2023-03-08,2025-09-30,626,60660,True,utf-8,5556818a06dd290313fa17007ca357c702d7714e5bc5303ddb028d0726d79e7c
/Users/mic/Downloads/20250930/sh688272.csv,sh688272.csv,sh,688272,2021-10-18,2025-09-30,962,92202,True,utf-8,73fdefec364c855305d91a4b549bed0b1cbdb28c023aa8ef8197a2c33d2d388d
/Users/mic/Downloads/20250930/sh601456.csv,sh601456.csv,sh,601456,2020-07-31,2025-09-30,1236,123461,True,utf-8,84376cad5d4651de00123bb412d93a3650f5e40c0d0face9d90f8e3b206577f8
/Users/mic/Downloads/20250930/sz002771.csv,sz002771.csv,sz,002771,2015-06-29,2025-09-30,2449,239173,True,utf-8,ce736b0a383b64a893ae7844a07be5c03fdf8154e65c2914538a8f09d0057238
/Users/mic/Downloads/20250930/sh600990.csv,sh600990.csv,sh,600990,2004-05-10,2025-09-30,5017,483569,True,utf-8,eb0f184f83d1d26e5d5c2d587d4177dd9aa655b63c6172a03f9f118a964aa04c
/Users/mic/Downloads/20250930/sz300860.csv,sz300860.csv,sz,300860,2020-08-24,2025-09-30,1240,124342,True,utf-8,ad944fcc9cf2d98d6c4d4a41fbd1acf0594f159ab9f3e778258c0de167989855
/Users/mic/Downloads/20250930/sh600748.csv,sh600748.csv,sh,600748,1996-09-25,2025-09-30,6852,661547,True,utf-8,579c47518d8f8bee22deec3c44961208c7e99982bd9524d7ef27480605a1f362
/Users/mic/Downloads/20250930/sz002017.csv,sz002017.csv,sz,002017,2004-07-13,2025-09-30,5078,482555,True,utf-8,d32e5039ecc7b469e799bbe6f6a91c068d20dea3849b2b4289d8c715a26b070e
/Users/mic/Downloads/20250930/sh601330.csv,sh601330.csv,sh,601330,2018-06-11,2025-09-30,1777,172778,True,utf-8,ed8adba8b38a50281e18d685e36f466a9db0c26908b6128e4e23bb062d22168e
/Users/mic/Downloads/20250930/bj833394.csv,bj833394.csv,bj,833394,2023-04-25,2025-09-30,593,57282,True,utf-8,58a5677839ea0215f4cd7d1a51e294a7a50e4df1945a8ce4995da81e8cc1342f
/Users/mic/Downloads/20250930/sz000600.csv,sz000600.csv,sz,000600,1996-06-06,2025-09-30,6839,645348,True,utf-8,f762904cc11be0e6b3bd6041a23d5ab71eb6fe4aa4ee1a795a0e6306ebd00b9f
/Users/mic/Downloads/20250930/sh603527.csv,sh603527.csv,sh,603527,2017-09-07,2025-09-30,1959,187827,True,utf-8,91b952ea6fa45f51892f6206fbb3225d0cea093eab3ae58508fcb97b34cc76f1
/Users/mic/Downloads/20250930/sh600006.csv,sh600006.csv,sh,600006,1999-07-27,2025-09-30,6237,559714,True,utf-8,bfb86d4f86d8dc6825db7fc5b1c55def7b42a7f823cff1a721797720b6ce86fe
/Users/mic/Downloads/20250930/sh601318.csv,sh601318.csv,sh,601318,2007-03-01,2025-09-30,4456,459523,True,utf-8,bd0f557f9c602219d56e3a6084ef830ba697e9151912a2b431c2a8271681a50f
/Users/mic/Downloads/20250930/sz000628.csv,sz000628.csv,sz,000628,1996-11-18,2025-09-30,6467,625171,True,utf-8,a3ef2f8295c98a60bbdccef04a137f7ce8e4e9310f23e64f208cdd97b93cbb96
/Users/mic/Downloads/20250930/sh603269.csv,sh603269.csv,sh,603269,2017-05-17,2025-09-30,2032,190346,True,utf-8,15253b0fd5cb7bd8d50490dbf232d2343f0448834146b2fa9eb8fd9ddc297316
/Users/mic/Downloads/20250930/sz300690.csv,sz300690.csv,sz,300690,2017-08-08,2025-09-30,1981,195719,True,utf-8,e9cf5d171acb9db97fa8c60a0e0d668578e195fd5af2a20f65f9dafe7a0a0104
/Users/mic/Downloads/20250930/sz002759.csv,sz002759.csv,sz,002759,2015-05-28,2025-09-30,2439,240457,True,utf-8,3c77a430d49f420430bdb78b3dea294ccaa133677f5319cd4fc44b17f8ff31ab
/Users/mic/Downloads/20250930/sz300848.csv,sz300848.csv,sz,300848,2020-07-20,2025-09-30,1265,122289,True,utf-8,39fc7b8d06641a04638b44198c497e05ccd38a7b57b9f3b8cc9c7f234a2ccdc0
/Users/mic/Downloads/20250930/sh600760.csv,sh600760.csv,sh,600760,1996-10-11,2025-09-30,6791,653443,True,utf-8,415e245ab68c944f9ef98c54055aef9416c3a67c9ebb64a97a3afed80348c630
/Users/mic/Downloads/20250930/sz002981.csv,sz002981.csv,sz,002981,2020-04-17,2025-09-30,1326,126077,True,utf-8,d31636d82352f77727b35b6a23a1e97b4d0583d38889952ec97540d7b636a243
/Users/mic/Downloads/20250930/sz300684.csv,sz300684.csv,sz,300684,2017-12-27,2025-09-30,1885,188021,True,utf-8,67417a39ce13be138eb20dbae1e6f6e08201bab6f7e43e912d6457f072fa784d
/Users/mic/Downloads/20250930/sh600774.csv,sh600774.csv,sh,600774,1996-11-08,2025-09-30,6925,651944,True,utf-8,cda965df56f589421796be7d1fd1635cbf80f95a469aaa87f967ab5913493fec
/Users/mic/Downloads/20250930/sz002995.csv,sz002995.csv,sz,002995,2020-08-05,2025-09-30,1244,125404,True,utf-8,946bee0994486066d44a73fcf503798bfb884e2e37ee619810423f011ad654ea
/Users/mic/Downloads/20250930/sh688528.csv,sh688528.csv,sh,688528,2020-07-01,2025-09-30,1278,122412,True,utf-8,e9fe6cf6a08d5e28b4c998cff587f28a7356e6dd15ea206ce8f14d0a60b5b2e3
/Users/mic/Downloads/20250930/bj830879.csv,bj830879.csv,bj,830879,2022-12-20,2025-09-30,676,63489,True,utf-8,b49aa1669f5262d20bb4eef65f3e3941039137638f7bec61719d9e16e0df1015
/Users/mic/Downloads/20250930/sh600012.csv,sh600012.csv,sh,600012,2003-01-07,2025-09-30,5457,516527,True,utf-8,11b94b668860d555738b00971f992f5d06917c0a4ec4588e6035e50bbbab4e1b
/Users/mic/Downloads/20250930/sz301363.csv,sz301363.csv,sz,301363,2022-10-12,2025-09-30,725,71053,True,utf-8,a6487426d3c1d64300d5b5cf613fc26df1c05d0be085cac585b1050c9e404638
/Users/mic/Downloads/20250930/sh600833.csv,sh600833.csv,sh,600833,1994-02-24,2025-09-30,7211,688226,True,utf-8,c9bb1eeb110d68834f70afb79ae5ce9aec264865260967057a94c677d1df6cea
/Users/mic/Downloads/20250930/sh600827.csv,sh600827.csv,sh,600827,1994-02-04,2025-09-30,7515,725367,True,utf-8,f7eabe38825623e0d969fc8627ceb0c611f118a4dac429b7e3dbf1294090de65
/Users/mic/Downloads/20250930/sz301377.csv,sz301377.csv,sz,301377,2022-11-22,2025-09-30,696,66442,True,utf-8,774a9b5ccf8fc4236329409c885871eaa5edb8bddd6290fea0d501423119efad
/Users/mic/Downloads/20250930/sh600199.csv,sh600199.csv,sh,600199,1998-08-12,2025-09-30,6486,622231,True,utf-8,9a0882659dff741e6f02123fe7fc7c0a0b94cb1fe3a8ccbe3bf2e5f1ffedfe4d
/Users/mic/Downloads/20250930/sz300069.csv,sz300069.csv,sz,300069,2010-04-21,2025-09-30,3624,349189,True,utf-8,ed461b050d8c13b77f33f0f066594946470c70306bd9c0b6006d2ff893dd83d4
/Users/mic/Downloads/20250930/sz300041.csv,sz300041.csv,sz,300041,2010-01-08,2025-09-30,3768,360335,True,utf-8,41d48b51f42e7c41465247d0ae699d6911e8d0467028c159f14e88d1f9213dc9
/Users/mic/Downloads/20250930/sz002188.csv,sz002188.csv,sz,002188,2007-11-22,2025-09-30,4142,392007,True,utf-8,4d1c7c35c3a3acd010a3b893305f8af799263a51528dd1d04c725be3884514d0
/Users/mic/Downloads/20250930/sz300727.csv,sz300727.csv,sz,300727,2017-11-27,2025-09-30,1907,186773,True,utf-8,bd34cf5e15d23eb5ddb16c923548ee46375415c3a546ed749a528900e2ea97b6
/Users/mic/Downloads/20250930/sz301439.csv,sz301439.csv,sz,301439,2023-03-17,2025-09-30,619,60704,True,utf-8,0bc2cf954d7b0c7a09b85e592a1696d792d3a540fe6272dd770299b5fddfb7f2
/Users/mic/Downloads/20250930/sz002836.csv,sz002836.csv,sz,002836,2016-12-29,2025-09-30,2118,191009,True,utf-8,9f7e48eb6260531752dc1bfce087fcbf8213f219df44b070d1edda31c08d428b
/Users/mic/Downloads/20250930/sz300733.csv,sz300733.csv,sz,300733,2018-01-16,2025-09-30,1872,182154,True,utf-8,20b058d94e4b925986897812d0106e024a103dd87228513660527a748b3f5d65
/Users/mic/Downloads/20250930/sz002822.csv,sz002822.csv,sz,002822,2016-11-29,2025-09-30,2147,205489,True,utf-8,7217c2ef1d869f8e1d160f59bea49fe0966655056e0e7a4e92c1a1ec039ff474
/Users/mic/Downloads/20250930/sz300055.csv,sz300055.csv,sz,300055,2010-02-26,2025-09-30,3721,359380,True,utf-8,b40c22dc3449787af402c7f59bbe2ca5151b9573267d5d26ec3e788d56b0c9a3
/Users/mic/Downloads/20250930/sz000953.csv,sz000953.csv,sz,000953,1999-12-02,2025-09-30,5892,551489,True,utf-8,7c9aac85fb24a1f25977e3812583a664b23d57b7056396f1d271d39b3af29e39
/Users/mic/Downloads/20250930/bj837092.csv,bj837092.csv,bj,837092,2021-11-15,2025-09-30,944,92668,True,utf-8,db7a94be4ded981259bdacdd60132615b2b4f9672a9de53586796b89af315bc8
/Users/mic/Downloads/20250930/sz002177.csv,sz002177.csv,sz,002177,2007-11-01,2025-09-30,4304,409718,True,utf-8,32722e08d2c0ea74637e1952cfa99298b0363bd200ff82f83d9e246f9cd9cc08
/Users/mic/Downloads/20250930/sh600628.csv,sh600628.csv,sh,600628,1993-01-19,2025-09-30,7867,756042,True,utf-8,8c79c6aab225804c66f1a634ef382f0fc967e1256247213041e27c698793380f
/Users/mic/Downloads/20250930/sz300900.csv,sz300900.csv,sz,300900,2020-10-29,2025-09-30,1198,120373,True,utf-8,514062664aee113a9fc80416aa68a899995c138f1347ff8db18da5c41e00cdb7
/Users/mic/Downloads/20250930/sz002611.csv,sz002611.csv,sz,002611,2011-08-30,2025-09-30,3175,305530,True,utf-8,8f71e078e8cdf43e7d944e1403a8d91791a7920402eb16e8b7f346d35fc95f09
/Users/mic/Downloads/20250930/sh688312.csv,sh688312.csv,sh,688312,2020-06-08,2025-09-30,1293,127720,True,utf-8,0bf2a107f0378773bf65b5bc62a887f723a95075b14af52ed135b995ec108b8a
/Users/mic/Downloads/20250930/sz001318.csv,sz001318.csv,sz,001318,2022-05-20,2025-09-30,821,79853,True,utf-8,e285ddfe94114de2608c24a022b559aca991a3e3a24dd626d69cd2db873214bb
/Users/mic/Downloads/20250930/sz000006.csv,sz000006.csv,sz,000006,1992-04-27,2025-09-30,7928,756472,True,utf-8,fc1594c640f31af2bd191ae79269d50186093e01c7f9017c84c2accb8a3a5aaf
/Users/mic/Downloads/20250930/sh603321.csv,sh603321.csv,sh,603321,2017-09-15,2025-09-30,1953,184259,True,utf-8,54a7c2c1d36c1fd162ed95558d2ef8ff8203d04001e43fc61493ba0213cb7c6d
/Users/mic/Downloads/20250930/sh688306.csv,sh688306.csv,sh,688306,2022-03-22,2025-09-30,859,82083,True,utf-8,b1af7b8054aa0d8989bfda50dfd8b0d51f001551de37fbbb558665b6f539aca9
/Users/mic/Downloads/20250930/sz000012.csv,sz000012.csv,sz,000012,1992-02-28,2025-09-30,8050,773743,True,utf-8,d34119dd4544c14d78f59d4ac48a542d78685f1cbe7a269dd444c644d32ae5ee
/Users/mic/Downloads/20250930/sh603335.csv,sh603335.csv,sh,603335,2017-06-20,2025-09-30,2016,190379,True,utf-8,868b8e58ccd9befa8efd5fa1ce2bd7ef9675d7425569e13dd3ff7a4f07979ebf
/Users/mic/Downloads/20250930/sz002605.csv,sz002605.csv,sz,002605,2011-08-05,2025-09-30,3278,320470,True,utf-8,5cee744ebe9b0766bec72fbba4d0128450214dc73a2960301be90b7bbf0eb6e1
/Users/mic/Downloads/20250930/sz002163.csv,sz002163.csv,sz,002163,2007-08-23,2025-09-30,4228,405407,True,utf-8,317127f1caa2627d68143a4bca6f90c4bbc379ada330f5578c819d20333a067e
/Users/mic/Downloads/20250930/sz300082.csv,sz300082.csv,sz,300082,2010-05-20,2025-09-30,3711,353446,True,utf-8,140ce23afe6d21c0eda2ba9a26f0be47666eadaeb89bf5916e3c02881e01bc59
/Users/mic/Downloads/20250930/sh600172.csv,sh600172.csv,sh,600172,1998-11-26,2025-09-30,6376,609623,True,utf-8,3ac8e50cdce669c4888465395eb68a162d22281b106c04340186a85fa4907cc6
/Users/mic/Downloads/20250930/sh688448.csv,sh688448.csv,sh,688448,2022-09-21,2025-09-30,735,72982,True,utf-8,9dc48962e40c28bedb3c4895acb881fdc2ca013189bca50dfdd97d70340447dd
/Users/mic/Downloads/20250930/sz001324.csv,sz001324.csv,sz,001324,2023-05-22,2025-09-30,577,56062,True,utf-8,7b0e0eac5dc33dfb79c44445fb1db4935db1b5dc66430d2c8d9135feafa24dc0
/Users/mic/Downloads/20250930/sh600600.csv,sh600600.csv,sh,600600,1993-08-27,2025-09-30,7699,729713,True,utf-8,e8ac9c9bfd0954b062a24d554bf9e3f5b85596e5dab0f2042a1dee3f4a2c07cc
/Users/mic/Downloads/20250930/sz300928.csv,sz300928.csv,sz,300928,2021-01-06,2025-09-30,1150,109365,True,utf-8,289f6597548ad233c3ee1645ed0af6d915c1b134607ece1a71aa817baf086993
/Users/mic/Downloads/20250930/sz002639.csv,sz002639.csv,sz,002639,2011-12-05,2025-09-30,3149,299225,True,utf-8,e3471bafece15b9441387c0559201753078e2f174c3c0ba67b2275f074bcf68c
/Users/mic/Downloads/20250930/sz001330.csv,sz001330.csv,sz,001330,2022-08-18,2025-09-30,758,73252,True,utf-8,988470b253a25a6934d5ef77083f17da70a16317ccb2538efd38287b35243945
/Users/mic/Downloads/20250930/sh603309.csv,sh603309.csv,sh,603309,2015-03-02,2025-09-30,2510,237191,True,utf-8,84299118d0094d2fd5fb63f5534e23ef54d6f34bfaf7087d2c2e154d0be6f347
/Users/mic/Downloads/20250930/sz000990.csv,sz000990.csv,sz,000990,2000-07-06,2025-09-30,5802,557688,True,utf-8,8484bb41d3db2291fb88438f592da1f391bad0e2ab05eb5d88b46a65aa613a40
/Users/mic/Downloads/20250930/sz300096.csv,sz300096.csv,sz,300096,2010-07-28,2025-09-30,3556,343612,True,utf-8,d2bcb37a8cfb8192e6a1c1c263dc279fa1cc66e323d29bf0caa99ad5bd8d5fc3
/Users/mic/Downloads/20250930/sh600166.csv,sh600166.csv,sh,600166,1998-06-02,2025-09-30,6520,626445,True,utf-8,4e330b01798aeddfb5e58301a6264f4f214b0f6f0315b89e6d4edf83a7547556
/Users/mic/Downloads/20250930/sz301388.csv,sz301388.csv,sz,301388,2022-11-09,2025-09-30,705,68140,True,utf-8,36ba048440f5e5ede46591229fd5f620b6e265921d752939190145daa42dd248
/Users/mic/Downloads/20250930/sz301607.csv,sz301607.csv,sz,301607,2024-09-04,2025-09-30,261,25863,True,utf-8,3bcbf7f9bcdf869c387070dc7c4dd249ca754dcc7c20c54058bc5dc4fe80aad3
/Users/mic/Downloads/20250930/sz300519.csv,sz300519.csv,sz,300519,2016-06-24,2025-09-30,2250,217365,True,utf-8,969cc0c84cc3b55bf8f2be89cd6132e1919013926f7f935ea6084bd762fd2057
/Users/mic/Downloads/20250930/sh603686.csv,sh603686.csv,sh,603686,2015-01-26,2025-09-30,2537,245761,True,utf-8,51f4efdf92c7a7f8d1dd2e507ab881be37c18451c7d772388990dc91fe7d5089
/Users/mic/Downloads/20250930/sz301161.csv,sz301161.csv,sz,301161,2022-09-14,2025-09-30,740,71725,True,utf-8,910b32e1b3894f7583e4639e956996242afc62fafe8798d63a303f8feddd56cd
/Users/mic/Downloads/20250930/sz301175.csv,sz301175.csv,sz,301175,2022-07-08,2025-09-30,787,74952,True,utf-8,fc28450841d35d53f6365d97d7fb7811814f4222fd3b627b197509f46aecc775
/Users/mic/Downloads/20250930/sz301613.csv,sz301613.csv,sz,301613,2024-10-25,2025-09-30,221,21498,True,utf-8,96657c44fe5847e7814f77e6d1db6765012d44500a68565d100a4054b9959ecb
/Users/mic/Downloads/20250930/bj832471.csv,bj832471.csv,bj,832471,2023-05-25,2025-09-30,574,53978,True,utf-8,11993338d9fc3278c0748ad6abfaa2fdc990c55713e2dd93b80db9f3a9fb62f0
/Users/mic/Downloads/20250930/sz300525.csv,sz300525.csv,sz,300525,2016-07-26,2025-09-30,2208,213909,True,utf-8,36d163cb9ffd992e7a36413979ad53c79bfa6030edc6a7d5e7f8d197810ffbe9
/Users/mic/Downloads/20250930/sz300243.csv,sz300243.csv,sz,300243,2011-07-12,2025-09-30,3285,313201,True,utf-8,343c886974562b5ef29d88096e361c9790fc6c875714ea554e17e599852713ac
/Users/mic/Downloads/20250930/sh688689.csv,sh688689.csv,sh,688689,2021-01-27,2025-09-30,1135,111854,True,utf-8,1feb638dd9d32f2fc1f16b36246b5a27f815c333ea8ff8426e83f5efe1dad5d3
/Users/mic/Downloads/20250930/sz000589.csv,sz000589.csv,sz,000589,1996-03-08,2025-09-30,7111,671300,True,utf-8,6332e0a42f3b4086e97c48d298c34ea786726821ac01e2bd3fcb334edab3beae
/Users/mic/Downloads/20250930/sh603876.csv,sh603876.csv,sh,603876,2018-04-18,2025-09-30,1813,178362,True,utf-8,9b5384553ffa58b5b5cc799f3ca5918b1b4c608440efb66e9f5564c50fed0e00
/Users/mic/Downloads/20250930/sz300257.csv,sz300257.csv,sz,300257,2011-08-19,2025-09-30,3380,331640,True,utf-8,21f34099cb52e59bc8aa606504ee468655bf402ef0e3bce5dca07a4f7a589b57
/Users/mic/Downloads/20250930/sz301149.csv,sz301149.csv,sz,301149,2021-11-10,2025-09-30,947,92601,True,utf-8,bcc8fc53c4925ea2e172ed8485db96af8a55103055bfb7d07619d4e64431f5e0
/Users/mic/Downloads/20250930/bj870656.csv,bj870656.csv,bj,870656,2024-02-02,2025-09-30,402,38563,True,utf-8,4f0b222f2526a2ecf34526bd25ae55119566d3b4bebfc3e3e06936ebe55989a7
/Users/mic/Downloads/20250930/sz300531.csv,sz300531.csv,sz,300531,2016-08-09,2025-09-30,2218,216140,True,utf-8,1c5ffc90e1dbafe23905d6129948e50a1022c881f57ba10b74560813e0dc532a
/Users/mic/Downloads/20250930/bj834014.csv,bj834014.csv,bj,834014,2022-12-13,2025-09-30,681,63604,True,utf-8,6554b2a79ca131067f8510b3e58de41b9553a2bcde44343d6971b00b3a9038ba
/Users/mic/Downloads/20250930/sh603123.csv,sh603123.csv,sh,603123,2012-05-03,2025-09-30,3183,307537,True,utf-8,e8e05c0577efdee3be5d4efe448b4d1ba646986cc30a33694167ddca6209d44a
/Users/mic/Downloads/20250930/sh688110.csv,sh688110.csv,sh,688110,2021-12-10,2025-09-30,922,91206,True,utf-8,04e328c0a75f2cf35e2d32faa295da2eb75f6f81a31513f04c08b3a0a9c0472c
/Users/mic/Downloads/20250930/sz002413.csv,sz002413.csv,sz,002413,2010-05-28,2025-09-30,3474,336414,True,utf-8,08862e8a1bbf71636e4e04df18e6911d240f3174ca102d2bc15d0164dbd8e670
/Users/mic/Downloads/20250930/sz002375.csv,sz002375.csv,sz,002375,2010-03-23,2025-09-30,3718,366413,True,utf-8,3849b7cef54d05f653a8377f723f0f64b7e861e6f057af0cb316b8e5b17abc89
/Users/mic/Downloads/20250930/sh688676.csv,sh688676.csv,sh,688676,2021-03-09,2025-09-30,1111,110927,True,utf-8,5d28001f0a05685324744e4d7cc8c1a1acd2784f3e20407d9beda0079a58f9f8
/Users/mic/Downloads/20250930/sh688662.csv,sh688662.csv,sh,688662,2021-04-01,2025-09-30,1094,106853,True,utf-8,44823e78c45989c0954b6947154bdbe29bd676a55961971a31b029bd74d19f45
/Users/mic/Downloads/20250930/sh603889.csv,sh603889.csv,sh,603889,2014-12-31,2025-09-30,2499,235744,True,utf-8,e10ee8845277caeb43d8c0835cc2363db0da91a361847ab707f30b5694416d44
/Users/mic/Downloads/20250930/sz000576.csv,sz000576.csv,sz,000576,1994-09-07,2025-09-30,7341,709840,True,utf-8,18e4675d9fda8866c345c725a8242db28d5d9385f0234e992c0ba8338e615f5e
/Users/mic/Downloads/20250930/sh600358.csv,sh600358.csv,sh,600358,2000-09-22,2025-09-30,5676,528462,True,utf-8,fe02d0e2ed93482479fe3423f3dd8bcbc8ba9f194a1c2350c1630c5b636ee85a
/Users/mic/Downloads/20250930/sz002361.csv,sz002361.csv,sz,002361,2010-03-03,2025-09-30,3685,347482,True,utf-8,89e87278ad1d5444c6d53b65ca65027bad64bf312478728f01e9bf91cc23e6bd
/Users/mic/Downloads/20250930/sz002407.csv,sz002407.csv,sz,002407,2010-05-18,2025-09-30,3640,359250,True,utf-8,08400841e4bc9d29451b616ac440c247e8417eb27736dd8de21b49306f2220ec
/Users/mic/Downloads/20250930/sh603137.csv,sh603137.csv,sh,603137,2023-04-19,2025-09-30,597,58597,True,utf-8,1c350a9e6b2ff81a51cf695a507b1e40007115f40b1a2c907d02be9da54b3cdf
/Users/mic/Downloads/20250930/sh600416.csv,sh600416.csv,sh,600416,2002-07-18,2025-09-30,5509,530163,True,utf-8,7a176da3062979ba28dc0fe877378a97e831b1f5c2eb29adf16d45a28e0f5b75
/Users/mic/Downloads/20250930/sh605208.csv,sh605208.csv,sh,605208,2021-03-08,2025-09-30,1112,108700,True,utf-8,06d705336107da376f7889bcb60fbe6f072b0b670f8321dbccbad415f79fad71
/Users/mic/Downloads/20250930/sh603679.csv,sh603679.csv,sh,603679,2017-06-21,2025-09-30,2015,194197,True,utf-8,67a026dd79c080d67fd477a10a9b848f85bb4028b710f2cd989f7db4c66531ee
/Users/mic/Downloads/20250930/sh600370.csv,sh600370.csv,sh,600370,2003-03-06,2025-09-30,5351,503969,True,utf-8,5ad360626a06aeeb74e2af1da8043cad2acfa7282cd6412518aeea0ce9d6f995
/Users/mic/Downloads/20250930/sz002349.csv,sz002349.csv,sz,002349,2010-02-03,2025-09-30,3577,341811,True,utf-8,507295493e383ec93281d506776d3f99d694d105e0d3691737b74076eb581ef6
/Users/mic/Downloads/20250930/sz300280.csv,sz300280.csv,sz,300280,2011-12-29,2025-09-30,2865,268879,True,utf-8,aa0a0ff6f2ef6b519e206f4691bcffb5c6b8345e1be4e7e3310cc17d3078126f
/Users/mic/Downloads/20250930/sz003043.csv,sz003043.csv,sz,003043,2021-04-06,2025-09-30,1087,102919,True,utf-8,beef22f5f8c5086642772cdca4daba1c48f0539737d1053e368bb3363908b296
/Users/mic/Downloads/20250930/sz300294.csv,sz300294.csv,sz,300294,2012-03-08,2025-09-30,3128,307217,True,utf-8,33ab72ca7d4588edad1a52347778855e08f7545a7564c4cc21523e6aa576fee6
/Users/mic/Downloads/20250930/sh688138.csv,sh688138.csv,sh,688138,2019-11-20,2025-09-30,1425,139529,True,utf-8,0a3589935c4b9b9d7f5f5cd6c6fc6638a654dd3cb8a2874e693ea1b7c38c8106
/Users/mic/Downloads/20250930/sh600372.csv,sh600372.csv,sh,600372,2001-07-06,2025-09-30,5384,535683,True,utf-8,539651a7f904bd910d6f2bf3880a29b8e1e6a08e4bd4c7c71984fa7365f72229
/Users/mic/Downloads/20250930/sh688648.csv,sh688648.csv,sh,688648,2023-11-13,2025-09-30,460,44813,True,utf-8,a2f0abb36c00a8bb638ca462b1527bd9dd8b34e65f664823bc94138cb05d6c8f
/Users/mic/Downloads/20250930/sh600400.csv,sh600400.csv,sh,600400,2001-01-08,2025-09-30,5816,541399,True,utf-8,7f60a4beb9eeda3334c81ff4c9fbf7cbf3dfa89447365b747d27d6f20b5b993e
/Users/mic/Downloads/20250930/bj838837.csv,bj838837.csv,bj,838837,2023-05-15,2025-09-30,582,55062,True,utf-8,3d89570663cf61671bcc3280d76891aa370060f45354cad2fb4adb77beabdfbd
/Users/mic/Downloads/20250930/sz002439.csv,sz002439.csv,sz,002439,2010-06-23,2025-09-30,3465,340685,True,utf-8,d619db94b2f5a57f828f2be9dd91402287d8c72d03ea8bdb53a2f25a0293c282
/Users/mic/Downloads/20250930/sh603109.csv,sh603109.csv,sh,603109,2019-12-31,2025-09-30,1396,136505,True,utf-8,82e49abb36b89d8e6f20b94968ac873d50bf5408459f730dbb1749d5f649a159
/Users/mic/Downloads/20250930/sz000548.csv,sz000548.csv,sz,000548,1993-12-20,2025-09-30,7632,726919,True,utf-8,4663353f41ec6017b2ef0fe4d36c9ae8cc5b42a5b6eeef0c8b0a0b64cdc17346
/Users/mic/Downloads/20250930/sz300296.csv,sz300296.csv,sz,300296,2012-03-15,2025-09-30,3116,300315,True,utf-8,8b3099a5eae9cb45b5d1b81cd1c0373feac3d3cb8cfec4dadc0d909600a6c6c4
/Users/mic/Downloads/20250930/sz003041.csv,sz003041.csv,sz,003041,2021-04-06,2025-09-30,1092,103788,True,utf-8,2a4745de76384dde9d8383f9b6c282a44d7bb91fca0281d90ebef08bb7d0de33
/Users/mic/Downloads/20250930/sz301188.csv,sz301188.csv,sz,301188,2021-11-11,2025-09-30,946,93233,True,utf-8,c1232be1fcfbb07ae9a9ccdfccbf9996d47dc0d9a0617e6074eac59a5668250f
/Users/mic/Downloads/20250930/sh600366.csv,sh600366.csv,sh,600366,2000-10-30,2025-09-30,5938,574841,True,utf-8,a898563346b79e1feab3c75d313554d1ccd4f9e3c850c6a985925ff687a5d805
/Users/mic/Downloads/20250930/sz000560.csv,sz000560.csv,sz,000560,1994-02-02,2025-09-30,7073,683993,True,utf-8,c630eba6a9ac76579c490ab1ee15108dc4bdec974cc2782c2260bf82892dae20
/Users/mic/Downloads/20250930/sz002377.csv,sz002377.csv,sz,002377,2010-03-23,2025-09-30,3558,338673,True,utf-8,10a41a7ea0f08f3aea131de37c995065aab43eebc9a871a9f4abecaa1b914369
/Users/mic/Downloads/20250930/sh600428.csv,sh600428.csv,sh,600428,2002-04-18,2025-09-30,5530,532010,True,utf-8,27e659440172e7978d0a8e1d4ca89fe8570fffcda808cba6c4650731fe836f05
/Users/mic/Downloads/20250930/sh688112.csv,sh688112.csv,sh,688112,2021-12-01,2025-09-30,932,90365,True,utf-8,0f6b2d6fc5a1dd059235a882108558c4f8694a5c1a6c513118b36c4b65b4f4d2
/Users/mic/Downloads/20250930/sh603121.csv,sh603121.csv,sh,603121,2019-01-11,2025-09-30,1632,156024,True,utf-8,957b72349cd866b7f6ac0a82c974d45c5828031df9f5f4e632877a7ffc3efd3f
/Users/mic/Downloads/20250930/sh688106.csv,sh688106.csv,sh,688106,2020-06-16,2025-09-30,1287,129836,True,utf-8,345e8253d5f7fc9f4a10f375c40b218e3a5b9ca549cda235e6fbf95e4c902a00
/Users/mic/Downloads/20250930/sh603135.csv,sh603135.csv,sh,603135,2023-04-10,2025-09-30,604,58816,True,utf-8,e0a7171306bf8ce53fd12f548779dd7f050bafaf8774e685677e9afccea14639
/Users/mic/Downloads/20250930/bj836826.csv,bj836826.csv,bj,836826,2017-06-16,2025-09-30,1207,112764,True,utf-8,d4e70ead0ad698f2017a23eff6ed54e3759355a186e4c6af7efdd6138e3f968e
/Users/mic/Downloads/20250930/sz002405.csv,sz002405.csv,sz,002405,2010-05-18,2025-09-30,3595,357864,True,utf-8,777806011df77eb8b27e9f7ddab6808dd1e9ccabc5c9d5db11fa89f089414c4d
/Users/mic/Downloads/20250930/sz002363.csv,sz002363.csv,sz,002363,2010-03-05,2025-09-30,3761,365051,True,utf-8,fd011a6196b15835a785d84bbce1b75e0b473dfb14478984472d01dabdd5d04a
/Users/mic/Downloads/20250930/bj920088.csv,bj920088.csv,bj,920088,2024-10-29,2025-09-30,229,22162,True,utf-8,0ed27a0c564626a22f1160656f378bcbcf8ec69a902f0935af97d8060884614a
/Users/mic/Downloads/20250930/sh605222.csv,sh605222.csv,sh,605222,2020-07-31,2025-09-30,1256,121858,True,utf-8,6b7f1b47ae6692278c0326c5157b22336dddf78cfc200865784260bc8124e464
/Users/mic/Downloads/20250930/sh688660.csv,sh688660.csv,sh,688660,2021-05-19,2025-09-30,1064,105002,True,utf-8,8d34aac97f16a6e5b798875d6816e35b3085b1555ea2a731010d71f3e79aced2
/Users/mic/Downloads/20250930/sh603860.csv,sh603860.csv,sh,603860,2017-08-02,2025-09-30,1985,191320,True,utf-8,1224d62dc9166431f103c299f786f18393df299484e38029d02ae12627ec29ca
/Users/mic/Downloads/20250930/sz300241.csv,sz300241.csv,sz,300241,2011-07-12,2025-09-30,3334,315308,True,utf-8,a1eace896957657b02f7c85ef3a833f0feada31afe912f38fdadea3c03ed6f0e
/Users/mic/Downloads/20250930/sz002388.csv,sz002388.csv,sz,002388,2010-04-13,2025-09-30,3586,340555,True,utf-8,1945e5a30f05639ba2fc87c2960a6426bc0d1c4dc92f7cf597267b0317d1a85d
/Users/mic/Downloads/20250930/sz300527.csv,sz300527.csv,sz,300527,2016-08-05,2025-09-30,2222,218121,True,utf-8,2887b9308f6804066c021d8d99dc8b9fdc0364f0ab142d6f7352cf9cb755cf59
/Users/mic/Downloads/20250930/sz300533.csv,sz300533.csv,sz,300533,2016-08-18,2025-09-30,2216,216527,True,utf-8,1406a02e5dd0ebd4a678ae867c6e2418ba4124dba1844070bb6f9621bea35114
/Users/mic/Downloads/20250930/sz300255.csv,sz300255.csv,sz,300255,2011-08-19,2025-09-30,3401,328231,True,utf-8,db77667b7941d68dd00d8e2385bc006741f412be22ec68ed71a215d90dca9651
/Users/mic/Downloads/20250930/bj834770.csv,bj834770.csv,bj,834770,2023-02-28,2025-09-30,632,59671,True,utf-8,aa090eb4afd373ba39e4b99e0e38433458308e1ab292a668f1768a58c1882e6d
/Users/mic/Downloads/20250930/sz301163.csv,sz301163.csv,sz,301163,2022-04-19,2025-09-30,841,81311,True,utf-8,6840867c4b1378acfab860d8fe9b720d556d752c30139dc509a1ab829dcd9c26
/Users/mic/Downloads/20250930/bj833751.csv,bj833751.csv,bj,833751,2023-07-17,2025-09-30,539,50989,True,utf-8,4b4ecf98bc75d5ec0724b57e1a24258402fad5dc56bde1563edc343bdae3c05c
/Users/mic/Downloads/20250930/sz301611.csv,sz301611.csv,sz,301611,2024-08-16,2025-09-30,274,26463,True,utf-8,35afb0565ead137ae9c6a6556cfdd90f2e13c444b5b458596888d94a84bc61ba
/Users/mic/Downloads/20250930/sh601939.csv,sh601939.csv,sh,601939,2007-09-25,2025-09-30,4365,427025,True,utf-8,c26fa49f08f9c4048d8e800a83c90600b66dd7b6579074ea88c26b9946768cf7
/Users/mic/Downloads/20250930/bj831152.csv,bj831152.csv,bj,831152,2022-09-01,2025-09-30,748,72269,True,utf-8,a8f3ee917c50cbcbeb90fa4c77ce0b45a94c9c4670628c0ef2f5b5dc7941e175
/Users/mic/Downloads/20250930/sh603848.csv,sh603848.csv,sh,603848,2017-12-01,2025-09-30,1903,186381,True,utf-8,f1f8d715d7042dad6c6346d9a17e4e6674db8afde2a3b0289fc0ec1f87995dcd
/Users/mic/Downloads/20250930/sh603690.csv,sh603690.csv,sh,603690,2017-01-13,2025-09-30,2025,200302,True,utf-8,fe1b5ac2ce94b5e138e430e99fd43d236480a59d5cf68d91fa9efcb1e79224ee
/Users/mic/Downloads/20250930/sh600399.csv,sh600399.csv,sh,600399,2000-12-29,2025-09-30,5693,547385,True,utf-8,44f75650b93e601d8b8669a4561ccb2a0807fb41b0846e2912c542371b70cf5a
/Users/mic/Downloads/20250930/sz301177.csv,sz301177.csv,sz,301177,2021-12-15,2025-09-30,922,89598,True,utf-8,eb6da83f37c90f2d37235ed132010843d791072ded7274fd8db81b54a456f3d8
/Users/mic/Downloads/20250930/sz300269.csv,sz300269.csv,sz,300269,2011-10-12,2025-09-30,3132,299938,True,utf-8,0b4a39fe919dccee3db7935f74ebd68fc68445f7c445e9ab4843f45691649a38
/Users/mic/Downloads/20250930/sh600616.csv,sh600616.csv,sh,600616,1992-09-29,2025-09-30,7946,751387,True,utf-8,060b2a55cb508cce113764b13127097966ea541095a37e4e3306586388b05735
/Users/mic/Downloads/20250930/sz001326.csv,sz001326.csv,sz,001326,2023-11-09,2025-09-30,462,44589,True,utf-8,7bcfc94920a5974d6a93e35e92e9783e9db981fbd0aaabbfa362cad4cd27b2a6
/Users/mic/Downloads/20250930/sh605008.csv,sh605008.csv,sh,605008,2020-08-21,2025-09-30,1232,121008,True,utf-8,29677d70c9a60523febd4e5013046a3684032012ca6172e26a32338d41b5dc42
/Users/mic/Downloads/20250930/sh600170.csv,sh600170.csv,sh,600170,1998-06-23,2025-09-30,6502,623844,True,utf-8,31f407c4b3c3e5206bd3a8e48e793530292645320ec65cc91b994ddfb47ff54a
/Users/mic/Downloads/20250930/sz002149.csv,sz002149.csv,sz,002149,2007-08-10,2025-09-30,4221,407011,True,utf-8,9cca759c371a8b3335c7caf2a7c0c6f5ff8deb3b5f2e1c0093433c8e8d4b3d31
/Users/mic/Downloads/20250930/sz300080.csv,sz300080.csv,sz,300080,2010-06-25,2025-09-30,3355,323529,True,utf-8,7dff14c06e87ea36cdac56959343a426b39d220c92a507823d03d8e2d3582e09
/Users/mic/Downloads/20250930/sz300094.csv,sz300094.csv,sz,300094,2010-07-08,2025-09-30,3590,341227,True,utf-8,5691e0b37107727399e500db489e6ade30a6a06f9d604c1a7f29e5fb0c492cec
/Users/mic/Downloads/20250930/sz001332.csv,sz001332.csv,sz,001332,2022-09-20,2025-09-30,736,69281,True,utf-8,3dcdc8afd350307b96e92cf6e3e113470d95c6cfd3853ca937f4d454cf2fdae0
/Users/mic/Downloads/20250930/sh688338.csv,sh688338.csv,sh,688338,2020-08-06,2025-09-30,1252,121245,True,utf-8,e4c3abaf450e24ec465b85fcfd6699e28a44b5674dd5421ac3bb4df5383e1563
/Users/mic/Downloads/20250930/sh600602.csv,sh600602.csv,sh,600602,1990-12-19,2025-09-30,8133,781502,True,utf-8,b173b8c96e04421e2db9f2cec9d6f010b046034527d43bfa83748a1471afd7e7
/Users/mic/Downloads/20250930/sh603323.csv,sh603323.csv,sh,603323,2016-11-29,2025-09-30,2150,209589,True,utf-8,57560e84203f1fdb09c6dfe3c0821c68c3376637a09d000cff50d039f7b6de6a
/Users/mic/Downloads/20250930/sz000004.csv,sz000004.csv,sz,000004,1991-01-14,2025-09-30,8060,788125,True,utf-8,36c96a31bf7344815540d8a83d299730e810a748f36a63c2a74de25356663216
/Users/mic/Downloads/20250930/sh688310.csv,sh688310.csv,sh,688310,2019-12-03,2025-09-30,1416,138816,True,utf-8,25ffbb9f7b6351a9f704de4639b193b4547cc0b80f2b3f316d6ed2cf2d5e5cde
/Users/mic/Downloads/20250930/sz002613.csv,sz002613.csv,sz,002613,2011-08-30,2025-09-30,3413,324242,True,utf-8,9f964a31de25f744845f1929cff279cff7966a4f306cec243f8848d1ef200da9
/Users/mic/Downloads/20250930/sz300902.csv,sz300902.csv,sz,300902,2020-10-29,2025-09-30,1198,116875,True,utf-8,86c06380111d09f487aa32d0ef0430e96d6ba1291c7e5305a5d9008eaf1cc3d1
/Users/mic/Downloads/20250930/sz002175.csv,sz002175.csv,sz,002175,2007-10-12,2025-09-30,3963,380159,True,utf-8,e9596799704682b752b046acdf45b943996ec43c0a41761d20a601b6f4661dc9
/Users/mic/Downloads/20250930/bj834599.csv,bj834599.csv,bj,834599,2017-09-15,2025-09-30,1288,122518,True,utf-8,b3a26239151fecd75c4955f6a448668c47f6a82c392291c8d74bd1de7e98b074
/Users/mic/Downloads/20250930/sz000762.csv,sz000762.csv,sz,000762,1997-07-08,2025-09-30,6704,656397,True,utf-8,a2c43a91027b203ac3b2b056aa36246c00e9ca33fa80036b0d7d70fb5597c937
/Users/mic/Downloads/20250930/sh605020.csv,sh605020.csv,sh,605020,2021-07-09,2025-09-30,1028,101874,True,utf-8,d31cf11b4a17117def800559ff03906789463588fe5391f74177bb268486e5f5
/Users/mic/Downloads/20250930/sz000776.csv,sz000776.csv,sz,000776,1997-06-11,2025-09-30,5931,578792,True,utf-8,390d267cf7713f32b4041d6948641c46731d0c150b00d469e29df487f700d395
/Users/mic/Downloads/20250930/sh600158.csv,sh600158.csv,sh,600158,1998-03-27,2025-09-30,6453,617814,True,utf-8,19f82441acbf6880ee47f2e91513962f83886cbac15434f568f3176cf548ea13
/Users/mic/Downloads/20250930/sz002161.csv,sz002161.csv,sz,002161,2007-08-21,2025-09-30,4238,406936,True,utf-8,a52866aa654a8f0d19a221dcd3df51295b21bed9488abba828a8b3e1972bdc5c
/Users/mic/Downloads/20250930/sz002607.csv,sz002607.csv,sz,002607,2011-08-10,2025-09-30,3261,316851,True,utf-8,ccb2f5354118a57f7ed971e86afff6b9e56537c3a0baae6d1ce7221d4337c404
/Users/mic/Downloads/20250930/sz300916.csv,sz300916.csv,sz,300916,2020-12-02,2025-09-30,1174,114631,True,utf-8,69bc867cf992fb191ab5d982effcd410000507aafa0946f1572a82655c8ecefe
/Users/mic/Downloads/20250930/sh603337.csv,sh603337.csv,sh,603337,2017-01-19,2025-09-30,2114,209418,True,utf-8,ed3eeda498d1737a5ae918fc81a56c7f318137ffbb76f84a9750674212293261
/Users/mic/Downloads/20250930/sz000010.csv,sz000010.csv,sz,000010,1995-10-27,2025-09-30,6258,585064,True,utf-8,32a9f37f25d34fd6d0ec413bf6724e00c9063b3f10be1be3a3d321c7e25e9c89
/Users/mic/Downloads/20250930/sz302132.csv,sz302132.csv,sz,302132,2010-08-27,2025-09-30,3578,345592,True,utf-8,ce046a351c9c6a29ea3e23c3011680d352f458c1eaa988140163a4672e853eb2
/Users/mic/Downloads/20250930/sz300725.csv,sz300725.csv,sz,300725,2017-11-10,2025-09-30,1913,194157,True,utf-8,b9a38db7451602636cab40f4a4dbe76b4a747abd493ca6930b87c627c5fedf51
/Users/mic/Downloads/20250930/sz300043.csv,sz300043.csv,sz,300043,2010-01-20,2025-09-30,3473,335627,True,utf-8,a51eeda2d52cf35a80191cf7ae1282bd083f8f304ff57dc76c98c939d28bd842
/Users/mic/Downloads/20250930/sh688489.csv,sh688489.csv,sh,688489,2022-12-02,2025-09-30,688,66591,True,utf-8,572d5a8fba22b379fe8b4cafcd938e5690adde50ca031f75aef17aadcc28b2d1
/Users/mic/Downloads/20250930/sz000789.csv,sz000789.csv,sz,000789,1997-09-23,2025-09-30,6695,640622,True,utf-8,83986cd0dac6223a6ff94ac5e93f11167a7243e900e09309d5de9b805c69f7e7
/Users/mic/Downloads/20250930/sz000951.csv,sz000951.csv,sz,000951,1999-11-25,2025-09-30,6040,577328,True,utf-8,e93398d8a0acfd0ab56d1b2c11a8dbddc44f94ed4d456fe5e0c9ba74ca28e5be
/Users/mic/Downloads/20250930/sz300057.csv,sz300057.csv,sz,300057,2010-02-26,2025-09-30,3590,343923,True,utf-8,27aa349b0a20884eff6200902c95510b5c603936ebf062d2b7016bc26af117b6
/Users/mic/Downloads/20250930/sz301349.csv,sz301349.csv,sz,301349,2022-09-09,2025-09-30,742,71848,True,utf-8,b034f640f5055b74de8f5e369177c7b04d7e9f5a613b031d0baff8a8820838c0
/Users/mic/Downloads/20250930/sz002820.csv,sz002820.csv,sz,002820,2016-11-18,2025-09-30,2147,207437,True,utf-8,28813b73a807ffd9e7bdd4ebdd727f6c6c386c5e7b29e3e1292dbee417e5a635
/Users/mic/Downloads/20250930/sz300731.csv,sz300731.csv,sz,300731,2017-12-08,2025-09-30,1883,187728,True,utf-8,a1e02f55d269d0b96a04195bf146fd3cc7017ac7b49b80589fc0b1706cae2eb4
/Users/mic/Downloads/20250930/sh600819.csv,sh600819.csv,sh,600819,1994-01-28,2025-09-30,7501,679705,True,utf-8,76ca218c7df83878f93dedc1dffdff7c1a154ef6345a6c3214117eb6de26fad1
/Users/mic/Downloads/20250930/sz002808.csv,sz002808.csv,sz,002808,2016-08-12,2025-09-30,2218,217225,True,utf-8,ff9755914b66d68ca213bc80a2534ceb612c07250579b020ee760a1203d0c1eb
/Users/mic/Downloads/20250930/sz300719.csv,sz300719.csv,sz,300719,2017-11-09,2025-09-30,1919,188796,True,utf-8,da20edeffa84a31fa0b3ae3400fe178cf84a05fbd49ce672341b4532f9df7a88
/Users/mic/Downloads/20250930/sh600831.csv,sh600831.csv,sh,600831,1994-02-24,2025-09-30,7605,718430,True,utf-8,a6a322c0c09837623cb6d43c13e8c91a5572381d4c417091a60ae0e840f1ef5c
/Users/mic/Downloads/20250930/sh603486.csv,sh603486.csv,sh,603486,2018-05-28,2025-09-30,1787,178376,True,utf-8,398a30bde364c41cac8b9df30a9962caef5252019b99153f6bdd22afe5d6cff7
/Users/mic/Downloads/20250930/sz301361.csv,sz301361.csv,sz,301361,2022-11-16,2025-09-30,700,68725,True,utf-8,0bec46f5f127e69190bf0cbd4a03f5af9af327b37212b32e5326e52f01061479
/Users/mic/Downloads/20250930/sz301413.csv,sz301413.csv,sz,301413,2023-12-18,2025-09-30,435,43288,True,utf-8,ddea0d877e97aee2d43d5e330edcf5b12a5d6b37a4697c06f483184e835bc83c
/Users/mic/Downloads/20250930/sh600825.csv,sh600825.csv,sh,600825,1994-02-04,2025-09-30,7500,705875,True,utf-8,f8d6bb2874b0b0ccfb97dff95a60efe8e0644ba44e8beb00f2d51a93877f2ff7
/Users/mic/Downloads/20250930/sz002983.csv,sz002983.csv,sz,002983,2020-04-28,2025-09-30,1319,128681,True,utf-8,de065e1da64759440a9541759ca23e8ea9a88365f53326efb9bc601e561c0b0b
/Users/mic/Downloads/20250930/sz300692.csv,sz300692.csv,sz,300692,2017-08-21,2025-09-26,1965,189397,True,utf-8,336143ecb410f3e5e660b3ac069d24395dde9d9a6532d3b5be2c59484c030c14
/Users/mic/Downloads/20250930/sh688258.csv,sh688258.csv,sh,688258,2019-12-09,2025-09-30,1412,140098,True,utf-8,4e8704aa68d742184ca4ba25eb2067ee9d0418e3f86e3162593444a6e1ba3bc0
/Users/mic/Downloads/20250930/sh600004.csv,sh600004.csv,sh,600004,2003-04-28,2025-09-30,5400,520798,True,utf-8,392a1eb05e78bc55d8b9a96b032fbbfd916250e2c37a8bbfcbf1bd6c35dabc19
/Users/mic/Downloads/20250930/sz002029.csv,sz002029.csv,sz,002029,2004-08-06,2025-09-30,5078,483261,True,utf-8,8fc3c2332250f0681be14ccd036a70b03e70e6a0719fddae8cd935b6fff2f4d6
/Users/mic/Downloads/20250930/sh600010.csv,sh600010.csv,sh,600010,2001-03-09,2025-09-30,5845,570447,True,utf-8,9101cb2c80148ec68bbdbaf36ef7b4d760565fb89137c9d8affa24b4ee22107a
/Users/mic/Downloads/20250930/sh603519.csv,sh603519.csv,sh,603519,2015-03-19,2025-09-30,2472,233432,True,utf-8,036386f08bf9961135b3071f053cbe0548f37139d73ec8e7dcc930a6411cd614
/Users/mic/Downloads/20250930/sh605168.csv,sh605168.csv,sh,605168,2020-05-28,2025-09-30,1300,127939,True,utf-8,cb76b5e8056e526a1c285acdbce8889d56c38feeff4b0264c7068184721beea4
/Users/mic/Downloads/20250930/sz000158.csv,sz000158.csv,sz,000158,2000-07-24,2025-09-30,5963,568727,True,utf-8,fd65ff9bc77ef8e5a829664ba2a9d939ddac40f02ebc6363794da28e6f9f5167
/Users/mic/Downloads/20250930/sh600776.csv,sh600776.csv,sh,600776,1996-11-26,2025-09-30,6932,657922,True,utf-8,6d1e776c19a7a9f63db3118c2a306be27d03f15421b78e7f56020facbb8830f8
/Users/mic/Downloads/20250930/sz301598.csv,sz301598.csv,sz,301598,2024-12-20,2025-09-30,191,18473,True,utf-8,7ab240d249bd4f6db30b34ce45fb0d1565f4523e56d8c6bdf3010041ba3d1165
/Users/mic/Downloads/20250930/sz002997.csv,sz002997.csv,sz,002997,2020-09-03,2025-09-30,1232,121443,True,utf-8,4c4f7278210ff82d94a9d1b042b48d3fe0d7610e45060180d043d99e096823db
/Users/mic/Downloads/20250930/sz300686.csv,sz300686.csv,sz,300686,2017-08-04,2025-09-30,1983,193438,True,utf-8,9bf2019b7bba6f690ff8db87445cb1f79227bc7d5fbc27e25ecf6a0ac1071519
/Users/mic/Downloads/20250930/sh603257.csv,sh603257.csv,sh,603257,2025-04-08,2025-09-30,122,12873,True,utf-8,1ce14c18b6b3c9c066df2581e61004ea3263c59cf8f8f00b4d79d942dbf36d8d
/Users/mic/Downloads/20250930/sz300876.csv,sz300876.csv,sz,300876,2020-08-24,2025-09-30,1240,120221,True,utf-8,b6fc95bd77b1f9eb5e7d598f1cfc9e455731ea6bbeee222b078845c141dc4aa3
/Users/mic/Downloads/20250930/sz002767.csv,sz002767.csv,sz,002767,2015-06-12,2025-09-30,2507,244512,True,utf-8,5ec7a39b95fc51258fd61e53cf328634a78d10279e903b63ac797f321160fb85
/Users/mic/Downloads/20250930/sh600986.csv,sh600986.csv,sh,600986,2004-04-26,2025-09-30,4967,475014,True,utf-8,1eacf67bf205a6eaaaa13e6fa07b80eaed9b4d27d047860090bcce2ec7aa9875
/Users/mic/Downloads/20250930/sh601326.csv,sh601326.csv,sh,601326,2017-08-16,2025-09-30,1975,190436,True,utf-8,cde92a4127e624ae7eadb06de6a5a908cd2940f81fb5cb18a5eaa9c85e1ebd7a
/Users/mic/Downloads/20250930/sz002001.csv,sz002001.csv,sz,002001,2004-06-25,2025-09-30,5114,501384,True,utf-8,d6154f56f83f41e5056468ab1b839452e83c5da23aa0b69f926847044cfbacda
/Users/mic/Downloads/20250930/sh600038.csv,sh600038.csv,sh,600038,2000-12-18,2025-09-30,5847,576239,True,utf-8,4740baf25ccb770fe3d299ed26a704649545ab216bc63b8fc99db16d216c5ff6
/Users/mic/Downloads/20250930/sh688502.csv,sh688502.csv,sh,688502,2023-03-09,2025-09-30,625,62573,True,utf-8,d2a00e2e4e9382fb23c52ebbc44fd97a43243623af2a251da541f8da9e961b39
/Users/mic/Downloads/20250930/bj430564.csv,bj430564.csv,bj,430564,2022-06-17,2025-09-30,802,75625,True,utf-8,8fbd526e9987a8ecb46939a9e3fd61b9a7cda87699db7514b43d02aac80fa174
/Users/mic/Downloads/20250930/sh688516.csv,sh688516.csv,sh,688516,2020-05-21,2025-09-30,1305,128738,True,utf-8,fb5595df3dc309c0d54c994f3661d3c9c26f58f0d3a2a1f1d0691fc3b590246d
/Users/mic/Downloads/20250930/sz002015.csv,sz002015.csv,sz,002015,2004-07-08,2025-09-30,4569,432510,True,utf-8,dcc21fa5a585794e76dce85750b1f380712aa07ad93ec04c1b344033a709d8b1
/Users/mic/Downloads/20250930/sz300862.csv,sz300862.csv,sz,300862,2020-08-24,2025-09-30,1240,121007,True,utf-8,b30585e35d921524498a5da0a8ebedbd9187b7fd83d7f7396f2216524be70421
/Users/mic/Downloads/20250930/sz002773.csv,sz002773.csv,sz,002773,2015-06-26,2025-09-30,2498,248686,True,utf-8,db581493d0a85bc2ff158be8f84b6d3ca7b20870ff59e1b3c97a7b01d9a36f77
/Users/mic/Downloads/20250930/sh600992.csv,sh600992.csv,sh,600992,2004-05-14,2025-09-30,5164,493637,True,utf-8,7355e666c9e427239d3cb3bbb71f7f339e1d9b9e84341a7c388993414e25da5c
/Users/mic/Downloads/20250930/sh688270.csv,sh688270.csv,sh,688270,2022-01-27,2025-09-30,892,87826,True,utf-8,9cc765b998b6bddcdb4141a0e412dc4fba213a57e5ddbdff95b8be06fc40d1a0
/Users/mic/Downloads/20250930/sh600979.csv,sh600979.csv,sh,600979,2004-09-06,2025-09-30,4943,476662,True,utf-8,34b6e8c7ff51e3603805275fd429e3a214f016db8c823164b0eeaa99eb8360b9
/Users/mic/Downloads/20250930/sz002798.csv,sz002798.csv,sz,002798,2016-05-25,2025-09-30,2205,213842,True,utf-8,c20fa3ce875de976d407fdf391f3289366e5f3c854c9d945bd53ee7289bc3f9d
/Users/mic/Downloads/20250930/sz300651.csv,sz300651.csv,sz,300651,2017-05-09,2025-09-30,2044,199754,True,utf-8,6f11579c29d8848b1d2cd186b7ea0762f2f3a3ff86918a55b30936edd5ed8f3f
/Users/mic/Downloads/20250930/sz002940.csv,sz002940.csv,sz,002940,2018-10-23,2025-09-30,1678,164484,True,utf-8,4142c125c37ad0ae88a0513637c1272330bbc2d2a9d83eb5c98bcc84b1bc39f8
/Users/mic/Downloads/20250930/sz300889.csv,sz300889.csv,sz,300889,2020-09-16,2025-09-30,1223,117375,True,utf-8,c942b7bf2d892df92f91b18d6ff5e770423304e18c4d577b8e50b40a90c0acd7
/Users/mic/Downloads/20250930/sz301229.csv,sz301229.csv,sz,301229,2022-02-22,2025-09-30,879,83713,True,utf-8,61009845ea50a4d75c8aa2a9dc3fa288cd06750f0f5cc257d04cfd59daa111aa
/Users/mic/Downloads/20250930/sz300137.csv,sz300137.csv,sz,300137,2010-11-05,2025-09-30,3558,341632,True,utf-8,646bce76995e5fba5a36be8db41c90ce27706027f8741bb9748780bb1130010f
/Users/mic/Downloads/20250930/sz000831.csv,sz000831.csv,sz,000831,1998-09-11,2025-09-30,6022,590291,True,utf-8,6ebf5f2d13267f1cc8d82bf36185ce3b5b932a092af5cc35b20c4f149e08af8d
/Users/mic/Downloads/20250930/sz000825.csv,sz000825.csv,sz,000825,1998-10-21,2025-09-30,6359,617749,True,utf-8,e22df064bca4846b6a1ec7e3cbaf4f19c1401914fa07e1e1fabddc871baca3db
/Users/mic/Downloads/20250930/sz300123.csv,sz300123.csv,sz,300123,2010-09-28,2025-09-30,3389,325706,True,utf-8,024d6ab11a6818c984fefa4c452fb81cf16a6b0ec7a6504f7ac42fc76486d9e0
/Users/mic/Downloads/20250930/sz300645.csv,sz300645.csv,sz,300645,2017-04-21,2025-09-30,2045,200678,True,utf-8,d1d9a34aa6f139c7ccec0ce7161fd0eb02c203856611e0c7812bc05417b3acad
/Users/mic/Downloads/20250930/sz001285.csv,sz001285.csv,sz,001285,2025-09-30,2025-09-30,1,169,True,utf-8,5f6829c82b56690325356672b11ba510da2a91e839d79e373fe17f2022729cc3
/Users/mic/Downloads/20250930/bj833427.csv,bj833427.csv,bj,833427,2017-07-05,2025-09-30,1167,109825,True,utf-8,665ec31c06a165fb1b38753b755e9c638f6c50cf70323264b8d856c9dd8a90c0
/Users/mic/Downloads/20250930/sh605183.csv,sh605183.csv,sh,605183,2020-12-07,2025-09-30,1171,114974,True,utf-8,8ca5bdccd0d8e647d89391e16c34c4c5188c5eaa6a16d855d2a03ea932deddfb
/Users/mic/Downloads/20250930/sz301215.csv,sz301215.csv,sz,301215,2022-03-08,2025-09-30,869,82882,True,utf-8,edd061dbb27ac1252784b3d22df340a1810f0bf6c8c08643624f38c794c55c4a
/Users/mic/Downloads/20250930/bj836239.csv,bj836239.csv,bj,836239,2020-03-23,2025-09-30,1253,122649,True,utf-8,224bc87bc29761b9832011a905c5d96c776dc788c8446996c8678ca811b8fe2a
/Users/mic/Downloads/20250930/sz301201.csv,sz301201.csv,sz,301201,2022-01-20,2025-09-30,897,87897,True,utf-8,c166779cfef8b583011cba2a8c4f3efc8b205b7b3744a1cbe1d0d8c12f4d043d
/Users/mic/Downloads/20250930/sz000819.csv,sz000819.csv,sz,000819,1997-06-25,2025-09-30,6753,662231,True,utf-8,e4e4cf1008ebaab05655df9c63b056602d617386f1cdd3fe29cd2ea330019bf8
/Users/mic/Downloads/20250930/sh603280.csv,sh603280.csv,sh,603280,2022-11-08,2025-09-30,706,73977,True,utf-8,17060835ae0767b2d9fa3444605c27805d6eddc7dbceb4923d666905d81c2ad7
/Users/mic/Downloads/20250930/sz300679.csv,sz300679.csv,sz,300679,2017-07-31,2025-09-30,1977,197518,True,utf-8,e6e97e7559b2ff0b0fa0f97f51fe03934889a3d22007f6d577f8913408007786
/Users/mic/Downloads/20250930/sz002968.csv,sz002968.csv,sz,002968,2019-12-03,2025-09-30,1406,136794,True,utf-8,79ac50f2df57f5e7d8012ba0967be877ea4c26dcd77b5307a638f707d050328a
/Users/mic/Downloads/20250930/sz301567.csv,sz301567.csv,sz,301567,2024-01-16,2025-09-30,415,39858,True,utf-8,8f54f2608c398ac5225208d3ea5b15ef6dc4aa8e4b76d10b5160437b6bd48893
/Users/mic/Downloads/20250930/sh600789.csv,sh600789.csv,sh,600789,1997-02-26,2025-09-30,6870,648108,True,utf-8,8135c9bdd66f6615295f5371659ff043bb2134eac702eaad51abe229242a798b
/Users/mic/Downloads/20250930/sh600206.csv,sh600206.csv,sh,600206,1999-03-19,2025-09-30,6299,610429,True,utf-8,145155156622726ed324f4b28e983a25a9205db2d60c5f4ad32c2d3344d72def
/Users/mic/Downloads/20250930/sh601118.csv,sh601118.csv,sh,601118,2011-01-07,2025-09-30,3449,342289,True,utf-8,0e1b8e1b0953de3801d764b40ed6646e0abfb8b4e8ce91bdc3b78422525686c3
/Users/mic/Downloads/20250930/sz000428.csv,sz000428.csv,sz,000428,1996-08-08,2025-09-30,6865,654258,True,utf-8,9ee8a53d37c913762d281b16c82fd3b9e1d4c15316e362e939ba0fdd78f66664
/Users/mic/Downloads/20250930/sh603069.csv,sh603069.csv,sh,603069,2016-07-12,2025-09-30,2225,217184,True,utf-8,d1f8b5334ad9b18419bea87dd2c66efb964c00cdd7eae8b87f445bb8ab6424e2
/Users/mic/Downloads/20250930/sz300490.csv,sz300490.csv,sz,300490,2015-12-31,2025-09-30,2228,216508,True,utf-8,9230cf6f2b8c31e0ba55545b4de6785152b6269d7c583c69fd63abf86502f5a1
/Users/mic/Downloads/20250930/sz002559.csv,sz002559.csv,sz,002559,2011-03-03,2025-09-30,3474,328469,True,utf-8,f59418a8fd16d176bbaaa646ab42c7583cc59c808eb6e7f3067b3289c1b2fa6b
/Users/mic/Downloads/20250930/sh600560.csv,sh600560.csv,sh,600560,2002-09-19,2025-09-30,5549,524849,True,utf-8,84be49f8bc31cfabee37dd588bdadf420c0ec0df73d7caa03b1400a8b5c1bf31
/Users/mic/Downloads/20250930/sz300484.csv,sz300484.csv,sz,300484,2016-03-22,2025-09-30,2319,226987,True,utf-8,403e1d2cb0285eb494574535e7cc9121e1216fb293c4c465f297fbaaf514f396
/Users/mic/Downloads/20250930/sh688728.csv,sh688728.csv,sh,688728,2021-08-18,2025-09-30,1000,100703,True,utf-8,33bd23eaf5f3edc35fe4f7da568f30bdec3929e97f9016454ba2504a71ba2874
/Users/mic/Downloads/20250930/sh600212.csv,sh600212.csv,sh,600212,1999-08-17,2025-09-30,5792,548328,True,utf-8,4411169c71c2ebf4036b5565f06c1445936ecb1a460061cf0889f5b97252a171
/Users/mic/Downloads/20250930/sh688700.csv,sh688700.csv,sh,688700,2021-06-15,2025-09-30,1046,102943,True,utf-8,05098804f540b39f38a5019145a1db33d304661e15269987e9735260626a25f4
/Users/mic/Downloads/20250930/sh603733.csv,sh603733.csv,sh,603733,2018-04-20,2025-09-30,1811,178385,True,utf-8,dbcff589110ff36f7fefc134fd56e4a3db2f0c4178e02c3074c1777e4234c6ba
/Users/mic/Downloads/20250930/sz002203.csv,sz002203.csv,sz,002203,2008-01-16,2025-09-30,4059,393444,True,utf-8,d706e7fde277d85e954a1f4873a573420664fb71edd230c0bfab061ecd632e85
/Users/mic/Downloads/20250930/sz002565.csv,sz002565.csv,sz,002565,2011-03-18,2025-09-30,3460,336145,True,utf-8,98936ee5ccfa5ece257d12dafd9c77529ec4fc76f3e720ee4cc8e70d3c3f1b6e
/Users/mic/Downloads/20250930/sh603055.csv,sh603055.csv,sh,603055,2017-09-21,2025-09-30,1949,190940,True,utf-8,bae7c46209093c8beeba32e3478c9639760928cd7e7219100acc396153e548d6
/Users/mic/Downloads/20250930/sh688066.csv,sh688066.csv,sh,688066,2019-07-22,2025-09-30,1506,152155,True,utf-8,83d5edd1265ed23d7e224e914f5b38a0b01c2e2507d0a55bed5f57c71efe6438
/Users/mic/Downloads/20250930/sh603041.csv,sh603041.csv,sh,603041,2017-03-30,2025-09-30,2069,198022,True,utf-8,42e82541f13548b14399e5004ab5482e78fa8d02e55c5fa7e4b8c6b21cd55968
/Users/mic/Downloads/20250930/sh688072.csv,sh688072.csv,sh,688072,2022-04-20,2025-09-30,840,86468,True,utf-8,b41d57afca167d26f5fcb3d90a4025229317526f71ed580f5db164bc2ecb9e5f
/Users/mic/Downloads/20250930/sz002571.csv,sz002571.csv,sz,002571,2011-04-12,2025-09-30,3117,299722,True,utf-8,0aa08a063cdf9cfae122e4a0bc867e97f54503925ac482041dae6909dc8eb382
/Users/mic/Downloads/20250930/sh600548.csv,sh600548.csv,sh,600548,2001-12-25,2025-09-30,5707,545230,True,utf-8,4c4d61236e13006ff1517224e3b98c7bc98ce0805b992f817335c2ef60371c51
/Users/mic/Downloads/20250930/sz002217.csv,sz002217.csv,sz,002217,2008-02-20,2025-09-30,4066,394884,True,utf-8,49e8478628c17463e2f88260259483ff5b5befa8ca7d6b3719c69d37a72d7a85
/Users/mic/Downloads/20250930/sz000400.csv,sz000400.csv,sz,000400,1997-04-18,2025-09-30,6624,646541,True,utf-8,9b5e67283c36760774cd61fd0bafcd6281506404a9b6060c4575e3b782f08bf0
/Users/mic/Downloads/20250930/sh603727.csv,sh603727.csv,sh,603727,2016-11-22,2025-09-30,2155,211685,True,utf-8,6337ee638f7fa23973f72978ee035cd639024c0e06b5aa817d599ab39629c1c6
/Users/mic/Downloads/20250930/sz300335.csv,sz300335.csv,sz,300335,2012-07-10,2025-09-30,3067,294661,True,utf-8,eea41d171e3ec11981f60e278fb23e08a0065cd2a968003faf519a686f47b028
/Users/mic/Downloads/20250930/bj831768.csv,bj831768.csv,bj,831768,2015-06-01,2025-09-30,1258,116878,True,utf-8,4b2360de58bf1ee1f2a052ff9f94e3d62c4c4c5dacf7bbdf7e08c76341cbaf0d
/Users/mic/Downloads/20250930/sh601865.csv,sh601865.csv,sh,601865,2019-02-15,2025-09-30,1612,161531,True,utf-8,b8fadecc8f152c49ac7102d45e764d76dde838d3fe4b8e1d547e1f7f8f22ba88
/Users/mic/Downloads/20250930/sz300453.csv,sz300453.csv,sz,300453,2015-05-15,2025-09-30,2517,237611,True,utf-8,0a6f725dfb19c3461c92b93dcd74dd89122f9b0fba5d37c9ee09fe0811cc9976
/Users/mic/Downloads/20250930/sh688099.csv,sh688099.csv,sh,688099,2019-08-08,2025-09-30,1493,151831,True,utf-8,dc31c4d45babca47215d8387acc5fc25c5e2f71d13057b330e15d3c8def1071a
/Users/mic/Downloads/20250930/sz300447.csv,sz300447.csv,sz,300447,2015-04-22,2025-09-30,2444,239844,True,utf-8,1c3f592f4b753e3f47ff72b516df6f09c4e6840c73f294c5695c79d69b11bca2
/Users/mic/Downloads/20250930/sz300321.csv,sz300321.csv,sz,300321,2012-05-23,2025-09-30,3250,313527,True,utf-8,4657dfcdb87ad4a8c607fdb726bf053b7e4269dd45ec074350eaecb1b58a2007
/Users/mic/Downloads/20250930/sh603900.csv,sh603900.csv,sh,603900,2016-11-23,2025-09-30,2152,205369,True,utf-8,33b14fecc9ac9e521fee40881965f84992c9da1d5ea336297f62b715beac5951
/Users/mic/Downloads/20250930/sz301017.csv,sz301017.csv,sz,301017,2021-07-05,2025-09-30,1032,101466,True,utf-8,7914e79b3cbc021fdbfab205c45344f1fee6acea3d1640924fc69029d59d4196
/Users/mic/Downloads/20250930/sh603928.csv,sh603928.csv,sh,603928,2016-12-12,2025-09-30,2141,202614,True,utf-8,fc1a0adf0acb0f1302bd753180c945f3b7b63b4609a813206d3fcf3a28c03684
/Users/mic/Downloads/20250930/sh603096.csv,sh603096.csv,sh,603096,2017-04-25,2025-09-30,2053,200509,True,utf-8,e22cebca6d305f541de2975cbe1edb637ffc1afa0a374bab32ef1d3815fc174b
/Users/mic/Downloads/20250930/sh603082.csv,sh603082.csv,sh,603082,2024-01-30,2025-09-30,400,38848,True,utf-8,8a3c464fdac6bab15529bc654f9a66d9d0d49f42ea12a2d8bcf86f099a3297f8
/Users/mic/Downloads/20250930/sz301003.csv,sz301003.csv,sz,301003,2021-06-01,2025-09-30,1055,103262,True,utf-8,320936ac0d784f0a69696051acc2bd1c8d25aedc49cd895dfca6117eaebe2f15
/Users/mic/Downloads/20250930/sh603083.csv,sh603083.csv,sh,603083,2017-11-10,2025-09-30,1918,189163,True,utf-8,fa57fd5fedf4f52bc760ebeed081eec650acccc683c7cb53ebc75684210068ce
/Users/mic/Downloads/20250930/sz301002.csv,sz301002.csv,sz,301002,2021-06-07,2025-09-30,1051,102185,True,utf-8,aa031b249c3ddcdaff22d52ee05d357b0a8f90495ea7b262a39672c20740c4e9
/Users/mic/Downloads/20250930/bj834639.csv,bj834639.csv,bj,834639,2022-07-12,2025-09-30,785,73243,True,utf-8,0504201a30e168f877bc1d533ab5695c624867870b6537a4f90a355c54c19586
/Users/mic/Downloads/20250930/sh603929.csv,sh603929.csv,sh,603929,2016-12-30,2025-09-30,2127,207676,True,utf-8,dec8bb283fb8159c121b72ed1ada2712926b0ad7ed9e025a695134eede66557d
/Users/mic/Downloads/20250930/sz301016.csv,sz301016.csv,sz,301016,2021-06-30,2025-09-30,1025,96330,True,utf-8,0c07c99a9bf52736705fac64b1257e8b4e68316a0efa29a79d7fb0ff76764424
/Users/mic/Downloads/20250930/sz300308.csv,sz300308.csv,sz,300308,2012-04-10,2025-09-30,3110,308078,True,utf-8,b890bd8492008b0df7126a21b6fece4e7ab3a1af846e7b91d200f6eeb27a2fac
/Users/mic/Downloads/20250930/sh601858.csv,sh601858.csv,sh,601858,2017-01-18,2025-09-30,2115,205214,True,utf-8,f2da68f3df74e4b7b2da0a7b2f566c0c10a3e308c6d2c83d67edc8d26554b4f3
/Users/mic/Downloads/20250930/sh603097.csv,sh603097.csv,sh,603097,2022-05-12,2025-09-30,827,72636,True,utf-8,069ed666e21516dcee26ab97ea1c5704d9b71e9c1bb7cb12e1f010de9b1ad6c4
/Users/mic/Downloads/20250930/sz300446.csv,sz300446.csv,sz,300446,2015-04-23,2025-09-30,2529,248699,True,utf-8,a110cb9566d709800917887328f89a714c292f659a0b6366171ad009222d4761
/Users/mic/Downloads/20250930/sh603901.csv,sh603901.csv,sh,603901,2015-05-29,2025-09-30,2498,241055,True,utf-8,d4142559a6682f69fcc786bb76c6d002b409f95276842c556320a2d58fefc398
/Users/mic/Downloads/20250930/sz300320.csv,sz300320.csv,sz,300320,2012-06-01,2025-09-30,3148,301748,True,utf-8,cb2a122a9f7ee47fe54c8cda5839c4afa55694150cc174c3c7a4ff459f7d03c3
/Users/mic/Downloads/20250930/sz300334.csv,sz300334.csv,sz,300334,2012-07-05,2025-09-30,3008,288944,True,utf-8,fa6099639cff6c0771067033f1c4e73399870d4941182c2221d50c67c52fd18e
/Users/mic/Downloads/20250930/bj920116.csv,bj920116.csv,bj,920116,2025-01-02,2025-09-30,183,17817,True,utf-8,711ec99db61154b70ff90e89a3286e3f8fdf04a784fa8fae60e958ac149f2c68
/Users/mic/Downloads/20250930/sh603915.csv,sh603915.csv,sh,603915,2019-06-14,2025-09-30,1532,153319,True,utf-8,bf62c69acbd2cad0c40656473f383038a018f79bb1912e1590d6f6df2793ecbc
/Users/mic/Downloads/20250930/sh688098.csv,sh688098.csv,sh,688098,2019-10-28,2025-09-30,1442,138489,True,utf-8,64b81e860664a7a4302f52c5b3d03eab539f8a56eb7b089959598364572e8221
/Users/mic/Downloads/20250930/sz300452.csv,sz300452.csv,sz,300452,2015-05-15,2025-09-30,2527,244861,True,utf-8,c5a8b0771edd35c2b8d76b75e5995819833cfd233946391f8d5c4b5e57267cf9
/Users/mic/Downloads/20250930/sh600549.csv,sh600549.csv,sh,600549,2002-11-07,2025-09-30,5500,542206,True,utf-8,698df545f8a6e8c5bccd11f526fa2d0f1719f8fd9531201280c58fa387bef0a5
/Users/mic/Downloads/20250930/sz002570.csv,sz002570.csv,sz,002570,2011-04-12,2025-09-30,3402,333778,True,utf-8,f5dc7e5a78f4b793017f52d65dd9898c7d548c50f579ac4c2378636a997aef15
/Users/mic/Downloads/20250930/sh688073.csv,sh688073.csv,sh,688073,2022-10-11,2025-09-30,716,69226,True,utf-8,f297d3c412d06d7238e0577256b8d8c18f18e3b283b2d1c3fc95315f7a661a09
/Users/mic/Downloads/20250930/sh603040.csv,sh603040.csv,sh,603040,2017-02-09,2025-09-30,2103,207404,True,utf-8,a2da45abe963174813e186536faf3a8c0974e183d444b84453e8a40fbe780674
/Users/mic/Downloads/20250930/sh603726.csv,sh603726.csv,sh,603726,2016-04-21,2025-09-30,2292,223163,True,utf-8,01502dc6e425910ef32ade90bc33122ef9f52a45ca3e911138e223e5bc8e93da
/Users/mic/Downloads/20250930/sz000401.csv,sz000401.csv,sz,000401,1996-06-14,2025-09-30,6847,665361,True,utf-8,ab8fa3cd5d71b11b4903feebe82168a98627bb2a5d6ba366cc80e4228e27f420
/Users/mic/Downloads/20250930/sz002216.csv,sz002216.csv,sz,002216,2008-02-20,2025-09-30,4258,407873,True,utf-8,d5000dd530b85f3e6e58e4f48a151c3535ad679489ac45f406c0ba8e747b06f9
/Users/mic/Downloads/20250930/sz002202.csv,sz002202.csv,sz,002202,2007-12-26,2025-09-30,4288,426018,True,utf-8,4ef06cddc04aefcfbc242264a9c069e722eba70726fab0d252136f2893eaa59a
/Users/mic/Downloads/20250930/sz000415.csv,sz000415.csv,sz,000415,1996-07-16,2025-09-30,6347,599066,True,utf-8,705f449dc04830e104d199c53dd7a32dd490a0165ae5bebca2497e215d8e7940
/Users/mic/Downloads/20250930/sh688701.csv,sh688701.csv,sh,688701,2021-09-16,2025-09-30,979,92072,True,utf-8,0284c902f8078b1d4e612de55ad0b56446d65cd9407fff7d6337a358230b497d
/Users/mic/Downloads/20250930/sh688067.csv,sh688067.csv,sh,688067,2021-06-16,2025-09-30,1045,100382,True,utf-8,94fe4eb43361ade96228865c3acf9302d6d80434f723a93fabcac4ba88028646
/Users/mic/Downloads/20250930/sz002564.csv,sz002564.csv,sz,002564,2011-03-10,2025-09-30,3356,319586,True,utf-8,fafe2d3e224e05f00251669e6d410e4249efc14c695c3e3e62f3d33be5d2bd52
/Users/mic/Downloads/20250930/sh600575.csv,sh600575.csv,sh,600575,2003-03-28,2025-09-30,5062,480927,True,utf-8,d1e3f363dc07fcdbdd0cb73cb974205fff522cff3b489d02a76c2c9d0ebc923d
/Users/mic/Downloads/20250930/sz300485.csv,sz300485.csv,sz,300485,2015-06-26,2025-09-30,2498,244083,True,utf-8,3a6099c8a65cb9aaf345af98cd783d6e2c144cce557183ecfd046a745fc262fa
/Users/mic/Downloads/20250930/sh688729.csv,sh688729.csv,sh,688729,2025-07-08,2025-09-30,61,6130,True,utf-8,2a24d16b012c1da695b38f91dc95e79e8ed91527730d47d087152954ac1b516b
/Users/mic/Downloads/20250930/sz000429.csv,sz000429.csv,sz,000429,1998-02-20,2025-09-30,6423,608395,True,utf-8,c0339cbdc53847b593cd8e809bf35ee527d5a620f2e28a71512d6001bdf7c4c5
/Users/mic/Downloads/20250930/sh600207.csv,sh600207.csv,sh,600207,1999-07-14,2025-09-30,6184,585124,True,utf-8,2d9ecbc32cd97fdd68b68597a16ef6b71598e4ae38a735782b876a28b7b434db
/Users/mic/Downloads/20250930/sh600561.csv,sh600561.csv,sh,600561,2002-07-16,2025-09-30,5521,519563,True,utf-8,99eb633b98c3e5ba2be7f2d768b04da4d325c36431d216a6873429237ea58cc3
/Users/mic/Downloads/20250930/sz002558.csv,sz002558.csv,sz,002558,2011-03-02,2025-09-30,3176,309725,True,utf-8,206c261a475ae4873a5f8b1c3e218e33b025e0fa492922bee19052e4aed6f14b
/Users/mic/Downloads/20250930/sz300491.csv,sz300491.csv,sz,300491,2015-12-31,2025-09-30,2282,221804,True,utf-8,470d00a8c8700b991d6e98f3850ecfdce1ff42bdce7cd2bb067eb506d2962dc7
/Users/mic/Downloads/20250930/sh603068.csv,sh603068.csv,sh,603068,2019-04-15,2025-09-30,1572,154736,True,utf-8,558e26d2bd191a5f89006aeb5641eef471066c19b165aaa87eba941ec83845b8
/Users/mic/Downloads/20250930/sz000818.csv,sz000818.csv,sz,000818,1997-10-17,2025-09-30,6234,612808,True,utf-8,ac16b0223a75370f1a7fbe1ef06f2baa34e2a909cf02339d775106363f4abb59
/Users/mic/Downloads/20250930/sh605196.csv,sh605196.csv,sh,605196,2021-05-11,2025-09-30,1070,103056,True,utf-8,b9cedf02d2d3439961d29d20d061149431234ba13b4b495770ff236fc71928ec
/Users/mic/Downloads/20250930/sz301200.csv,sz301200.csv,sz,301200,2022-02-28,2025-09-30,875,86328,True,utf-8,2de47176dc3359597e0f495a882ada80967c909a699ad60837d518eab3c62136
/Users/mic/Downloads/20250930/sz002969.csv,sz002969.csv,sz,002969,2019-12-02,2025-09-30,1417,134549,True,utf-8,3345c9823af727cc8c0491a2909c5625ea011259cf0d664a7697984baf700958
/Users/mic/Downloads/20250930/sz301566.csv,sz301566.csv,sz,301566,2023-12-29,2025-09-30,426,41790,True,utf-8,d5a4e6068d5558a88abb051701354f476ae566566469adaaeaa86509a7c8d4aa
/Users/mic/Downloads/20250930/sz300678.csv,sz300678.csv,sz,300678,2017-07-28,2025-09-30,1963,191187,True,utf-8,b04cc979c1eaff41e4f273036517723491971a0b635f3372d32dc45fb96f675b
/Users/mic/Downloads/20250930/sh603281.csv,sh603281.csv,sh,603281,2023-01-31,2025-09-30,652,63899,True,utf-8,53d2a1cce82ca3b4d91af354d7043c195258070f84e30a8ddbe33ee2464668ee
/Users/mic/Downloads/20250930/sz300122.csv,sz300122.csv,sz,300122,2010-09-28,2025-09-30,3572,349847,True,utf-8,86d89087c1e8449e5a6e9d23b8daf998546c4df3210fd2c8ecbcb97f2a030b60
/Users/mic/Downloads/20250930/bj834407.csv,bj834407.csv,bj,834407,2023-02-16,2025-09-30,640,61676,True,utf-8,3afd9989a610f35759dd58ba9ccbd71c09f94aac74ba6a98b45c63ebd491258d
/Users/mic/Downloads/20250930/sz002955.csv,sz002955.csv,sz,002955,2019-05-23,2025-09-30,1543,151837,True,utf-8,7972daf906ba5e8afe6446ef121e96f65ed13dce4ded727a9d9c9e18b70c2e39
/Users/mic/Downloads/20250930/sz300644.csv,sz300644.csv,sz,300644,2018-02-06,2025-09-30,1854,180642,True,utf-8,705754e1170394601cf35f0ef534c6e8ed50ec045bd6b45668117d77ccc4058f
/Users/mic/Downloads/20250930/sz300888.csv,sz300888.csv,sz,300888,2020-09-17,2025-09-30,1222,122163,True,utf-8,5de2a337937bb7ff52c66679726a2aa50731dfcb52e3d9244d8a8a906e06216c
/Users/mic/Downloads/20250930/sz002941.csv,sz002941.csv,sz,002941,2018-11-28,2025-09-30,1662,164764,True,utf-8,393b9d52e39d085228480d8e1aac66fff8149f637354b9884cf8b02fd02d471b
/Users/mic/Downloads/20250930/sz300650.csv,sz300650.csv,sz,300650,2017-05-03,2025-09-30,2048,198665,True,utf-8,281ad2ffaf3273818d9b658647b94ed7255ba288d1a3d1e9fc1c2a8034ccb3da
/Users/mic/Downloads/20250930/sz002799.csv,sz002799.csv,sz,002799,2016-06-08,2025-09-30,2206,212867,True,utf-8,199e5086bfffa9033f7637837383ad1962e0123e135deaf64a5b784f37f4dab7
/Users/mic/Downloads/20250930/sz000830.csv,sz000830.csv,sz,000830,1998-08-07,2025-09-30,6506,637726,True,utf-8,af59dc106ffe68e0a2bfcb5fa40bc0d7df7e083d5fc681fa5484e750a6611189
/Users/mic/Downloads/20250930/sz300136.csv,sz300136.csv,sz,300136,2010-11-05,2025-09-30,3551,351995,True,utf-8,1307aa115dda29d284d6cc8a663f26ea56662e7530b2191a022f8452ac3cc16e
/Users/mic/Downloads/20250930/sz301228.csv,sz301228.csv,sz,301228,2022-01-28,2025-09-30,891,89773,True,utf-8,13e565d7c8b2c392e4c5dcc35d34dcd29732d89f14b7b2fa8a7e8d38e9d4b3a3
/Users/mic/Downloads/20250930/sz002014.csv,sz002014.csv,sz,002014,2004-07-08,2025-09-30,4994,474154,True,utf-8,d4d7b9ceb527ce3dd54a483606a6ba63c243b85bf8ef1f925059a7a62b660ef5
/Users/mic/Downloads/20250930/sh601333.csv,sh601333.csv,sh,601333,2006-12-22,2025-09-30,4554,442853,True,utf-8,ac80ce6455a2a4e50a19c89a94f1572de9b9a55ed93fda487ec099dc50de4fc5
/Users/mic/Downloads/20250930/sh688517.csv,sh688517.csv,sh,688517,2021-06-18,2025-09-30,1043,104105,True,utf-8,3f210b69d2ff109e0a9a479f1eb4458109c563f55981eeabb416614f87d4e882
/Users/mic/Downloads/20250930/sh605155.csv,sh605155.csv,sh,605155,2020-12-31,2025-09-30,1153,108983,True,utf-8,851174ddb56f1278cc89a71d8bb37e9c27160eeb804a7b1916ead43c2bbc98a2
/Users/mic/Downloads/20250930/sz000603.csv,sz000603.csv,sz,000603,1996-08-23,2025-09-30,6223,600068,True,utf-8,4df7a7a9fc6faaaa489f10212f31999f66250519ed59b36e6e6d5e29b8718511
/Users/mic/Downloads/20250930/bj832089.csv,bj832089.csv,bj,832089,2018-12-10,2025-09-30,959,92002,True,utf-8,2c98087edff7afdff462080e5fed90d3746807887bde61feb2940148a24f858c
/Users/mic/Downloads/20250930/sh688271.csv,sh688271.csv,sh,688271,2022-08-22,2025-09-30,756,78829,True,utf-8,a12f6df59d82d6c0c6295e919a061e28a157d26ed96134fb9a860dc56e326933
/Users/mic/Downloads/20250930/sh600993.csv,sh600993.csv,sh,600993,2004-05-17,2025-09-30,5166,501634,True,utf-8,a4ae6c4afc1236440cd977a2466964fff8f8f5c04b884ae0cbaf2377fd4edfe3
/Users/mic/Downloads/20250930/sz002772.csv,sz002772.csv,sz,002772,2015-06-26,2025-09-30,2488,238857,True,utf-8,0c12f207f3ab97901caf1e11dc456ddc5e55cf2a61a853e3c963c7c9bd7a4164
/Users/mic/Downloads/20250930/sz300863.csv,sz300863.csv,sz,300863,2020-08-24,2025-09-30,1240,121489,True,utf-8,650228433feb9ae330bb8fd5fb00aa0e1c89d80101258132b4ec10b5b0511333
/Users/mic/Downloads/20250930/sh600987.csv,sh600987.csv,sh,600987,2004-08-09,2025-09-30,5039,479372,True,utf-8,2f41eadccec30110f80c0b02102b320464cdb73d8a6b63f07e8d6294d3cb0bb2
/Users/mic/Downloads/20250930/sz002766.csv,sz002766.csv,sz,002766,2015-06-11,2025-09-30,2361,229067,True,utf-8,6f4c02f99ffbdb4059c1c95b8342cd755274b0288cb520e2da5fc669cf94b238
/Users/mic/Downloads/20250930/sz300877.csv,sz300877.csv,sz,300877,2020-08-24,2025-09-30,1240,123475,True,utf-8,03bc7cf70eab8d80e7eda6b5d28a3daa69b192ae7b084d92ccbef270693228f5
/Users/mic/Downloads/20250930/sh603256.csv,sh603256.csv,sh,603256,2019-07-19,2025-09-30,1507,144207,True,utf-8,4dfbd50c3f41715dcbd0ba67d5c02435ae192cb4accd6b6f57261060f03e41a7
/Users/mic/Downloads/20250930/sh688265.csv,sh688265.csv,sh,688265,2021-12-28,2025-09-30,913,87744,True,utf-8,7887d13eabff96d158e87f5db758c0e1dc49826d86a57aa522dc1c1814efc064
/Users/mic/Downloads/20250930/sh688503.csv,sh688503.csv,sh,688503,2022-12-09,2025-09-30,683,67315,True,utf-8,7f4334e802b5e5592885d530994ea76d5ecad2458a920b31791f7bbed50c65cd
/Users/mic/Downloads/20250930/sz000617.csv,sz000617.csv,sz,000617,1996-10-22,2025-09-30,6802,643452,True,utf-8,10b0185c5b197731ad8527697b825af92bd51077bfbe04fe25c18fa3947fdb2a
/Users/mic/Downloads/20250930/sh603530.csv,sh603530.csv,sh,603530,2019-08-05,2025-09-30,1496,148213,True,utf-8,7b06e7e97e6f1b784f64b09059601591e738792d3a17a421f55c6e7cb3420e0a
/Users/mic/Downloads/20250930/sh600039.csv,sh600039.csv,sh,600039,2003-03-25,2025-09-30,5327,507609,True,utf-8,546316e56b2750f2b8abc8e5427b7160b4d977bdc1db24b8a226dc2599293568
/Users/mic/Downloads/20250930/sh605169.csv,sh605169.csv,sh,605169,2020-10-30,2025-09-30,1187,112619,True,utf-8,c480df64cceef9b50b2e7580eec5dfbc59b66b3daa76b972657f5f075296d360
/Users/mic/Downloads/20250930/sh603518.csv,sh603518.csv,sh,603518,2014-12-03,2025-09-30,2499,241738,True,utf-8,b9a35fec08542f2b7ee40baecf45b2bc560763c7206e5605da929f62d95cc976
/Users/mic/Downloads/20250930/sh600011.csv,sh600011.csv,sh,600011,2001-12-06,2025-09-30,5710,543833,True,utf-8,329dcff8e5b0a3447ba5141cad806d8fa0c5678f33b90ce80cdd95bc53fb1547
/Users/mic/Downloads/20250930/sz002028.csv,sz002028.csv,sz,002028,2004-08-05,2025-09-30,5099,497905,True,utf-8,cc017b8e89108a71b9460deedc8dea5b40f02a0f581899d57bd20880fdccf92a
/Users/mic/Downloads/20250930/sz300687.csv,sz300687.csv,sz,300687,2017-08-03,2025-09-30,1974,192852,True,utf-8,1c3d843bdbf96bf246c55b20106b860e42bd3212c27b3ff54b9230bfe7120349
/Users/mic/Downloads/20250930/sz002996.csv,sz002996.csv,sz,002996,2020-08-28,2025-09-30,1236,118489,True,utf-8,6be37c77c0f538de2f0ed11b574a992a8e8e9d9c1f531200c2efb10928b10d2b
/Users/mic/Downloads/20250930/sh600777.csv,sh600777.csv,sh,600777,1996-11-21,2025-09-30,6537,619662,True,utf-8,a6da39c20b3bbd322a9348cce04bd256c1e8f856b4b4f923db49ad7139bf040e
/Users/mic/Downloads/20250930/sz000159.csv,sz000159.csv,sz,000159,2000-09-26,2025-09-30,5811,547745,True,utf-8,4c495ee03e7cef4623b712ef0a3010cc431198e1c074382556217bb97642cd79
/Users/mic/Downloads/20250930/sh688259.csv,sh688259.csv,sh,688259,2022-01-12,2025-09-30,903,87946,True,utf-8,aab027d6b8922df13ccf9d1566e4d4bb4afc89a5bd75e23a71f5167d11402669
/Users/mic/Downloads/20250930/sz300693.csv,sz300693.csv,sz,300693,2017-08-22,2025-09-30,1966,191706,True,utf-8,b5c10fd7912858453e490e4119fe5419b3896b022fbf58dcb2e1fa0b25c6de24
/Users/mic/Downloads/20250930/sz002982.csv,sz002982.csv,sz,002982,2020-04-24,2025-09-30,1321,128254,True,utf-8,5c855da4754e1789d4b31658ad41c1935120ef1f46cff2bb3b8371e84cbf3d22
/Users/mic/Downloads/20250930/sh600763.csv,sh600763.csv,sh,600763,1996-10-30,2025-09-30,6590,632584,True,utf-8,13e6103b42f8efe91deb2b4fa73bd11e7e1c5f64c324f2a2084aecb3f93157fd
/Users/mic/Downloads/20250930/bj837046.csv,bj837046.csv,bj,837046,2022-10-13,2025-09-30,724,70191,True,utf-8,834625844a76c9011c2d86c4acdd14449ee5af669d70a39f9f60e8dd7089038a
/Users/mic/Downloads/20250930/sh600824.csv,sh600824.csv,sh,600824,1994-02-04,2025-09-30,7633,718514,True,utf-8,6c0e0edb50413cb8306826db2d6f822329409e1f39233304e7349e531ec6b5c2
/Users/mic/Downloads/20250930/sh600830.csv,sh600830.csv,sh,600830,1994-02-24,2025-09-30,7611,723908,True,utf-8,940bf5c60a699f986791cc09bfc027cfccf46a61fe26ef3db4a305c8b4e6a39b
/Users/mic/Downloads/20250930/sz300718.csv,sz300718.csv,sz,300718,2017-11-06,2025-09-30,1922,186833,True,utf-8,07cfdd300fb88c767a26f507c04c47a17bf31a3ddcc08692e019ef1909e807e5
/Users/mic/Downloads/20250930/bj839719.csv,bj839719.csv,bj,839719,2023-05-26,2025-09-30,573,55608,True,utf-8,542303428e07e9f6c22395b8e91788284d0a07af9c7bdf2c760d6c6690dce2c8
/Users/mic/Downloads/20250930/sz002809.csv,sz002809.csv,sz,002809,2016-08-23,2025-09-30,2180,209412,True,utf-8,a09b11295769577736a1ae7f97eb15f55aa33cd6327b6c07103d8b94a828d34a
/Users/mic/Downloads/20250930/sz301360.csv,sz301360.csv,sz,301360,2023-04-25,2025-09-30,593,57422,True,utf-8,ab04db68c1aaa98ee52a19bd99821f9f24ddf4d8d8fa5bbe4a9ae4e62c363054
/Users/mic/Downloads/20250930/sz000978.csv,sz000978.csv,sz,000978,2000-05-18,2025-09-30,6032,564267,True,utf-8,af16b2a5a4b1faf6ce5dbe23b9249ef9068c59a33c133f45cf001e70e5961ef7
/Users/mic/Downloads/20250930/sz301348.csv,sz301348.csv,sz,301348,2023-08-10,2025-09-30,521,50578,True,utf-8,d44f521caf6602b8f826b5de343c7d5ddbda5ae9527e8eba591c47afe185b340
/Users/mic/Downloads/20250930/sz300056.csv,sz300056.csv,sz,300056,2010-02-26,2025-09-30,3473,331494,True,utf-8,23161754b33d0431b695117fe95c3198894736a14196f492fee929f6454e8a0a
/Users/mic/Downloads/20250930/sz000950.csv,sz000950.csv,sz,000950,1999-09-16,2025-09-30,5631,529018,True,utf-8,e14e302e8c27e51c0bf73925b09f51a08cbb0822e549b5a0badb43063f77fe70
/Users/mic/Downloads/20250930/sz000788.csv,sz000788.csv,sz,000788,1997-06-16,2025-09-30,6626,626076,True,utf-8,60ba8f71785e067f5651e78147f551ad4ccea6d371cb3d6d490d3a2f8757d70b
/Users/mic/Downloads/20250930/sh600818.csv,sh600818.csv,sh,600818,1994-01-28,2025-09-30,7313,694310,True,utf-8,65c8b8705c0b0b095ef95ca8b03ee89d2e1fc8bf859448d1656eea7382aedaee
/Users/mic/Downloads/20250930/sz300730.csv,sz300730.csv,sz,300730,2017-12-05,2025-09-30,1896,185481,True,utf-8,9bf3fcf7919745f7cfbc4fa32bc08cf755d4147fba42adb9dfe5b3c968fbff88
/Users/mic/Downloads/20250930/sz002821.csv,sz002821.csv,sz,002821,2016-11-18,2025-09-30,2157,220517,True,utf-8,03c55da91816356fb77e04d600eda3e0e8375ea546da93123bd4760b0e42a56a
/Users/mic/Downloads/20250930/sz300724.csv,sz300724.csv,sz,300724,2018-08-10,2025-09-30,1734,172011,True,utf-8,55cebe23905beeba885052632414f683a7b8ab23906f259e4ef41462a7f2143a
/Users/mic/Downloads/20250930/sz002835.csv,sz002835.csv,sz,002835,2016-12-28,2025-09-30,2129,207797,True,utf-8,fdd3d33edc90e371286ef656bf0b1c176f5921a6fff3160afe3d75d9be9441f7
/Users/mic/Downloads/20250930/bj839725.csv,bj839725.csv,bj,839725,2022-07-18,2025-09-30,781,74933,True,utf-8,1af92c2dbff9510485c5c88ee63280ab894aceb864c09983f065f186e295fcee
/Users/mic/Downloads/20250930/sh688488.csv,sh688488.csv,sh,688488,2020-07-20,2025-09-30,1265,123173,True,utf-8,51edec01d20d62d895c94c09833eb50499b759cfd5fbac4237f0d70224e0a057
/Users/mic/Downloads/20250930/sz300042.csv,sz300042.csv,sz,300042,2010-01-08,2025-09-30,3792,369887,True,utf-8,9dea2ca9e39ce1078d0a58ed195a16530ac238fab37e0c743afca40ffcf0364b
/Users/mic/Downloads/20250930/sz002160.csv,sz002160.csv,sz,002160,2007-08-21,2025-09-30,4113,391560,True,utf-8,f2c7b7103cfe632e4db2172b56a6eee149468a4eb0cc9e6140da9bfe34e554cf
/Users/mic/Downloads/20250930/sh600159.csv,sh600159.csv,sh,600159,1998-05-26,2025-09-30,6513,613326,True,utf-8,70f61ae171d4420fdf469ee81ae71ad0d2670ff0dc206ade8436795f321988ee
/Users/mic/Downloads/20250930/sz000777.csv,sz000777.csv,sz,000777,1997-07-10,2025-09-30,6736,656177,True,utf-8,986e453937395028ee22d77d79f051a18c30a8194c05ebbc5ccd59f2a46d457e
/Users/mic/Downloads/20250930/sh688305.csv,sh688305.csv,sh,688305,2021-07-09,2025-09-30,1028,100845,True,utf-8,f8eb95d069673bad6abd88a02c41d18760e57bf1d5ec358d26a027dbe7d17272
/Users/mic/Downloads/20250930/sz000011.csv,sz000011.csv,sz,000011,1992-03-30,2025-09-30,7934,765431,True,utf-8,b5fd7016ca6cf7aa063d754fb24e8f41b34f8208452403956b52c7010c82b8f3
/Users/mic/Downloads/20250930/sh603336.csv,sh603336.csv,sh,603336,2016-11-24,2025-09-30,2136,202187,True,utf-8,1545733672cf0af776a3725b5f2e300c6d839dd17376a3a86e4581572bcdae59
/Users/mic/Downloads/20250930/sz300917.csv,sz300917.csv,sz,300917,2020-12-21,2025-09-30,1161,113832,True,utf-8,6160b9c129cdd412fe3a6205d527d2d0fa723ebf804d7842f544eb9bc65f2425
/Users/mic/Downloads/20250930/sz002606.csv,sz002606.csv,sz,002606,2011-08-05,2025-09-30,3223,302919,True,utf-8,0fd666836a80a2b9f5461133be08f480a24405305bd522fed370fd3c573b08a0
/Users/mic/Downloads/20250930/sz300903.csv,sz300903.csv,sz,300903,2020-11-05,2025-09-30,1193,115588,True,utf-8,13d4721c996ca838ac39aae381770f819414b60712b380487efc358d191942fd
/Users/mic/Downloads/20250930/sz002612.csv,sz002612.csv,sz,002612,2011-08-30,2025-09-30,3221,317250,True,utf-8,937fbc2581d81fb155a42a71c92455a2fb2b939716be38e3fc62f55177e071b3
/Users/mic/Downloads/20250930/sh688311.csv,sh688311.csv,sh,688311,2020-07-31,2025-09-30,1256,124973,True,utf-8,cc33e660caa39ba9b9ba7b8d6b0d55c8e3f1f742713b00a57f7ef4df6c26434c
/Users/mic/Downloads/20250930/sh603322.csv,sh603322.csv,sh,603322,2016-07-28,2025-09-30,2206,213197,True,utf-8,8afe0d6aa97901313232f6e04e1f851d97d8496bdf146e2c27524f0460ea2b7a
/Users/mic/Downloads/20250930/sh603444.csv,sh603444.csv,sh,603444,2017-01-04,2025-09-30,2125,215744,True,utf-8,c4fd974b541162cb469eb2f91c98df6551fddaaf65f194d7cab4076c12be1316
/Users/mic/Downloads/20250930/sz002174.csv,sz002174.csv,sz,002174,2007-09-25,2025-09-30,4100,398786,True,utf-8,d2037111c35c78df84b03fdd7c395b17bc0a6c2e4d354e20c0f33fe93d50f127
/Users/mic/Downloads/20250930/sz000993.csv,sz000993.csv,sz,000993,2000-07-31,2025-09-30,6022,557089,True,utf-8,8c7c98168b9366c17a74ba84eba17cee00b4a5023ec2d2a3c545779fa7b8cf9a
/Users/mic/Downloads/20250930/sz300095.csv,sz300095.csv,sz,300095,2010-07-28,2025-09-30,3613,344140,True,utf-8,1f56bcdeff1134c45ddff859380b427a938fc44fe6867313d4d924b41437cd68
/Users/mic/Downloads/20250930/sh600165.csv,sh600165.csv,sh,600165,1998-05-29,2025-09-30,6305,594323,True,utf-8,5bb175e347af4c92e2593054b28651b10be72c6ff199111870183d268717ec97
/Users/mic/Downloads/20250930/sh600603.csv,sh600603.csv,sh,600603,1992-01-13,2025-09-30,7705,722331,True,utf-8,2401a116d056b9896c91cead72056b3952177b4583cd41e375297c81997e3eff
/Users/mic/Downloads/20250930/sh688339.csv,sh688339.csv,sh,688339,2020-08-10,2025-09-30,1240,125268,True,utf-8,bf2a056c61ff94f448e7442d886cc5a23ea2e1ecdf576c247209bc41898bcea6
/Users/mic/Downloads/20250930/sz001333.csv,sz001333.csv,sz,001333,2022-12-08,2025-09-30,684,63823,True,utf-8,4c88df8d6706ee88cfbd8915f71a463d98e31273e7c1b1e8b82b0e39c94e2262
/Users/mic/Downloads/20250930/sz000039.csv,sz000039.csv,sz,000039,1994-04-08,2025-09-30,7532,719040,True,utf-8,cab0ebf04c4b6296d36672c008e0f9ae18d4bf499ce1abc361ea5b4fc1dacb2d
/Users/mic/Downloads/20250930/sh600617.csv,sh600617.csv,sh,600617,1992-10-13,2025-09-30,7493,684615,True,utf-8,09a99932726a18e131286e8c6e71fa5e87175ce6a3fca1f11ee636fbb3d7fcfc
/Users/mic/Downloads/20250930/sz300081.csv,sz300081.csv,sz,300081,2010-05-20,2025-09-30,3533,343858,True,utf-8,83bce5d7a2085656d2919c5cc261805485b7dd43d115d5c6fc76be6fa3b4d0b2
/Users/mic/Downloads/20250930/sz002148.csv,sz002148.csv,sz,002148,2007-08-10,2025-09-30,4325,414765,True,utf-8,f128b0ec67a8e9d5f77abde307a2d2943528f0241a091dba94365f701dc55f00
/Users/mic/Downloads/20250930/sh600171.csv,sh600171.csv,sh,600171,1998-09-24,2025-09-30,6441,626490,True,utf-8,2f61319e12eeb64affce18b6929ff7b6a8a534ea8dd2c31a83f64a9e94602092
/Users/mic/Downloads/20250930/sh605009.csv,sh605009.csv,sh,605009,2020-09-11,2025-09-30,1226,119675,True,utf-8,af6e2d9c2a5912e5872dd6d13fc405e79414b2f33955c03e6e4265336dc335d2
/Users/mic/Downloads/20250930/sz000987.csv,sz000987.csv,sz,000987,2000-07-18,2025-09-30,5898,567279,True,utf-8,606d7e0039633bdd9de3c59978de9fd2c74b9f514f6721818c213a1dec812f40
/Users/mic/Downloads/20250930/sz300268.csv,sz300268.csv,sz,300268,2011-09-27,2025-09-30,2830,275188,True,utf-8,953e9c65ed5e5643f44d8f8be027f423d4998f1fd8ffd0b30d198e24d99279a2
/Users/mic/Downloads/20250930/sh601086.csv,sh601086.csv,sh,601086,2017-09-29,2025-09-30,1943,182642,True,utf-8,b84452426bff176c78d84451a7b8b69339186c065909fb79272e2cd3c8d552e9
/Users/mic/Downloads/20250930/sz301176.csv,sz301176.csv,sz,301176,2022-09-28,2025-09-30,730,70698,True,utf-8,52e4cc53b54d0fb3c09dde14a7860bf3ffadb725e35cab0a99e8a4ebb9fddc76
/Users/mic/Downloads/20250930/sh600398.csv,sh600398.csv,sh,600398,2000-12-28,2025-09-30,5875,565604,True,utf-8,78a631f2fc752d927e174e351044cff7f9220f4b0587071bd081563ce99b936f
/Users/mic/Downloads/20250930/sh603685.csv,sh603685.csv,sh,603685,2017-11-27,2025-09-30,1905,183543,True,utf-8,9dd4fdf35fdbea1ef3cb80c8916307ed5ae5a8f4a5c1bbf1de25c90cd015bdf0
/Users/mic/Downloads/20250930/bj838163.csv,bj838163.csv,bj,838163,2016-09-01,2025-09-30,1292,122026,True,utf-8,e7bc5dfe1d7f0f996021d6e22b2438458d97733ffaff1c9aa45ab0d14cab2703
/Users/mic/Downloads/20250930/sz301162.csv,sz301162.csv,sz,301162,2022-04-29,2025-09-30,833,80918,True,utf-8,7298a8c7d5c06ebd1a031600a47c2d65b833e01fe1c084d1f286b573ff6d8d36
/Users/mic/Downloads/20250930/sz300532.csv,sz300532.csv,sz,300532,2016-08-18,2025-09-30,2216,213192,True,utf-8,36060ca25e8b5b21ed55c06f0a5e99d28fe14217bd73c578ded6b8abec70e4da
/Users/mic/Downloads/20250930/sz300254.csv,sz300254.csv,sz,300254,2011-08-19,2025-09-30,3335,321691,True,utf-8,5271b51bd388b90cf87eb561faf8d7adccdc1e48a9fa50eff135e6d66a67b755
/Users/mic/Downloads/20250930/sz002389.csv,sz002389.csv,sz,002389,2010-04-13,2025-09-30,3479,340808,True,utf-8,a813cd3c3c0a713fe830b1cab29f65302fabb5998d6e7903a1ebe5b4d81d1ac2
/Users/mic/Downloads/20250930/sz300240.csv,sz300240.csv,sz,300240,2011-07-06,2025-09-30,3310,314601,True,utf-8,c3c50b8ab415ed3ff3dcee8c879d722fa13460b57d1470886fcfba2c3639dfd3
/Users/mic/Downloads/20250930/bj834765.csv,bj834765.csv,bj,834765,2016-03-25,2025-09-30,1186,109480,True,utf-8,7a0df43cb7999d6ca49f13861d2103f4a8efc990e9b3dcf5e678bbd02dadc676
/Users/mic/Downloads/20250930/sh603861.csv,sh603861.csv,sh,603861,2016-03-22,2025-09-30,2237,215505,True,utf-8,1ce9f667f18feeb33fc89857320e369c2fb887e11e418d2435bea2c1304de5a5
/Users/mic/Downloads/20250930/sz002404.csv,sz002404.csv,sz,002404,2010-05-11,2025-09-30,3696,352707,True,utf-8,dcdc5e6bf82ebace317dad455c70c2a3a393c70315ed5f45696bba8ac3e75b70
/Users/mic/Downloads/20250930/sh688107.csv,sh688107.csv,sh,688107,2021-11-12,2025-09-30,945,92746,True,utf-8,32e2696e187f471ea960e117d1ad04f7c470da4b43a8e8f18a5e13dc5cbfcfba
/Users/mic/Downloads/20250930/sh688661.csv,sh688661.csv,sh,688661,2021-03-29,2025-09-30,1097,105963,True,utf-8,aa6b5763cbb8959b2fdb506959ae04cf5a0f93893021cc962e6a1b931f4ca4b1
/Users/mic/Downloads/20250930/sz002362.csv,sz002362.csv,sz,002362,2010-03-03,2025-09-30,3782,372105,True,utf-8,204b4578ead3e211b35c2dd6636bff8e7322c09805e67bc896c6f505f6f7e589
/Users/mic/Downloads/20250930/sz002376.csv,sz002376.csv,sz,002376,2010-03-23,2025-09-30,3699,355156,True,utf-8,bdfe8f98014d791c1082b8fa4ce2680b8103f886dcf2e50f786061e984aea74f
/Users/mic/Downloads/20250930/sz000561.csv,sz000561.csv,sz,000561,1994-05-09,2025-09-30,6912,657914,True,utf-8,e154b532332ab9d231f38dbc4b21fef34c2b0efc92dbf89ec5f96904764047b5
/Users/mic/Downloads/20250930/sh603120.csv,sh603120.csv,sh,603120,2025-04-16,2025-09-30,116,11252,True,utf-8,d6fc66a5b4af2d2589177deef078817a72d9cf9349ed965b91fd9d2e663d94fb
/Users/mic/Downloads/20250930/sh688113.csv,sh688113.csv,sh,688113,2021-05-06,2025-09-30,1073,103069,True,utf-8,6186329023fa112605ca0d9350901a36f0260b74f979700e28ffe21af33be134
/Users/mic/Downloads/20250930/bj870866.csv,bj870866.csv,bj,870866,2022-12-09,2025-09-30,683,63295,True,utf-8,dbba6a6319cf8360cff2e4bf9edd9590713be400e13576bdd3483eb61c8d3c9e
/Users/mic/Downloads/20250930/sz002410.csv,sz002410.csv,sz,002410,2010-05-25,2025-09-30,3687,365405,True,utf-8,9003832f77f4519b72a871a8426f83d78279688164c24f9a8f0ed5e06bf31d2a
/Users/mic/Downloads/20250930/sh600429.csv,sh600429.csv,sh,600429,2003-09-15,2025-09-30,5092,482388,True,utf-8,96725977bc1352a2b28b8f8a0ec16261b2124b352e315642533fa7ee6a94fa99
/Users/mic/Downloads/20250930/sh603108.csv,sh603108.csv,sh,603108,2015-05-27,2025-09-30,2382,234084,True,utf-8,c3230c7a41853e1e1b448d3197263c0c67864f9d057c870b03d58f9529d4bff0
/Users/mic/Downloads/20250930/sz002438.csv,sz002438.csv,sz,002438,2010-06-23,2025-09-30,3586,346355,True,utf-8,aca30353427a95a46426ad1413ac95376490a96090473b9ef9f7aff81175cb32
/Users/mic/Downloads/20250930/sh600367.csv,sh600367.csv,sh,600367,2001-03-20,2025-09-30,5917,568158,True,utf-8,c3b6915d78757a138f1b017b9a723447233d9c0b9d8a8e37606321d3627b7034
/Users/mic/Downloads/20250930/sz301189.csv,sz301189.csv,sz,301189,2021-12-28,2025-09-30,913,87691,True,utf-8,6f3174769a5a1b9ce224641b9774fc8f027e1541be1401245fab8a98f3e72d41
/Users/mic/Downloads/20250930/sz003040.csv,sz003040.csv,sz,003040,2021-03-22,2025-09-30,1102,111518,True,utf-8,c9932bd630113f075c69cfcf247a74f830d90981d89c2c846d322641a38e62de
/Users/mic/Downloads/20250930/sh600373.csv,sh600373.csv,sh,600373,2002-03-04,2025-09-30,5479,523287,True,utf-8,0f86101e8848ace12722edd6d9c5239ef83b20f50d38125292b8725d31c2dd13
/Users/mic/Downloads/20250930/sz300283.csv,sz300283.csv,sz,300283,2012-01-10,2025-09-30,3294,310766,True,utf-8,5c866fb7611ee55ff3dd90c2a2b10865c9a4ae0c55af1a1aca198feee609c1f3
/Users/mic/Downloads/20250930/sh600415.csv,sh600415.csv,sh,600415,2002-05-09,2025-09-30,5556,535874,True,utf-8,9ac2afcd87b99935d9aa1919bf438316b8f7487f02bfe39570206fe8ab13b193
